codigo7;nome;uf;regiao;codigo_regiao_imediata;regiao_imediata;codigo_regiao_intermediaria;regiao_intermediaria;codigo_regiao_saude;regiao_saude;codigo_macrorregiao_saude;macrorregiao_saude
1100015;Alta Floresta D'Oeste;RO;Norte;110005;Cacoal;1102;Ji-Paraná;11005;Zona da Mata;1101;MACRORREGIONAL II (CACOAL)
1100023;Ariquemes;RO;Norte;110002;Ariquemes;1101;Porto Velho;11001;Vale do Jamari;1102;MACRORREGIAO I - PORTO VELHO
1100031;Cabixi;RO;Norte;110006;Vilhena;1102;Ji-Paraná;11006;Cone Sul;1101;MACRORREGIONAL II (CACOAL)
1100049;Cacoal;RO;Norte;110005;Cacoal;1102;Ji-Paraná;11002;Café;1101;MACRORREGIONAL II (CACOAL)
1100056;Cerejeiras;RO;Norte;110006;Vilhena;1102;Ji-Paraná;11006;Cone Sul;1101;MACRORREGIONAL II (CACOAL)
1100064;Colorado do Oeste;RO;Norte;110006;Vilhena;1102;Ji-Paraná;11006;Cone Sul;1101;MACRORREGIONAL II (CACOAL)
1100072;Corumbiara;RO;Norte;110006;Vilhena;1102;Ji-Paraná;11006;Cone Sul;1101;MACRORREGIONAL II (CACOAL)
1100080;Costa Marques;RO;Norte;110004;Ji-Paraná;1102;Ji-Paraná;11007;Vale do Guaporé;1101;MACRORREGIONAL II (CACOAL)
1100098;Espigão D'Oeste;RO;Norte;110005;Cacoal;1102;Ji-Paraná;11002;Café;1101;MACRORREGIONAL II (CACOAL)
1100106;Guajará-Mirim;RO;Norte;110001;Porto Velho;1101;Porto Velho;11004;Madeira-Mamoré;1102;MACRORREGIAO I - PORTO VELHO
1100114;Jaru;RO;Norte;110003;Jaru;1101;Porto Velho;11003;Central;1102;MACRORREGIAO I - PORTO VELHO
1100122;Ji-Paraná;RO;Norte;110004;Ji-Paraná;1102;Ji-Paraná;11003;Central;1101;MACRORREGIONAL II (CACOAL)
1100130;Machadinho D'Oeste;RO;Norte;110003;Jaru;1101;Porto Velho;11001;Vale do Jamari;1102;MACRORREGIAO I - PORTO VELHO
1100148;Nova Brasilândia D'Oeste;RO;Norte;110005;Cacoal;1102;Ji-Paraná;11005;Zona da Mata;1101;MACRORREGIONAL II (CACOAL)
1100155;Ouro Preto do Oeste;RO;Norte;110004;Ji-Paraná;1102;Ji-Paraná;11003;Central;1101;MACRORREGIONAL II (CACOAL)
1100189;Pimenta Bueno;RO;Norte;110005;Cacoal;1102;Ji-Paraná;11002;Café;1101;MACRORREGIONAL II (CACOAL)
1100205;Porto Velho;RO;Norte;110001;Porto Velho;1101;Porto Velho;11004;Madeira-Mamoré;1102;MACRORREGIAO I - PORTO VELHO
1100254;Presidente Médici;RO;Norte;110004;Ji-Paraná;1102;Ji-Paraná;11003;Central;1101;MACRORREGIONAL II (CACOAL)
1100262;Rio Crespo;RO;Norte;110002;Ariquemes;1101;Porto Velho;11001;Vale do Jamari;1102;MACRORREGIAO I - PORTO VELHO
1100288;Rolim de Moura;RO;Norte;110005;Cacoal;1102;Ji-Paraná;11005;Zona da Mata;1101;MACRORREGIONAL II (CACOAL)
1100296;Santa Luzia D'Oeste;RO;Norte;110005;Cacoal;1102;Ji-Paraná;11005;Zona da Mata;1101;MACRORREGIONAL II (CACOAL)
1100304;Vilhena;RO;Norte;110006;Vilhena;1102;Ji-Paraná;11006;Cone Sul;1101;MACRORREGIONAL II (CACOAL)
1100320;São Miguel do Guaporé;RO;Norte;110004;Ji-Paraná;1102;Ji-Paraná;11003;Central;1101;MACRORREGIONAL II (CACOAL)
1100338;Nova Mamoré;RO;Norte;110001;Porto Velho;1101;Porto Velho;11004;Madeira-Mamoré;1102;MACRORREGIAO I - PORTO VELHO
1100346;Alvorada D'Oeste;RO;Norte;110004;Ji-Paraná;1102;Ji-Paraná;11003;Central;1101;MACRORREGIONAL II (CACOAL)
1100379;Alto Alegre dos Parecis;RO;Norte;110005;Cacoal;1102;Ji-Paraná;11005;Zona da Mata;1101;MACRORREGIONAL II (CACOAL)
1100403;Alto Paraíso;RO;Norte;110002;Ariquemes;1101;Porto Velho;11001;Vale do Jamari;1102;MACRORREGIAO I - PORTO VELHO
1100452;Buritis;RO;Norte;110002;Ariquemes;1101;Porto Velho;11001;Vale do Jamari;1102;MACRORREGIAO I - PORTO VELHO
1100502;Novo Horizonte do Oeste;RO;Norte;110005;Cacoal;1102;Ji-Paraná;11005;Zona da Mata;1101;MACRORREGIONAL II (CACOAL)
1100601;Cacaulândia;RO;Norte;110002;Ariquemes;1101;Porto Velho;11001;Vale do Jamari;1102;MACRORREGIAO I - PORTO VELHO
1100700;Campo Novo de Rondônia;RO;Norte;110002;Ariquemes;1101;Porto Velho;11001;Vale do Jamari;1102;MACRORREGIAO I - PORTO VELHO
1100809;Candeias do Jamari;RO;Norte;110001;Porto Velho;1101;Porto Velho;11004;Madeira-Mamoré;1102;MACRORREGIAO I - PORTO VELHO
1100908;Castanheiras;RO;Norte;110005;Cacoal;1102;Ji-Paraná;11005;Zona da Mata;1101;MACRORREGIONAL II (CACOAL)
1100924;Chupinguaia;RO;Norte;110006;Vilhena;1102;Ji-Paraná;11006;Cone Sul;1101;MACRORREGIONAL II (CACOAL)
1100940;Cujubim;RO;Norte;110002;Ariquemes;1101;Porto Velho;11001;Vale do Jamari;1102;MACRORREGIAO I - PORTO VELHO
1101005;Governador Jorge Teixeira;RO;Norte;110003;Jaru;1101;Porto Velho;11003;Central;1102;MACRORREGIAO I - PORTO VELHO
1101104;Itapuã do Oeste;RO;Norte;110001;Porto Velho;1101;Porto Velho;11004;Madeira-Mamoré;1102;MACRORREGIAO I - PORTO VELHO
1101203;Ministro Andreazza;RO;Norte;110005;Cacoal;1102;Ji-Paraná;11002;Café;1101;MACRORREGIONAL II (CACOAL)
1101302;Mirante da Serra;RO;Norte;110004;Ji-Paraná;1102;Ji-Paraná;11003;Central;1101;MACRORREGIONAL II (CACOAL)
1101401;Monte Negro;RO;Norte;110002;Ariquemes;1101;Porto Velho;11001;Vale do Jamari;1102;MACRORREGIAO I - PORTO VELHO
1101435;Nova União;RO;Norte;110004;Ji-Paraná;1102;Ji-Paraná;11003;Central;1101;MACRORREGIONAL II (CACOAL)
1101450;Parecis;RO;Norte;110005;Cacoal;1102;Ji-Paraná;11005;Zona da Mata;1101;MACRORREGIONAL II (CACOAL)
1101468;Pimenteiras do Oeste;RO;Norte;110006;Vilhena;1102;Ji-Paraná;11006;Cone Sul;1101;MACRORREGIONAL II (CACOAL)
1101476;Primavera de Rondônia;RO;Norte;110005;Cacoal;1102;Ji-Paraná;11002;Café;1101;MACRORREGIONAL II (CACOAL)
1101484;São Felipe D'Oeste;RO;Norte;110005;Cacoal;1102;Ji-Paraná;11002;Café;1101;MACRORREGIONAL II (CACOAL)
1101492;São Francisco do Guaporé;RO;Norte;110004;Ji-Paraná;1102;Ji-Paraná;11007;Vale do Guaporé;1101;MACRORREGIONAL II (CACOAL)
1101500;Seringueiras;RO;Norte;110004;Ji-Paraná;1102;Ji-Paraná;11007;Vale do Guaporé;1101;MACRORREGIONAL II (CACOAL)
1101559;Teixeirópolis;RO;Norte;110004;Ji-Paraná;1102;Ji-Paraná;11003;Central;1101;MACRORREGIONAL II (CACOAL)
1101609;Theobroma;RO;Norte;110003;Jaru;1101;Porto Velho;11003;Central;1102;MACRORREGIAO I - PORTO VELHO
1101708;Urupá;RO;Norte;110004;Ji-Paraná;1102;Ji-Paraná;11003;Central;1101;MACRORREGIONAL II (CACOAL)
1101757;Vale do Anari;RO;Norte;110003;Jaru;1101;Porto Velho;11003;Central;1102;MACRORREGIAO I - PORTO VELHO
1101807;Vale do Paraíso;RO;Norte;110004;Ji-Paraná;1102;Ji-Paraná;11003;Central;1101;MACRORREGIONAL II (CACOAL)
1200013;Acrelândia;AC;Norte;120001;Rio Branco;1201;Rio Branco;12002;Baixo Acre e Purus;1201;MACRO UNICA - AC
1200054;Assis Brasil;AC;Norte;120002;Brasiléia;1201;Rio Branco;12001;Alto Acre;1201;MACRO UNICA - AC
1200104;Brasiléia;AC;Norte;120002;Brasiléia;1201;Rio Branco;12001;Alto Acre;1201;MACRO UNICA - AC
1200138;Bujari;AC;Norte;120001;Rio Branco;1201;Rio Branco;12002;Baixo Acre e Purus;1201;MACRO UNICA - AC
1200179;Capixaba;AC;Norte;120001;Rio Branco;1201;Rio Branco;12002;Baixo Acre e Purus;1201;MACRO UNICA - AC
1200203;Cruzeiro do Sul;AC;Norte;120004;Cruzeiro do Sul;1202;Cruzeiro do Sul;12003;Juruá e Tarauacá/Envira;1201;MACRO UNICA - AC
1200252;Epitaciolândia;AC;Norte;120002;Brasiléia;1201;Rio Branco;12001;Alto Acre;1201;MACRO UNICA - AC
1200302;Feijó;AC;Norte;120005;Tarauacá;1202;Cruzeiro do Sul;12003;Juruá e Tarauacá/Envira;1201;MACRO UNICA - AC
1200328;Jordão;AC;Norte;120005;Tarauacá;1202;Cruzeiro do Sul;12002;Baixo Acre e Purus;1201;MACRO UNICA - AC
1200336;Mâncio Lima;AC;Norte;120004;Cruzeiro do Sul;1202;Cruzeiro do Sul;12003;Juruá e Tarauacá/Envira;1201;MACRO UNICA - AC
1200344;Manoel Urbano;AC;Norte;120003;Sena Madureira;1201;Rio Branco;12002;Baixo Acre e Purus;1201;MACRO UNICA - AC
1200351;Marechal Thaumaturgo;AC;Norte;120004;Cruzeiro do Sul;1202;Cruzeiro do Sul;12003;Juruá e Tarauacá/Envira;1201;MACRO UNICA - AC
1200385;Plácido de Castro;AC;Norte;120001;Rio Branco;1201;Rio Branco;12002;Baixo Acre e Purus;1201;MACRO UNICA - AC
1200393;Porto Walter;AC;Norte;120004;Cruzeiro do Sul;1202;Cruzeiro do Sul;12003;Juruá e Tarauacá/Envira;1201;MACRO UNICA - AC
1200401;Rio Branco;AC;Norte;120001;Rio Branco;1201;Rio Branco;12002;Baixo Acre e Purus;1201;MACRO UNICA - AC
1200427;Rodrigues Alves;AC;Norte;120004;Cruzeiro do Sul;1202;Cruzeiro do Sul;12003;Juruá e Tarauacá/Envira;1201;MACRO UNICA - AC
1200435;Santa Rosa do Purus;AC;Norte;120003;Sena Madureira;1201;Rio Branco;12002;Baixo Acre e Purus;1201;MACRO UNICA - AC
1200450;Senador Guiomard;AC;Norte;120001;Rio Branco;1201;Rio Branco;12002;Baixo Acre e Purus;1201;MACRO UNICA - AC
1200500;Sena Madureira;AC;Norte;120003;Sena Madureira;1201;Rio Branco;12002;Baixo Acre e Purus;1201;MACRO UNICA - AC
1200609;Tarauacá;AC;Norte;120005;Tarauacá;1202;Cruzeiro do Sul;12003;Juruá e Tarauacá/Envira;1201;MACRO UNICA - AC
1200708;Xapuri;AC;Norte;120002;Brasiléia;1201;Rio Branco;12001;Alto Acre;1201;MACRO UNICA - AC
1200807;Porto Acre;AC;Norte;120001;Rio Branco;1201;Rio Branco;12002;Baixo Acre e Purus;1201;MACRO UNICA - AC
1300029;Alvarães;AM;Norte;130005;Tefé;1302;Tefé;13008;Triângulo;1302;OESTE
1300060;Amaturá;AM;Norte;130006;Tabatinga;1302;Tefé;13009;Alto Solimões;1302;OESTE
1300086;Anamã;AM;Norte;130004;Manacapuru;1301;Manaus;13002;Rio Negro e Solimões;1304;CENTRAL
1300102;Anori;AM;Norte;130003;Coari;1301;Manaus;13002;Rio Negro e Solimões;1304;CENTRAL
1300144;Apuí;AM;Norte;130009;Manicoré;1303;Lábrea;13003;Rio Madeira;1303;LESTE
1300201;Atalaia do Norte;AM;Norte;130006;Tabatinga;1302;Tefé;13009;Alto Solimões;1302;OESTE
1300300;Autazes;AM;Norte;130001;Manaus;1301;Manaus;13001;Manaus, Entorno e Alto Rio Negro;1304;CENTRAL
1300409;Barcelos;AM;Norte;130002;São Gabriel da Cachoeira;1301;Manaus;13001;Manaus, Entorno e Alto Rio Negro;1304;CENTRAL
1300508;Barreirinha;AM;Norte;130010;Parintins;1304;Parintins;13005;Baixo Amazonas;1303;LESTE
1300607;Benjamin Constant;AM;Norte;130006;Tabatinga;1302;Tefé;13009;Alto Solimões;1302;OESTE
1300631;Beruri;AM;Norte;130003;Coari;1301;Manaus;13002;Rio Negro e Solimões;1304;CENTRAL
1300680;Boa Vista do Ramos;AM;Norte;130010;Parintins;1304;Parintins;13005;Baixo Amazonas;1303;LESTE
1300706;Boca do Acre;AM;Norte;130008;Lábrea;1303;Lábrea;13006;Regional Purus;1304;CENTRAL
1300805;Borba;AM;Norte;130001;Manaus;1301;Manaus;13003;Rio Madeira;1303;LESTE
1300839;Caapiranga;AM;Norte;130004;Manacapuru;1301;Manaus;13002;Rio Negro e Solimões;1304;CENTRAL
1300904;Canutama;AM;Norte;130008;Lábrea;1303;Lábrea;13006;Regional Purus;1304;CENTRAL
1301001;Carauari;AM;Norte;130005;Tefé;1302;Tefé;13007;Regional Juruá;1302;OESTE
1301100;Careiro;AM;Norte;130001;Manaus;1301;Manaus;13001;Manaus, Entorno e Alto Rio Negro;1304;CENTRAL
1301159;Careiro da Várzea;AM;Norte;130001;Manaus;1301;Manaus;13001;Manaus, Entorno e Alto Rio Negro;1304;CENTRAL
1301209;Coari;AM;Norte;130003;Coari;1301;Manaus;13002;Rio Negro e Solimões;1304;CENTRAL
1301308;Codajás;AM;Norte;130003;Coari;1301;Manaus;13002;Rio Negro e Solimões;1304;CENTRAL
1301407;Eirunepé;AM;Norte;130007;Eirunepé;1302;Tefé;13007;Regional Juruá;1302;OESTE
1301506;Envira;AM;Norte;130007;Eirunepé;1302;Tefé;13007;Regional Juruá;1302;OESTE
1301605;Fonte Boa;AM;Norte;130005;Tefé;1302;Tefé;13009;Alto Solimões;1302;OESTE
1301654;Guajará;AM;Norte;130007;Eirunepé;1302;Tefé;13007;Regional Juruá;1302;OESTE
1301704;Humaitá;AM;Norte;130009;Manicoré;1303;Lábrea;13003;Rio Madeira;1303;LESTE
1301803;Ipixuna;AM;Norte;130007;Eirunepé;1302;Tefé;13007;Regional Juruá;1302;OESTE
1301852;Iranduba;AM;Norte;130001;Manaus;1301;Manaus;13001;Manaus, Entorno e Alto Rio Negro;1304;CENTRAL
1301902;Itacoatiara;AM;Norte;130011;Itacoatiara;1304;Parintins;13004;Médio Amazonas;1303;LESTE
1301951;Itamarati;AM;Norte;130007;Eirunepé;1302;Tefé;13007;Regional Juruá;1302;OESTE
1302009;Itapiranga;AM;Norte;130011;Itacoatiara;1304;Parintins;13004;Médio Amazonas;1303;LESTE
1302108;Japurá;AM;Norte;130005;Tefé;1302;Tefé;13008;Triângulo;1302;OESTE
1302207;Juruá;AM;Norte;130005;Tefé;1302;Tefé;13008;Triângulo;1302;OESTE
1302306;Jutaí;AM;Norte;130005;Tefé;1302;Tefé;13009;Alto Solimões;1302;OESTE
1302405;Lábrea;AM;Norte;130008;Lábrea;1303;Lábrea;13006;Regional Purus;1304;CENTRAL
1302504;Manacapuru;AM;Norte;130004;Manacapuru;1301;Manaus;13002;Rio Negro e Solimões;1304;CENTRAL
1302553;Manaquiri;AM;Norte;130001;Manaus;1301;Manaus;13001;Manaus, Entorno e Alto Rio Negro;1304;CENTRAL
1302603;Manaus;AM;Norte;130001;Manaus;1301;Manaus;13001;Manaus, Entorno e Alto Rio Negro;1304;CENTRAL
1302702;Manicoré;AM;Norte;130009;Manicoré;1303;Lábrea;13003;Rio Madeira;1303;LESTE
1302801;Maraã;AM;Norte;130005;Tefé;1302;Tefé;13008;Triângulo;1302;OESTE
1302900;Maués;AM;Norte;130010;Parintins;1304;Parintins;13005;Baixo Amazonas;1303;LESTE
1303007;Nhamundá;AM;Norte;130010;Parintins;1304;Parintins;13005;Baixo Amazonas;1303;LESTE
1303106;Nova Olinda do Norte;AM;Norte;130001;Manaus;1301;Manaus;13001;Manaus, Entorno e Alto Rio Negro;1304;CENTRAL
1303205;Novo Airão;AM;Norte;130004;Manacapuru;1301;Manaus;13002;Rio Negro e Solimões;1304;CENTRAL
1303304;Novo Aripuanã;AM;Norte;130009;Manicoré;1303;Lábrea;13003;Rio Madeira;1303;LESTE
1303403;Parintins;AM;Norte;130010;Parintins;1304;Parintins;13005;Baixo Amazonas;1303;LESTE
1303502;Pauini;AM;Norte;130008;Lábrea;1303;Lábrea;13006;Regional Purus;1304;CENTRAL
1303536;Presidente Figueiredo;AM;Norte;130001;Manaus;1301;Manaus;13001;Manaus, Entorno e Alto Rio Negro;1304;CENTRAL
1303569;Rio Preto da Eva;AM;Norte;130001;Manaus;1301;Manaus;13001;Manaus, Entorno e Alto Rio Negro;1304;CENTRAL
1303601;Santa Isabel do Rio Negro;AM;Norte;130002;São Gabriel da Cachoeira;1301;Manaus;13001;Manaus, Entorno e Alto Rio Negro;1304;CENTRAL
1303700;Santo Antônio do Içá;AM;Norte;130006;Tabatinga;1302;Tefé;13009;Alto Solimões;1302;OESTE
1303809;São Gabriel da Cachoeira;AM;Norte;130002;São Gabriel da Cachoeira;1301;Manaus;13001;Manaus, Entorno e Alto Rio Negro;1304;CENTRAL
1303908;São Paulo de Olivença;AM;Norte;130006;Tabatinga;1302;Tefé;13009;Alto Solimões;1302;OESTE
1303957;São Sebastião do Uatumã;AM;Norte;130011;Itacoatiara;1304;Parintins;13004;Médio Amazonas;1303;LESTE
1304005;Silves;AM;Norte;130011;Itacoatiara;1304;Parintins;13004;Médio Amazonas;1303;LESTE
1304062;Tabatinga;AM;Norte;130006;Tabatinga;1302;Tefé;13009;Alto Solimões;1302;OESTE
1304104;Tapauá;AM;Norte;130008;Lábrea;1303;Lábrea;13006;Regional Purus;1304;CENTRAL
1304203;Tefé;AM;Norte;130005;Tefé;1302;Tefé;13008;Triângulo;1302;OESTE
1304237;Tonantins;AM;Norte;130006;Tabatinga;1302;Tefé;13009;Alto Solimões;1302;OESTE
1304260;Uarini;AM;Norte;130005;Tefé;1302;Tefé;13008;Triângulo;1302;OESTE
1304302;Urucará;AM;Norte;130011;Itacoatiara;1304;Parintins;13004;Médio Amazonas;1303;LESTE
1304401;Urucurituba;AM;Norte;130011;Itacoatiara;1304;Parintins;13004;Médio Amazonas;1303;LESTE
1400027;Amajari;RR;Norte;140002;Pacaraima;1401;Boa Vista;14001;Centro Norte;1401;MACRO-RORAIMA
1400050;Alto Alegre;RR;Norte;140001;Boa Vista;1401;Boa Vista;14001;Centro Norte;1401;MACRO-RORAIMA
1400100;Boa Vista;RR;Norte;140001;Boa Vista;1401;Boa Vista;14001;Centro Norte;1401;MACRO-RORAIMA
1400159;Bonfim;RR;Norte;140001;Boa Vista;1401;Boa Vista;14001;Centro Norte;1401;MACRO-RORAIMA
1400175;Cantá;RR;Norte;140001;Boa Vista;1401;Boa Vista;14001;Centro Norte;1401;MACRO-RORAIMA
1400209;Caracaraí;RR;Norte;140004;Caracaraí;1402;Rorainópolis - Caracaraí;14002;Sul;1401;MACRO-RORAIMA
1400233;Caroebe;RR;Norte;140003;Rorainópolis;1402;Rorainópolis - Caracaraí;14002;Sul;1401;MACRO-RORAIMA
1400282;Iracema;RR;Norte;140004;Caracaraí;1402;Rorainópolis - Caracaraí;14002;Sul;1401;MACRO-RORAIMA
1400308;Mucajaí;RR;Norte;140001;Boa Vista;1401;Boa Vista;14001;Centro Norte;1401;MACRO-RORAIMA
1400407;Normandia;RR;Norte;140002;Pacaraima;1401;Boa Vista;14001;Centro Norte;1401;MACRO-RORAIMA
1400456;Pacaraima;RR;Norte;140002;Pacaraima;1401;Boa Vista;14001;Centro Norte;1401;MACRO-RORAIMA
1400472;Rorainópolis;RR;Norte;140003;Rorainópolis;1402;Rorainópolis - Caracaraí;14002;Sul;1401;MACRO-RORAIMA
1400506;São João da Baliza;RR;Norte;140003;Rorainópolis;1402;Rorainópolis - Caracaraí;14002;Sul;1401;MACRO-RORAIMA
1400605;São Luiz do Anauá;RR;Norte;140003;Rorainópolis;1402;Rorainópolis - Caracaraí;14002;Sul;1401;MACRO-RORAIMA
1400704;Uiramutã;RR;Norte;140002;Pacaraima;1401;Boa Vista;14001;Centro Norte;1401;MACRO-RORAIMA
1500107;Abaetetuba;PA;Norte;150003;Abaetetuba;1501;Belém;15011;Tocantins;1512;MACRORREGIONAL I
1500131;Abel Figueiredo;PA;Norte;150009;Marabá;1503;Marabá;15003;Carajás;1509;MACRORREGIONAL IV
1500206;Acará;PA;Norte;150001;Belém;1501;Belém;15007;Metropolitana II;1511;MACRORREGIONAL II
1500305;Afuá;PA;Norte;150020;Breves;1507;Breves;15013;Marajó I;1512;MACRORREGIONAL I
1500347;Água Azul do Norte;PA;Norte;150014;Xinguara;1504;Redenção;15001;Araguaia;1509;MACRORREGIONAL IV
1500404;Alenquer;PA;Norte;150015;Santarém;1505;Santarém;15002;Baixo Amazonas;1510;MACRORREGIONAL III
1500503;Almeirim;PA;Norte;150019;Almeirim - Porto de Moz;1506;Altamira;15002;Baixo Amazonas;1510;MACRORREGIONAL III
1500602;Altamira;PA;Norte;150018;Altamira;1506;Altamira;15012;Xingu;1510;MACRORREGIONAL III
1500701;Anajás;PA;Norte;150020;Breves;1507;Breves;15014;Marajó II;1512;MACRORREGIONAL I
1500800;Ananindeua;PA;Norte;150001;Belém;1501;Belém;15006;Metropolitana I;1512;MACRORREGIONAL I
1500859;Anapu;PA;Norte;150018;Altamira;1506;Altamira;15012;Xingu;1510;MACRORREGIONAL III
1500909;Augusto Corrêa;PA;Norte;150005;Bragança;1502;Castanhal;15009;Rio Caetés;1511;MACRORREGIONAL II
1500958;Aurora do Pará;PA;Norte;150007;Paragominas;1502;Castanhal;15008;Metropolitana III;1511;MACRORREGIONAL II
1501006;Aveiro;PA;Norte;150016;Itaituba;1505;Santarém;15010;Tapajós;1510;MACRORREGIONAL III
1501105;Bagre;PA;Norte;150020;Breves;1507;Breves;15014;Marajó II;1512;MACRORREGIONAL I
1501204;Baião;PA;Norte;150011;Tucuruí;1503;Marabá;15011;Tocantins;1512;MACRORREGIONAL I
1501253;Bannach;PA;Norte;150012;Redenção;1504;Redenção;15001;Araguaia;1509;MACRORREGIONAL IV
1501303;Barcarena;PA;Norte;150001;Belém;1501;Belém;15011;Tocantins;1512;MACRORREGIONAL I
1501402;Belém;PA;Norte;150001;Belém;1501;Belém;15006;Metropolitana I;1512;MACRORREGIONAL I
1501451;Belterra;PA;Norte;150015;Santarém;1505;Santarém;15002;Baixo Amazonas;1510;MACRORREGIONAL III
1501501;Benevides;PA;Norte;150001;Belém;1501;Belém;15006;Metropolitana I;1512;MACRORREGIONAL I
1501576;Bom Jesus do Tocantins;PA;Norte;150009;Marabá;1503;Marabá;15003;Carajás;1509;MACRORREGIONAL IV
1501600;Bonito;PA;Norte;150006;Capanema;1502;Castanhal;15009;Rio Caetés;1511;MACRORREGIONAL II
1501709;Bragança;PA;Norte;150005;Bragança;1502;Castanhal;15009;Rio Caetés;1511;MACRORREGIONAL II
1501725;Brasil Novo;PA;Norte;150018;Altamira;1506;Altamira;15012;Xingu;1510;MACRORREGIONAL III
1501758;Brejo Grande do Araguaia;PA;Norte;150009;Marabá;1503;Marabá;15003;Carajás;1509;MACRORREGIONAL IV
1501782;Breu Branco;PA;Norte;150011;Tucuruí;1503;Marabá;15004;Lago de Tucuruí;1509;MACRORREGIONAL IV
1501808;Breves;PA;Norte;150020;Breves;1507;Breves;15014;Marajó II;1512;MACRORREGIONAL I
1501907;Bujaru;PA;Norte;150001;Belém;1501;Belém;15007;Metropolitana II;1511;MACRORREGIONAL II
1501956;Cachoeira do Piriá;PA;Norte;150005;Bragança;1502;Castanhal;15009;Rio Caetés;1511;MACRORREGIONAL II
1502004;Cachoeira do Arari;PA;Norte;150021;Soure-Salvaterra;1507;Breves;15013;Marajó I;1512;MACRORREGIONAL I
1502103;Cametá;PA;Norte;150002;Cametá;1501;Belém;15011;Tocantins;1512;MACRORREGIONAL I
1502152;Canaã dos Carajás;PA;Norte;150010;Parauapebas;1503;Marabá;15003;Carajás;1509;MACRORREGIONAL IV
1502202;Capanema;PA;Norte;150006;Capanema;1502;Castanhal;15009;Rio Caetés;1511;MACRORREGIONAL II
1502301;Capitão Poço;PA;Norte;150008;Capitão Poço;1502;Castanhal;15008;Metropolitana III;1511;MACRORREGIONAL II
1502400;Castanhal;PA;Norte;150004;Castanhal;1502;Castanhal;15008;Metropolitana III;1511;MACRORREGIONAL II
1502509;Chaves;PA;Norte;150020;Breves;1507;Breves;15013;Marajó I;1512;MACRORREGIONAL I
1502608;Colares;PA;Norte;150001;Belém;1501;Belém;15007;Metropolitana II;1511;MACRORREGIONAL II
1502707;Conceição do Araguaia;PA;Norte;150012;Redenção;1504;Redenção;15001;Araguaia;1509;MACRORREGIONAL IV
1502756;Concórdia do Pará;PA;Norte;150001;Belém;1501;Belém;15007;Metropolitana II;1511;MACRORREGIONAL II
1502764;Cumaru do Norte;PA;Norte;150012;Redenção;1504;Redenção;15001;Araguaia;1509;MACRORREGIONAL IV
1502772;Curionópolis;PA;Norte;150010;Parauapebas;1503;Marabá;15003;Carajás;1509;MACRORREGIONAL IV
1502806;Curralinho;PA;Norte;150020;Breves;1507;Breves;15014;Marajó II;1512;MACRORREGIONAL I
1502855;Curuá;PA;Norte;150017;Oriximiná;1505;Santarém;15002;Baixo Amazonas;1510;MACRORREGIONAL III
1502905;Curuçá;PA;Norte;150004;Castanhal;1502;Castanhal;15008;Metropolitana III;1511;MACRORREGIONAL II
1502939;Dom Eliseu;PA;Norte;150007;Paragominas;1502;Castanhal;15003;Carajás;1509;MACRORREGIONAL IV
1502954;Eldorado do Carajás;PA;Norte;150010;Parauapebas;1503;Marabá;15003;Carajás;1509;MACRORREGIONAL IV
1503002;Faro;PA;Norte;150017;Oriximiná;1505;Santarém;15002;Baixo Amazonas;1510;MACRORREGIONAL III
1503044;Floresta do Araguaia;PA;Norte;150012;Redenção;1504;Redenção;15001;Araguaia;1509;MACRORREGIONAL IV
1503077;Garrafão do Norte;PA;Norte;150008;Capitão Poço;1502;Castanhal;15008;Metropolitana III;1511;MACRORREGIONAL II
1503093;Goianésia do Pará;PA;Norte;150011;Tucuruí;1503;Marabá;15004;Lago de Tucuruí;1509;MACRORREGIONAL IV
1503101;Gurupá;PA;Norte;150020;Breves;1507;Breves;15014;Marajó II;1512;MACRORREGIONAL I
1503200;Igarapé-Açu;PA;Norte;150004;Castanhal;1502;Castanhal;15008;Metropolitana III;1511;MACRORREGIONAL II
1503309;Igarapé-Miri;PA;Norte;150003;Abaetetuba;1501;Belém;15011;Tocantins;1512;MACRORREGIONAL I
1503408;Inhangapi;PA;Norte;150004;Castanhal;1502;Castanhal;15008;Metropolitana III;1511;MACRORREGIONAL II
1503457;Ipixuna do Pará;PA;Norte;150007;Paragominas;1502;Castanhal;15008;Metropolitana III;1511;MACRORREGIONAL II
1503507;Irituia;PA;Norte;150004;Castanhal;1502;Castanhal;15008;Metropolitana III;1511;MACRORREGIONAL II
1503606;Itaituba;PA;Norte;150016;Itaituba;1505;Santarém;15010;Tapajós;1510;MACRORREGIONAL III
1503705;Itupiranga;PA;Norte;150009;Marabá;1503;Marabá;15003;Carajás;1509;MACRORREGIONAL IV
1503754;Jacareacanga;PA;Norte;150016;Itaituba;1505;Santarém;15010;Tapajós;1510;MACRORREGIONAL III
1503804;Jacundá;PA;Norte;150009;Marabá;1503;Marabá;15004;Lago de Tucuruí;1509;MACRORREGIONAL IV
1503903;Juruti;PA;Norte;150017;Oriximiná;1505;Santarém;15002;Baixo Amazonas;1510;MACRORREGIONAL III
1504000;Limoeiro do Ajuru;PA;Norte;150002;Cametá;1501;Belém;15011;Tocantins;1512;MACRORREGIONAL I
1504059;Mãe do Rio;PA;Norte;150007;Paragominas;1502;Castanhal;15008;Metropolitana III;1511;MACRORREGIONAL II
1504109;Magalhães Barata;PA;Norte;150004;Castanhal;1502;Castanhal;15008;Metropolitana III;1511;MACRORREGIONAL II
1504208;Marabá;PA;Norte;150009;Marabá;1503;Marabá;15003;Carajás;1509;MACRORREGIONAL IV
1504307;Maracanã;PA;Norte;150004;Castanhal;1502;Castanhal;15008;Metropolitana III;1511;MACRORREGIONAL II
1504406;Marapanim;PA;Norte;150004;Castanhal;1502;Castanhal;15008;Metropolitana III;1511;MACRORREGIONAL II
1504422;Marituba;PA;Norte;150001;Belém;1501;Belém;15006;Metropolitana I;1512;MACRORREGIONAL I
1504455;Medicilândia;PA;Norte;150018;Altamira;1506;Altamira;15012;Xingu;1510;MACRORREGIONAL III
1504505;Melgaço;PA;Norte;150020;Breves;1507;Breves;15014;Marajó II;1512;MACRORREGIONAL I
1504604;Mocajuba;PA;Norte;150002;Cametá;1501;Belém;15011;Tocantins;1512;MACRORREGIONAL I
1504703;Moju;PA;Norte;150003;Abaetetuba;1501;Belém;15011;Tocantins;1512;MACRORREGIONAL I
1504752;Mojuí dos Campos;PA;Norte;150015;Santarém;1505;Santarém;15002;Baixo Amazonas;1510;MACRORREGIONAL III
1504802;Monte Alegre;PA;Norte;150015;Santarém;1505;Santarém;15002;Baixo Amazonas;1510;MACRORREGIONAL III
1504901;Muaná;PA;Norte;150021;Soure-Salvaterra;1507;Breves;15013;Marajó I;1512;MACRORREGIONAL I
1504950;Nova Esperança do Piriá;PA;Norte;150008;Capitão Poço;1502;Castanhal;15008;Metropolitana III;1511;MACRORREGIONAL II
1504976;Nova Ipixuna;PA;Norte;150009;Marabá;1503;Marabá;15003;Carajás;1509;MACRORREGIONAL IV
1505007;Nova Timboteua;PA;Norte;150006;Capanema;1502;Castanhal;15009;Rio Caetés;1511;MACRORREGIONAL II
1505031;Novo Progresso;PA;Norte;150016;Itaituba;1505;Santarém;15010;Tapajós;1510;MACRORREGIONAL III
1505064;Novo Repartimento;PA;Norte;150011;Tucuruí;1503;Marabá;15004;Lago de Tucuruí;1509;MACRORREGIONAL IV
1505106;Óbidos;PA;Norte;150017;Oriximiná;1505;Santarém;15002;Baixo Amazonas;1510;MACRORREGIONAL III
1505205;Oeiras do Pará;PA;Norte;150002;Cametá;1501;Belém;15011;Tocantins;1512;MACRORREGIONAL I
1505304;Oriximiná;PA;Norte;150017;Oriximiná;1505;Santarém;15002;Baixo Amazonas;1510;MACRORREGIONAL III
1505403;Ourém;PA;Norte;150008;Capitão Poço;1502;Castanhal;15009;Rio Caetés;1511;MACRORREGIONAL II
1505437;Ourilândia do Norte;PA;Norte;150013;Tucumã - São Félix do Xingu;1504;Redenção;15001;Araguaia;1509;MACRORREGIONAL IV
1505486;Pacajá;PA;Norte;150011;Tucuruí;1503;Marabá;15012;Xingu;1510;MACRORREGIONAL III
1505494;Palestina do Pará;PA;Norte;150009;Marabá;1503;Marabá;15003;Carajás;1509;MACRORREGIONAL IV
1505502;Paragominas;PA;Norte;150007;Paragominas;1502;Castanhal;15008;Metropolitana III;1511;MACRORREGIONAL II
1505536;Parauapebas;PA;Norte;150010;Parauapebas;1503;Marabá;15003;Carajás;1509;MACRORREGIONAL IV
1505551;Pau D'Arco;PA;Norte;150012;Redenção;1504;Redenção;15001;Araguaia;1509;MACRORREGIONAL IV
1505601;Peixe-Boi;PA;Norte;150006;Capanema;1502;Castanhal;15009;Rio Caetés;1511;MACRORREGIONAL II
1505635;Piçarra;PA;Norte;150009;Marabá;1503;Marabá;15003;Carajás;1509;MACRORREGIONAL IV
1505650;Placas;PA;Norte;150016;Itaituba;1505;Santarém;15002;Baixo Amazonas;1510;MACRORREGIONAL III
1505700;Ponta de Pedras;PA;Norte;150021;Soure-Salvaterra;1507;Breves;15013;Marajó I;1512;MACRORREGIONAL I
1505809;Portel;PA;Norte;150020;Breves;1507;Breves;15014;Marajó II;1512;MACRORREGIONAL I
1505908;Porto de Moz;PA;Norte;150019;Almeirim - Porto de Moz;1506;Altamira;15012;Xingu;1510;MACRORREGIONAL III
1506005;Prainha;PA;Norte;150015;Santarém;1505;Santarém;15002;Baixo Amazonas;1510;MACRORREGIONAL III
1506104;Primavera;PA;Norte;150006;Capanema;1502;Castanhal;15009;Rio Caetés;1511;MACRORREGIONAL II
1506112;Quatipuru;PA;Norte;150006;Capanema;1502;Castanhal;15009;Rio Caetés;1511;MACRORREGIONAL II
1506138;Redenção;PA;Norte;150012;Redenção;1504;Redenção;15001;Araguaia;1509;MACRORREGIONAL IV
1506161;Rio Maria;PA;Norte;150014;Xinguara;1504;Redenção;15001;Araguaia;1509;MACRORREGIONAL IV
1506187;Rondon do Pará;PA;Norte;150009;Marabá;1503;Marabá;15003;Carajás;1509;MACRORREGIONAL IV
1506195;Rurópolis;PA;Norte;150016;Itaituba;1505;Santarém;15010;Tapajós;1510;MACRORREGIONAL III
1506203;Salinópolis;PA;Norte;150006;Capanema;1502;Castanhal;15009;Rio Caetés;1511;MACRORREGIONAL II
1506302;Salvaterra;PA;Norte;150021;Soure-Salvaterra;1507;Breves;15013;Marajó I;1512;MACRORREGIONAL I
1506351;Santa Bárbara do Pará;PA;Norte;150001;Belém;1501;Belém;15006;Metropolitana I;1512;MACRORREGIONAL I
1506401;Santa Cruz do Arari;PA;Norte;150021;Soure-Salvaterra;1507;Breves;15013;Marajó I;1512;MACRORREGIONAL I
1506500;Santa Izabel do Pará;PA;Norte;150001;Belém;1501;Belém;15007;Metropolitana II;1511;MACRORREGIONAL II
1506559;Santa Luzia do Pará;PA;Norte;150005;Bragança;1502;Castanhal;15009;Rio Caetés;1511;MACRORREGIONAL II
1506583;Santa Maria das Barreiras;PA;Norte;150012;Redenção;1504;Redenção;15001;Araguaia;1509;MACRORREGIONAL IV
1506609;Santa Maria do Pará;PA;Norte;150004;Castanhal;1502;Castanhal;15008;Metropolitana III;1511;MACRORREGIONAL II
1506708;Santana do Araguaia;PA;Norte;150012;Redenção;1504;Redenção;15001;Araguaia;1509;MACRORREGIONAL IV
1506807;Santarém;PA;Norte;150015;Santarém;1505;Santarém;15002;Baixo Amazonas;1510;MACRORREGIONAL III
1506906;Santarém Novo;PA;Norte;150006;Capanema;1502;Castanhal;15009;Rio Caetés;1511;MACRORREGIONAL II
1507003;Santo Antônio do Tauá;PA;Norte;150001;Belém;1501;Belém;15007;Metropolitana II;1511;MACRORREGIONAL II
1507102;São Caetano de Odivelas;PA;Norte;150001;Belém;1501;Belém;15007;Metropolitana II;1511;MACRORREGIONAL II
1507151;São Domingos do Araguaia;PA;Norte;150009;Marabá;1503;Marabá;15003;Carajás;1509;MACRORREGIONAL IV
1507201;São Domingos do Capim;PA;Norte;150004;Castanhal;1502;Castanhal;15008;Metropolitana III;1511;MACRORREGIONAL II
1507300;São Félix do Xingu;PA;Norte;150013;Tucumã - São Félix do Xingu;1504;Redenção;15001;Araguaia;1509;MACRORREGIONAL IV
1507409;São Francisco do Pará;PA;Norte;150004;Castanhal;1502;Castanhal;15008;Metropolitana III;1511;MACRORREGIONAL II
1507458;São Geraldo do Araguaia;PA;Norte;150009;Marabá;1503;Marabá;15003;Carajás;1509;MACRORREGIONAL IV
1507466;São João da Ponta;PA;Norte;150004;Castanhal;1502;Castanhal;15008;Metropolitana III;1511;MACRORREGIONAL II
1507474;São João de Pirabas;PA;Norte;150006;Capanema;1502;Castanhal;15009;Rio Caetés;1511;MACRORREGIONAL II
1507508;São João do Araguaia;PA;Norte;150009;Marabá;1503;Marabá;15003;Carajás;1509;MACRORREGIONAL IV
1507607;São Miguel do Guamá;PA;Norte;150004;Castanhal;1502;Castanhal;15008;Metropolitana III;1511;MACRORREGIONAL II
1507706;São Sebastião da Boa Vista;PA;Norte;150020;Breves;1507;Breves;15013;Marajó I;1512;MACRORREGIONAL I
1507755;Sapucaia;PA;Norte;150014;Xinguara;1504;Redenção;15001;Araguaia;1509;MACRORREGIONAL IV
1507805;Senador José Porfírio;PA;Norte;150018;Altamira;1506;Altamira;15012;Xingu;1510;MACRORREGIONAL III
1507904;Soure;PA;Norte;150021;Soure-Salvaterra;1507;Breves;15013;Marajó I;1512;MACRORREGIONAL I
1507953;Tailândia;PA;Norte;150003;Abaetetuba;1501;Belém;15011;Tocantins;1512;MACRORREGIONAL I
1507961;Terra Alta;PA;Norte;150004;Castanhal;1502;Castanhal;15008;Metropolitana III;1511;MACRORREGIONAL II
1507979;Terra Santa;PA;Norte;150017;Oriximiná;1505;Santarém;15002;Baixo Amazonas;1510;MACRORREGIONAL III
1508001;Tomé-Açu;PA;Norte;150001;Belém;1501;Belém;15007;Metropolitana II;1511;MACRORREGIONAL II
1508035;Tracuateua;PA;Norte;150005;Bragança;1502;Castanhal;15009;Rio Caetés;1511;MACRORREGIONAL II
1508050;Trairão;PA;Norte;150016;Itaituba;1505;Santarém;15010;Tapajós;1510;MACRORREGIONAL III
1508084;Tucumã;PA;Norte;150013;Tucumã - São Félix do Xingu;1504;Redenção;15001;Araguaia;1509;MACRORREGIONAL IV
1508100;Tucuruí;PA;Norte;150011;Tucuruí;1503;Marabá;15004;Lago de Tucuruí;1509;MACRORREGIONAL IV
1508126;Ulianópolis;PA;Norte;150007;Paragominas;1502;Castanhal;15008;Metropolitana III;1511;MACRORREGIONAL II
1508159;Uruará;PA;Norte;150018;Altamira;1506;Altamira;15012;Xingu;1510;MACRORREGIONAL III
1508209;Vigia;PA;Norte;150001;Belém;1501;Belém;15007;Metropolitana II;1511;MACRORREGIONAL II
1508308;Viseu;PA;Norte;150005;Bragança;1502;Castanhal;15009;Rio Caetés;1511;MACRORREGIONAL II
1508357;Vitória do Xingu;PA;Norte;150018;Altamira;1506;Altamira;15012;Xingu;1510;MACRORREGIONAL III
1508407;Xinguara;PA;Norte;150014;Xinguara;1504;Redenção;15001;Araguaia;1509;MACRORREGIONAL IV
1600055;Serra do Navio;AP;Norte;160004;Porto Grande;1602;Oiapoque - Porto Grande;16001;Área Central;1601;MACRO UNICA - AP
1600105;Amapá;AP;Norte;160003;Oiapoque;1602;Oiapoque - Porto Grande;16002;Área Norte;1601;MACRO UNICA - AP
1600154;Pedra Branca do Amapari;AP;Norte;160004;Porto Grande;1602;Oiapoque - Porto Grande;16001;Área Central;1601;MACRO UNICA - AP
1600204;Calçoene;AP;Norte;160003;Oiapoque;1602;Oiapoque - Porto Grande;16002;Área Norte;1601;MACRO UNICA - AP
1600212;Cutias;AP;Norte;160003;Oiapoque;1602;Oiapoque - Porto Grande;16001;Área Central;1601;MACRO UNICA - AP
1600238;Ferreira Gomes;AP;Norte;160004;Porto Grande;1602;Oiapoque - Porto Grande;16001;Área Central;1601;MACRO UNICA - AP
1600253;Itaubal;AP;Norte;160001;Macapá;1601;Macapá;16001;Área Central;1601;MACRO UNICA - AP
1600279;Laranjal do Jari;AP;Norte;160002;Laranjal do Jari;1601;Macapá;16003;Área Sudoeste;1601;MACRO UNICA - AP
1600303;Macapá;AP;Norte;160001;Macapá;1601;Macapá;16001;Área Central;1601;MACRO UNICA - AP
1600402;Mazagão;AP;Norte;160001;Macapá;1601;Macapá;16003;Área Sudoeste;1601;MACRO UNICA - AP
1600501;Oiapoque;AP;Norte;160003;Oiapoque;1602;Oiapoque - Porto Grande;16002;Área Norte;1601;MACRO UNICA - AP
1600535;Porto Grande;AP;Norte;160004;Porto Grande;1602;Oiapoque - Porto Grande;16001;Área Central;1601;MACRO UNICA - AP
1600550;Pracuúba;AP;Norte;160003;Oiapoque;1602;Oiapoque - Porto Grande;16002;Área Norte;1601;MACRO UNICA - AP
1600600;Santana;AP;Norte;160001;Macapá;1601;Macapá;16003;Área Sudoeste;1601;MACRO UNICA - AP
1600709;Tartarugalzinho;AP;Norte;160003;Oiapoque;1602;Oiapoque - Porto Grande;16002;Área Norte;1601;MACRO UNICA - AP
1600808;Vitória do Jari;AP;Norte;160002;Laranjal do Jari;1601;Macapá;16003;Área Sudoeste;1601;MACRO UNICA - AP
1700251;Abreulândia;TO;Norte;170003;Paraíso do Tocantins;1701;Palmas;17007;Cantão;1702;MACRORREGIAO CENTRO-SUL
1700301;Aguiarnópolis;TO;Norte;170008;Tocantinópolis;1702;Araguaína;17002;Bico do Papagaio;1701;MACRORREGIAO DE SAUDE NORTE
1700350;Aliança do Tocantins;TO;Norte;170010;Gurupi;1703;Gurupi;17005;Ilha do Bananal;1702;MACRORREGIAO CENTRO-SUL
1700400;Almas;TO;Norte;170011;Dianópolis;1703;Gurupi;17003;Sudeste;1702;MACRORREGIAO CENTRO-SUL
1700707;Alvorada;TO;Norte;170010;Gurupi;1703;Gurupi;17005;Ilha do Bananal;1702;MACRORREGIAO CENTRO-SUL
1701002;Ananás;TO;Norte;170005;Araguaína;1702;Araguaína;17002;Bico do Papagaio;1701;MACRORREGIAO DE SAUDE NORTE
1701051;Angico;TO;Norte;170005;Araguaína;1702;Araguaína;17002;Bico do Papagaio;1701;MACRORREGIAO DE SAUDE NORTE
1701101;Aparecida do Rio Negro;TO;Norte;170001;Palmas;1701;Palmas;17006;Capim Dourado;1702;MACRORREGIAO CENTRO-SUL
1701309;Aragominas;TO;Norte;170005;Araguaína;1702;Araguaína;17001;Médio Norte Araguaia;1701;MACRORREGIAO DE SAUDE NORTE
1701903;Araguacema;TO;Norte;170003;Paraíso do Tocantins;1701;Palmas;17007;Cantão;1702;MACRORREGIAO CENTRO-SUL
1702000;Araguaçu;TO;Norte;170010;Gurupi;1703;Gurupi;17005;Ilha do Bananal;1702;MACRORREGIAO CENTRO-SUL
1702109;Araguaína;TO;Norte;170005;Araguaína;1702;Araguaína;17001;Médio Norte Araguaia;1701;MACRORREGIAO DE SAUDE NORTE
1702158;Araguanã;TO;Norte;170005;Araguaína;1702;Araguaína;17001;Médio Norte Araguaia;1701;MACRORREGIAO DE SAUDE NORTE
1702208;Araguatins;TO;Norte;170009;Araguatins;1702;Araguaína;17002;Bico do Papagaio;1701;MACRORREGIAO DE SAUDE NORTE
1702307;Arapoema;TO;Norte;170005;Araguaína;1702;Araguaína;17004;Cerrado Tocantins Araguaia;1701;MACRORREGIAO DE SAUDE NORTE
1702406;Arraias;TO;Norte;170011;Dianópolis;1703;Gurupi;17003;Sudeste;1702;MACRORREGIAO CENTRO-SUL
1702554;Augustinópolis;TO;Norte;170009;Araguatins;1702;Araguaína;17002;Bico do Papagaio;1701;MACRORREGIAO DE SAUDE NORTE
1702703;Aurora do Tocantins;TO;Norte;170011;Dianópolis;1703;Gurupi;17003;Sudeste;1702;MACRORREGIAO CENTRO-SUL
1702901;Axixá do Tocantins;TO;Norte;170009;Araguatins;1702;Araguaína;17002;Bico do Papagaio;1701;MACRORREGIAO DE SAUDE NORTE
1703008;Babaçulândia;TO;Norte;170005;Araguaína;1702;Araguaína;17001;Médio Norte Araguaia;1701;MACRORREGIAO DE SAUDE NORTE
1703057;Bandeirantes do Tocantins;TO;Norte;170007;Colinas do Tocantins;1702;Araguaína;17004;Cerrado Tocantins Araguaia;1701;MACRORREGIAO DE SAUDE NORTE
1703073;Barra do Ouro;TO;Norte;170005;Araguaína;1702;Araguaína;17001;Médio Norte Araguaia;1701;MACRORREGIAO DE SAUDE NORTE
1703107;Barrolândia;TO;Norte;170003;Paraíso do Tocantins;1701;Palmas;17007;Cantão;1702;MACRORREGIAO CENTRO-SUL
1703206;Bernardo Sayão;TO;Norte;170007;Colinas do Tocantins;1702;Araguaína;17004;Cerrado Tocantins Araguaia;1701;MACRORREGIAO DE SAUDE NORTE
1703305;Bom Jesus do Tocantins;TO;Norte;170006;Guaraí;1702;Araguaína;17004;Cerrado Tocantins Araguaia;1701;MACRORREGIAO DE SAUDE NORTE
1703602;Brasilândia do Tocantins;TO;Norte;170007;Colinas do Tocantins;1702;Araguaína;17004;Cerrado Tocantins Araguaia;1701;MACRORREGIAO DE SAUDE NORTE
1703701;Brejinho de Nazaré;TO;Norte;170002;Porto Nacional;1701;Palmas;17008;Amor Perfeito;1702;MACRORREGIAO CENTRO-SUL
1703800;Buriti do Tocantins;TO;Norte;170009;Araguatins;1702;Araguaína;17002;Bico do Papagaio;1701;MACRORREGIAO DE SAUDE NORTE
1703826;Cachoeirinha;TO;Norte;170008;Tocantinópolis;1702;Araguaína;17002;Bico do Papagaio;1701;MACRORREGIAO DE SAUDE NORTE
1703842;Campos Lindos;TO;Norte;170005;Araguaína;1702;Araguaína;17001;Médio Norte Araguaia;1701;MACRORREGIAO DE SAUDE NORTE
1703867;Cariri do Tocantins;TO;Norte;170010;Gurupi;1703;Gurupi;17005;Ilha do Bananal;1702;MACRORREGIAO CENTRO-SUL
1703883;Carmolândia;TO;Norte;170005;Araguaína;1702;Araguaína;17001;Médio Norte Araguaia;1701;MACRORREGIAO DE SAUDE NORTE
1703891;Carrasco Bonito;TO;Norte;170009;Araguatins;1702;Araguaína;17002;Bico do Papagaio;1701;MACRORREGIAO DE SAUDE NORTE
1703909;Caseara;TO;Norte;170003;Paraíso do Tocantins;1701;Palmas;17007;Cantão;1702;MACRORREGIAO CENTRO-SUL
1704105;Centenário;TO;Norte;170006;Guaraí;1702;Araguaína;17004;Cerrado Tocantins Araguaia;1701;MACRORREGIAO DE SAUDE NORTE
1704600;Chapada de Areia;TO;Norte;170003;Paraíso do Tocantins;1701;Palmas;17007;Cantão;1702;MACRORREGIAO CENTRO-SUL
1705102;Chapada da Natividade;TO;Norte;170002;Porto Nacional;1701;Palmas;17008;Amor Perfeito;1702;MACRORREGIAO CENTRO-SUL
1705508;Colinas do Tocantins;TO;Norte;170007;Colinas do Tocantins;1702;Araguaína;17004;Cerrado Tocantins Araguaia;1701;MACRORREGIAO DE SAUDE NORTE
1705557;Combinado;TO;Norte;170011;Dianópolis;1703;Gurupi;17003;Sudeste;1702;MACRORREGIAO CENTRO-SUL
1705607;Conceição do Tocantins;TO;Norte;170011;Dianópolis;1703;Gurupi;17003;Sudeste;1702;MACRORREGIAO CENTRO-SUL
1706001;Couto Magalhães;TO;Norte;170006;Guaraí;1702;Araguaína;17004;Cerrado Tocantins Araguaia;1701;MACRORREGIAO DE SAUDE NORTE
1706100;Cristalândia;TO;Norte;170003;Paraíso do Tocantins;1701;Palmas;17007;Cantão;1702;MACRORREGIAO CENTRO-SUL
1706258;Crixás do Tocantins;TO;Norte;170010;Gurupi;1703;Gurupi;17005;Ilha do Bananal;1702;MACRORREGIAO CENTRO-SUL
1706506;Darcinópolis;TO;Norte;170005;Araguaína;1702;Araguaína;17001;Médio Norte Araguaia;1701;MACRORREGIAO DE SAUDE NORTE
1707009;Dianópolis;TO;Norte;170011;Dianópolis;1703;Gurupi;17003;Sudeste;1702;MACRORREGIAO CENTRO-SUL
1707108;Divinópolis do Tocantins;TO;Norte;170003;Paraíso do Tocantins;1701;Palmas;17007;Cantão;1702;MACRORREGIAO CENTRO-SUL
1707207;Dois Irmãos do Tocantins;TO;Norte;170004;Miracema do Tocantins;1701;Palmas;17007;Cantão;1702;MACRORREGIAO CENTRO-SUL
1707306;Dueré;TO;Norte;170010;Gurupi;1703;Gurupi;17005;Ilha do Bananal;1702;MACRORREGIAO CENTRO-SUL
1707405;Esperantina;TO;Norte;170009;Araguatins;1702;Araguaína;17002;Bico do Papagaio;1701;MACRORREGIAO DE SAUDE NORTE
1707553;Fátima;TO;Norte;170002;Porto Nacional;1701;Palmas;17008;Amor Perfeito;1702;MACRORREGIAO CENTRO-SUL
1707652;Figueirópolis;TO;Norte;170010;Gurupi;1703;Gurupi;17005;Ilha do Bananal;1702;MACRORREGIAO CENTRO-SUL
1707702;Filadélfia;TO;Norte;170005;Araguaína;1702;Araguaína;17001;Médio Norte Araguaia;1701;MACRORREGIAO DE SAUDE NORTE
1708205;Formoso do Araguaia;TO;Norte;170010;Gurupi;1703;Gurupi;17005;Ilha do Bananal;1702;MACRORREGIAO CENTRO-SUL
1708254;Tabocão;TO;Norte;170006;Guaraí;1702;Araguaína;17006;Capim Dourado;1702;MACRORREGIAO CENTRO-SUL
1708304;Goianorte;TO;Norte;170006;Guaraí;1702;Araguaína;17004;Cerrado Tocantins Araguaia;1701;MACRORREGIAO DE SAUDE NORTE
1709005;Goiatins;TO;Norte;170005;Araguaína;1702;Araguaína;17001;Médio Norte Araguaia;1701;MACRORREGIAO DE SAUDE NORTE
1709302;Guaraí;TO;Norte;170006;Guaraí;1702;Araguaína;17004;Cerrado Tocantins Araguaia;1701;MACRORREGIAO DE SAUDE NORTE
1709500;Gurupi;TO;Norte;170010;Gurupi;1703;Gurupi;17005;Ilha do Bananal;1702;MACRORREGIAO CENTRO-SUL
1709807;Ipueiras;TO;Norte;170002;Porto Nacional;1701;Palmas;17008;Amor Perfeito;1702;MACRORREGIAO CENTRO-SUL
1710508;Itacajá;TO;Norte;170007;Colinas do Tocantins;1702;Araguaína;17004;Cerrado Tocantins Araguaia;1701;MACRORREGIAO DE SAUDE NORTE
1710706;Itaguatins;TO;Norte;170009;Araguatins;1702;Araguaína;17002;Bico do Papagaio;1701;MACRORREGIAO DE SAUDE NORTE
1710904;Itapiratins;TO;Norte;170007;Colinas do Tocantins;1702;Araguaína;17004;Cerrado Tocantins Araguaia;1701;MACRORREGIAO DE SAUDE NORTE
1711100;Itaporã do Tocantins;TO;Norte;170006;Guaraí;1702;Araguaína;17004;Cerrado Tocantins Araguaia;1701;MACRORREGIAO DE SAUDE NORTE
1711506;Jaú do Tocantins;TO;Norte;170010;Gurupi;1703;Gurupi;17005;Ilha do Bananal;1702;MACRORREGIAO CENTRO-SUL
1711803;Juarina;TO;Norte;170007;Colinas do Tocantins;1702;Araguaína;17004;Cerrado Tocantins Araguaia;1701;MACRORREGIAO DE SAUDE NORTE
1711902;Lagoa da Confusão;TO;Norte;170003;Paraíso do Tocantins;1701;Palmas;17007;Cantão;1702;MACRORREGIAO CENTRO-SUL
1711951;Lagoa do Tocantins;TO;Norte;170001;Palmas;1701;Palmas;17006;Capim Dourado;1702;MACRORREGIAO CENTRO-SUL
1712009;Lajeado;TO;Norte;170001;Palmas;1701;Palmas;17006;Capim Dourado;1702;MACRORREGIAO CENTRO-SUL
1712157;Lavandeira;TO;Norte;170011;Dianópolis;1703;Gurupi;17003;Sudeste;1702;MACRORREGIAO CENTRO-SUL
1712405;Lizarda;TO;Norte;170001;Palmas;1701;Palmas;17006;Capim Dourado;1702;MACRORREGIAO CENTRO-SUL
1712454;Luzinópolis;TO;Norte;170008;Tocantinópolis;1702;Araguaína;17002;Bico do Papagaio;1701;MACRORREGIAO DE SAUDE NORTE
1712504;Marianópolis do Tocantins;TO;Norte;170003;Paraíso do Tocantins;1701;Palmas;17007;Cantão;1702;MACRORREGIAO CENTRO-SUL
1712702;Mateiros;TO;Norte;170001;Palmas;1701;Palmas;17008;Amor Perfeito;1702;MACRORREGIAO CENTRO-SUL
1712801;Maurilândia do Tocantins;TO;Norte;170008;Tocantinópolis;1702;Araguaína;17002;Bico do Papagaio;1701;MACRORREGIAO DE SAUDE NORTE
1713205;Miracema do Tocantins;TO;Norte;170004;Miracema do Tocantins;1701;Palmas;17006;Capim Dourado;1702;MACRORREGIAO CENTRO-SUL
1713304;Miranorte;TO;Norte;170004;Miracema do Tocantins;1701;Palmas;17006;Capim Dourado;1702;MACRORREGIAO CENTRO-SUL
1713601;Monte do Carmo;TO;Norte;170002;Porto Nacional;1701;Palmas;17008;Amor Perfeito;1702;MACRORREGIAO CENTRO-SUL
1713700;Monte Santo do Tocantins;TO;Norte;170003;Paraíso do Tocantins;1701;Palmas;17007;Cantão;1702;MACRORREGIAO CENTRO-SUL
1713809;Palmeiras do Tocantins;TO;Norte;170008;Tocantinópolis;1702;Araguaína;17002;Bico do Papagaio;1701;MACRORREGIAO DE SAUDE NORTE
1713957;Muricilândia;TO;Norte;170005;Araguaína;1702;Araguaína;17001;Médio Norte Araguaia;1701;MACRORREGIAO DE SAUDE NORTE
1714203;Natividade;TO;Norte;170002;Porto Nacional;1701;Palmas;17008;Amor Perfeito;1702;MACRORREGIAO CENTRO-SUL
1714302;Nazaré;TO;Norte;170008;Tocantinópolis;1702;Araguaína;17002;Bico do Papagaio;1701;MACRORREGIAO DE SAUDE NORTE
1714880;Nova Olinda;TO;Norte;170005;Araguaína;1702;Araguaína;17001;Médio Norte Araguaia;1701;MACRORREGIAO DE SAUDE NORTE
1715002;Nova Rosalândia;TO;Norte;170003;Paraíso do Tocantins;1701;Palmas;17007;Cantão;1702;MACRORREGIAO CENTRO-SUL
1715101;Novo Acordo;TO;Norte;170001;Palmas;1701;Palmas;17006;Capim Dourado;1702;MACRORREGIAO CENTRO-SUL
1715150;Novo Alegre;TO;Norte;170011;Dianópolis;1703;Gurupi;17003;Sudeste;1702;MACRORREGIAO CENTRO-SUL
1715259;Novo Jardim;TO;Norte;170011;Dianópolis;1703;Gurupi;17003;Sudeste;1702;MACRORREGIAO CENTRO-SUL
1715507;Oliveira de Fátima;TO;Norte;170002;Porto Nacional;1701;Palmas;17008;Amor Perfeito;1702;MACRORREGIAO CENTRO-SUL
1715705;Palmeirante;TO;Norte;170007;Colinas do Tocantins;1702;Araguaína;17004;Cerrado Tocantins Araguaia;1701;MACRORREGIAO DE SAUDE NORTE
1715754;Palmeirópolis;TO;Norte;170010;Gurupi;1703;Gurupi;17005;Ilha do Bananal;1702;MACRORREGIAO CENTRO-SUL
1716109;Paraíso do Tocantins;TO;Norte;170003;Paraíso do Tocantins;1701;Palmas;17007;Cantão;1702;MACRORREGIAO CENTRO-SUL
1716208;Paranã;TO;Norte;170010;Gurupi;1703;Gurupi;17003;Sudeste;1702;MACRORREGIAO CENTRO-SUL
1716307;Pau D'Arco;TO;Norte;170005;Araguaína;1702;Araguaína;17001;Médio Norte Araguaia;1701;MACRORREGIAO DE SAUDE NORTE
1716505;Pedro Afonso;TO;Norte;170006;Guaraí;1702;Araguaína;17004;Cerrado Tocantins Araguaia;1701;MACRORREGIAO DE SAUDE NORTE
1716604;Peixe;TO;Norte;170010;Gurupi;1703;Gurupi;17005;Ilha do Bananal;1702;MACRORREGIAO CENTRO-SUL
1716653;Pequizeiro;TO;Norte;170006;Guaraí;1702;Araguaína;17004;Cerrado Tocantins Araguaia;1701;MACRORREGIAO DE SAUDE NORTE
1716703;Colméia;TO;Norte;170006;Guaraí;1702;Araguaína;17004;Cerrado Tocantins Araguaia;1701;MACRORREGIAO DE SAUDE NORTE
1717008;Pindorama do Tocantins;TO;Norte;170002;Porto Nacional;1701;Palmas;17008;Amor Perfeito;1702;MACRORREGIAO CENTRO-SUL
1717206;Piraquê;TO;Norte;170005;Araguaína;1702;Araguaína;17001;Médio Norte Araguaia;1701;MACRORREGIAO DE SAUDE NORTE
1717503;Pium;TO;Norte;170003;Paraíso do Tocantins;1701;Palmas;17007;Cantão;1702;MACRORREGIAO CENTRO-SUL
1717800;Ponte Alta do Bom Jesus;TO;Norte;170011;Dianópolis;1703;Gurupi;17003;Sudeste;1702;MACRORREGIAO CENTRO-SUL
1717909;Ponte Alta do Tocantins;TO;Norte;170002;Porto Nacional;1701;Palmas;17008;Amor Perfeito;1702;MACRORREGIAO CENTRO-SUL
1718006;Porto Alegre do Tocantins;TO;Norte;170011;Dianópolis;1703;Gurupi;17003;Sudeste;1702;MACRORREGIAO CENTRO-SUL
1718204;Porto Nacional;TO;Norte;170002;Porto Nacional;1701;Palmas;17008;Amor Perfeito;1702;MACRORREGIAO CENTRO-SUL
1718303;Praia Norte;TO;Norte;170009;Araguatins;1702;Araguaína;17002;Bico do Papagaio;1701;MACRORREGIAO DE SAUDE NORTE
1718402;Presidente Kennedy;TO;Norte;170006;Guaraí;1702;Araguaína;17004;Cerrado Tocantins Araguaia;1701;MACRORREGIAO DE SAUDE NORTE
1718451;Pugmil;TO;Norte;170003;Paraíso do Tocantins;1701;Palmas;17007;Cantão;1702;MACRORREGIAO CENTRO-SUL
1718501;Recursolândia;TO;Norte;170006;Guaraí;1702;Araguaína;17004;Cerrado Tocantins Araguaia;1701;MACRORREGIAO DE SAUDE NORTE
1718550;Riachinho;TO;Norte;170005;Araguaína;1702;Araguaína;17002;Bico do Papagaio;1701;MACRORREGIAO DE SAUDE NORTE
1718659;Rio da Conceição;TO;Norte;170011;Dianópolis;1703;Gurupi;17003;Sudeste;1702;MACRORREGIAO CENTRO-SUL
1718709;Rio dos Bois;TO;Norte;170004;Miracema do Tocantins;1701;Palmas;17006;Capim Dourado;1702;MACRORREGIAO CENTRO-SUL
1718758;Rio Sono;TO;Norte;170001;Palmas;1701;Palmas;17006;Capim Dourado;1702;MACRORREGIAO CENTRO-SUL
1718808;Sampaio;TO;Norte;170009;Araguatins;1702;Araguaína;17002;Bico do Papagaio;1701;MACRORREGIAO DE SAUDE NORTE
1718840;Sandolândia;TO;Norte;170010;Gurupi;1703;Gurupi;17005;Ilha do Bananal;1702;MACRORREGIAO CENTRO-SUL
1718865;Santa Fé do Araguaia;TO;Norte;170005;Araguaína;1702;Araguaína;17001;Médio Norte Araguaia;1701;MACRORREGIAO DE SAUDE NORTE
1718881;Santa Maria do Tocantins;TO;Norte;170006;Guaraí;1702;Araguaína;17004;Cerrado Tocantins Araguaia;1701;MACRORREGIAO DE SAUDE NORTE
1718899;Santa Rita do Tocantins;TO;Norte;170002;Porto Nacional;1701;Palmas;17005;Ilha do Bananal;1702;MACRORREGIAO CENTRO-SUL
1718907;Santa Rosa do Tocantins;TO;Norte;170002;Porto Nacional;1701;Palmas;17008;Amor Perfeito;1702;MACRORREGIAO CENTRO-SUL
1719004;Santa Tereza do Tocantins;TO;Norte;170001;Palmas;1701;Palmas;17006;Capim Dourado;1702;MACRORREGIAO CENTRO-SUL
1720002;Santa Terezinha do Tocantins;TO;Norte;170008;Tocantinópolis;1702;Araguaína;17002;Bico do Papagaio;1701;MACRORREGIAO DE SAUDE NORTE
1720101;São Bento do Tocantins;TO;Norte;170009;Araguatins;1702;Araguaína;17002;Bico do Papagaio;1701;MACRORREGIAO DE SAUDE NORTE
1720150;São Félix do Tocantins;TO;Norte;170001;Palmas;1701;Palmas;17006;Capim Dourado;1702;MACRORREGIAO CENTRO-SUL
1720200;São Miguel do Tocantins;TO;Norte;170009;Araguatins;1702;Araguaína;17002;Bico do Papagaio;1701;MACRORREGIAO DE SAUDE NORTE
1720259;São Salvador do Tocantins;TO;Norte;170010;Gurupi;1703;Gurupi;17005;Ilha do Bananal;1702;MACRORREGIAO CENTRO-SUL
1720309;São Sebastião do Tocantins;TO;Norte;170009;Araguatins;1702;Araguaína;17002;Bico do Papagaio;1701;MACRORREGIAO DE SAUDE NORTE
1720499;São Valério;TO;Norte;170010;Gurupi;1703;Gurupi;17005;Ilha do Bananal;1702;MACRORREGIAO CENTRO-SUL
1720655;Silvanópolis;TO;Norte;170002;Porto Nacional;1701;Palmas;17008;Amor Perfeito;1702;MACRORREGIAO CENTRO-SUL
1720804;Sítio Novo do Tocantins;TO;Norte;170009;Araguatins;1702;Araguaína;17002;Bico do Papagaio;1701;MACRORREGIAO DE SAUDE NORTE
1720853;Sucupira;TO;Norte;170010;Gurupi;1703;Gurupi;17005;Ilha do Bananal;1702;MACRORREGIAO CENTRO-SUL
1720903;Taguatinga;TO;Norte;170011;Dianópolis;1703;Gurupi;17003;Sudeste;1702;MACRORREGIAO CENTRO-SUL
1720937;Taipas do Tocantins;TO;Norte;170011;Dianópolis;1703;Gurupi;17003;Sudeste;1702;MACRORREGIAO CENTRO-SUL
1720978;Talismã;TO;Norte;170010;Gurupi;1703;Gurupi;17005;Ilha do Bananal;1702;MACRORREGIAO CENTRO-SUL
1721000;Palmas;TO;Norte;170001;Palmas;1701;Palmas;17006;Capim Dourado;1702;MACRORREGIAO CENTRO-SUL
1721109;Tocantínia;TO;Norte;170004;Miracema do Tocantins;1701;Palmas;17006;Capim Dourado;1702;MACRORREGIAO CENTRO-SUL
1721208;Tocantinópolis;TO;Norte;170008;Tocantinópolis;1702;Araguaína;17002;Bico do Papagaio;1701;MACRORREGIAO DE SAUDE NORTE
1721257;Tupirama;TO;Norte;170006;Guaraí;1702;Araguaína;17004;Cerrado Tocantins Araguaia;1701;MACRORREGIAO DE SAUDE NORTE
1721307;Tupiratins;TO;Norte;170007;Colinas do Tocantins;1702;Araguaína;17004;Cerrado Tocantins Araguaia;1701;MACRORREGIAO DE SAUDE NORTE
1722081;Wanderlândia;TO;Norte;170005;Araguaína;1702;Araguaína;17001;Médio Norte Araguaia;1701;MACRORREGIAO DE SAUDE NORTE
1722107;Xambioá;TO;Norte;170005;Araguaína;1702;Araguaína;17001;Médio Norte Araguaia;1701;MACRORREGIAO DE SAUDE NORTE
2100055;Açailândia;MA;Nordeste;210021;Açailândia;2105;Imperatriz;21001;Açailândia;2109;MACRORREGIAO SUL
2100105;Afonso Cunha;MA;Nordeste;210013;Caxias;2103;Caxias;21005;Caxias;2111;MACRORREGIAO LESTE
2100154;Água Doce do Maranhão;MA;Nordeste;210007;Tutóia - Araioses;2101;São Luís;21006;Chapadinha;2110;MACRORREGIAO NORTE
2100204;Alcântara;MA;Nordeste;210001;São Luís;2101;São Luís;21016;São Luís;2110;MACRORREGIAO NORTE
2100303;Aldeias Altas;MA;Nordeste;210013;Caxias;2103;Caxias;21005;Caxias;2111;MACRORREGIAO LESTE
2100402;Altamira do Maranhão;MA;Nordeste;210010;Bacabal;2102;Santa Inês - Bacabal;21002;Bacabal;2110;MACRORREGIAO NORTE
2100436;Alto Alegre do Maranhão;MA;Nordeste;210010;Bacabal;2102;Santa Inês - Bacabal;21007;Codó;2111;MACRORREGIAO LESTE
2100477;Alto Alegre do Pindaré;MA;Nordeste;210009;Santa Inês;2102;Santa Inês - Bacabal;21014;Santa Inês;2110;MACRORREGIAO NORTE
2100501;Alto Parnaíba;MA;Nordeste;210022;Balsas;2105;Imperatriz;21003;Balsas;2109;MACRORREGIAO SUL
2100550;Amapá do Maranhão;MA;Nordeste;210011;Governador Nunes Freire;2102;Santa Inês - Bacabal;21019;Zé Doca;2110;MACRORREGIAO NORTE
2100600;Amarante do Maranhão;MA;Nordeste;210019;Imperatriz;2105;Imperatriz;21008;Imperatriz;2109;MACRORREGIAO SUL
2100709;Anajatuba;MA;Nordeste;210004;Itapecuru Mirim;2101;São Luís;21009;Itapecuru Mirim;2110;MACRORREGIAO NORTE
2100808;Anapurus;MA;Nordeste;210003;Chapadinha;2101;São Luís;21006;Chapadinha;2110;MACRORREGIAO NORTE
2100832;Apicum-Açu;MA;Nordeste;210008;Cururupu;2101;São Luís;21011;Pinheiro;2110;MACRORREGIAO NORTE
2100873;Araguanã;MA;Nordeste;210009;Santa Inês;2102;Santa Inês - Bacabal;21019;Zé Doca;2110;MACRORREGIAO NORTE
2100907;Araioses;MA;Nordeste;210007;Tutóia - Araioses;2101;São Luís;21006;Chapadinha;2110;MACRORREGIAO NORTE
2100956;Arame;MA;Nordeste;210020;Barra do Corda;2105;Imperatriz;21004;Barra do Corda;2109;MACRORREGIAO SUL
2101004;Arari;MA;Nordeste;210005;Viana;2101;São Luís;21009;Itapecuru Mirim;2110;MACRORREGIAO NORTE
2101103;Axixá;MA;Nordeste;210001;São Luís;2101;São Luís;21013;Rosário;2110;MACRORREGIAO NORTE
2101202;Bacabal;MA;Nordeste;210010;Bacabal;2102;Santa Inês - Bacabal;21002;Bacabal;2110;MACRORREGIAO NORTE
2101251;Bacabeira;MA;Nordeste;210001;São Luís;2101;São Luís;21013;Rosário;2110;MACRORREGIAO NORTE
2101301;Bacuri;MA;Nordeste;210008;Cururupu;2101;São Luís;21011;Pinheiro;2110;MACRORREGIAO NORTE
2101350;Bacurituba;MA;Nordeste;210002;Pinheiro;2101;São Luís;21018;Viana;2110;MACRORREGIAO NORTE
2101400;Balsas;MA;Nordeste;210022;Balsas;2105;Imperatriz;21003;Balsas;2109;MACRORREGIAO SUL
2101509;Barão de Grajaú;MA;Nordeste;210017;São João dos Patos;2104;Presidente Dutra;21015;São João dos Patos;2111;MACRORREGIAO LESTE
2101608;Barra do Corda;MA;Nordeste;210020;Barra do Corda;2105;Imperatriz;21004;Barra do Corda;2109;MACRORREGIAO SUL
2101707;Barreirinhas;MA;Nordeste;210006;Barreirinhas;2101;São Luís;21013;Rosário;2110;MACRORREGIAO NORTE
2101731;Belágua;MA;Nordeste;210003;Chapadinha;2101;São Luís;21009;Itapecuru Mirim;2110;MACRORREGIAO NORTE
2101772;Bela Vista do Maranhão;MA;Nordeste;210009;Santa Inês;2102;Santa Inês - Bacabal;21014;Santa Inês;2110;MACRORREGIAO NORTE
2101806;Benedito Leite;MA;Nordeste;210017;São João dos Patos;2104;Presidente Dutra;21015;São João dos Patos;2111;MACRORREGIAO LESTE
2101905;Bequimão;MA;Nordeste;210002;Pinheiro;2101;São Luís;21011;Pinheiro;2110;MACRORREGIAO NORTE
2101939;Bernardo do Mearim;MA;Nordeste;210012;Pedreiras;2102;Santa Inês - Bacabal;21010;Pedreiras;2111;MACRORREGIAO LESTE
2101970;Boa Vista do Gurupi;MA;Nordeste;210011;Governador Nunes Freire;2102;Santa Inês - Bacabal;21019;Zé Doca;2110;MACRORREGIAO NORTE
2102002;Bom Jardim;MA;Nordeste;210009;Santa Inês;2102;Santa Inês - Bacabal;21014;Santa Inês;2110;MACRORREGIAO NORTE
2102036;Bom Jesus das Selvas;MA;Nordeste;210021;Açailândia;2105;Imperatriz;21001;Açailândia;2109;MACRORREGIAO SUL
2102077;Bom Lugar;MA;Nordeste;210010;Bacabal;2102;Santa Inês - Bacabal;21002;Bacabal;2110;MACRORREGIAO NORTE
2102101;Brejo;MA;Nordeste;210003;Chapadinha;2101;São Luís;21006;Chapadinha;2110;MACRORREGIAO NORTE
2102150;Brejo de Areia;MA;Nordeste;210010;Bacabal;2102;Santa Inês - Bacabal;21002;Bacabal;2110;MACRORREGIAO NORTE
2102200;Buriti;MA;Nordeste;210003;Chapadinha;2101;São Luís;21005;Caxias;2111;MACRORREGIAO LESTE
2102309;Buriti Bravo;MA;Nordeste;210014;Timon;2103;Caxias;21015;São João dos Patos;2111;MACRORREGIAO LESTE
2102325;Buriticupu;MA;Nordeste;210021;Açailândia;2105;Imperatriz;21001;Açailândia;2109;MACRORREGIAO SUL
2102358;Buritirana;MA;Nordeste;210019;Imperatriz;2105;Imperatriz;21008;Imperatriz;2109;MACRORREGIAO SUL
2102374;Cachoeira Grande;MA;Nordeste;210001;São Luís;2101;São Luís;21013;Rosário;2110;MACRORREGIAO NORTE
2102408;Cajapió;MA;Nordeste;210005;Viana;2101;São Luís;21018;Viana;2110;MACRORREGIAO NORTE
2102507;Cajari;MA;Nordeste;210005;Viana;2101;São Luís;21018;Viana;2110;MACRORREGIAO NORTE
2102556;Campestre do Maranhão;MA;Nordeste;210019;Imperatriz;2105;Imperatriz;21008;Imperatriz;2109;MACRORREGIAO SUL
2102606;Cândido Mendes;MA;Nordeste;210011;Governador Nunes Freire;2102;Santa Inês - Bacabal;21019;Zé Doca;2110;MACRORREGIAO NORTE
2102705;Cantanhede;MA;Nordeste;210004;Itapecuru Mirim;2101;São Luís;21009;Itapecuru Mirim;2110;MACRORREGIAO NORTE
2102754;Capinzal do Norte;MA;Nordeste;210012;Pedreiras;2102;Santa Inês - Bacabal;21012;Presidente Dutra;2111;MACRORREGIAO LESTE
2102804;Carolina;MA;Nordeste;210022;Balsas;2105;Imperatriz;21008;Imperatriz;2109;MACRORREGIAO SUL
2102903;Carutapera;MA;Nordeste;210011;Governador Nunes Freire;2102;Santa Inês - Bacabal;21019;Zé Doca;2110;MACRORREGIAO NORTE
2103000;Caxias;MA;Nordeste;210013;Caxias;2103;Caxias;21005;Caxias;2111;MACRORREGIAO LESTE
2103109;Cedral;MA;Nordeste;210008;Cururupu;2101;São Luís;21011;Pinheiro;2110;MACRORREGIAO NORTE
2103125;Central do Maranhão;MA;Nordeste;210008;Cururupu;2101;São Luís;21011;Pinheiro;2110;MACRORREGIAO NORTE
2103158;Centro do Guilherme;MA;Nordeste;210011;Governador Nunes Freire;2102;Santa Inês - Bacabal;21019;Zé Doca;2110;MACRORREGIAO NORTE
2103174;Centro Novo do Maranhão;MA;Nordeste;210011;Governador Nunes Freire;2102;Santa Inês - Bacabal;21019;Zé Doca;2110;MACRORREGIAO NORTE
2103208;Chapadinha;MA;Nordeste;210003;Chapadinha;2101;São Luís;21006;Chapadinha;2110;MACRORREGIAO NORTE
2103257;Cidelândia;MA;Nordeste;210019;Imperatriz;2105;Imperatriz;21001;Açailândia;2109;MACRORREGIAO SUL
2103307;Codó;MA;Nordeste;210015;Codó;2103;Caxias;21007;Codó;2111;MACRORREGIAO LESTE
2103406;Coelho Neto;MA;Nordeste;210013;Caxias;2103;Caxias;21005;Caxias;2111;MACRORREGIAO LESTE
2103505;Colinas;MA;Nordeste;210018;Colinas;2104;Presidente Dutra;21015;São João dos Patos;2111;MACRORREGIAO LESTE
2103554;Conceição do Lago-Açu;MA;Nordeste;210010;Bacabal;2102;Santa Inês - Bacabal;21002;Bacabal;2110;MACRORREGIAO NORTE
2103604;Coroatá;MA;Nordeste;210015;Codó;2103;Caxias;21007;Codó;2111;MACRORREGIAO LESTE
2103703;Cururupu;MA;Nordeste;210008;Cururupu;2101;São Luís;21011;Pinheiro;2110;MACRORREGIAO NORTE
2103752;Davinópolis;MA;Nordeste;210019;Imperatriz;2105;Imperatriz;21008;Imperatriz;2109;MACRORREGIAO SUL
2103802;Dom Pedro;MA;Nordeste;210016;Presidente Dutra;2104;Presidente Dutra;21012;Presidente Dutra;2111;MACRORREGIAO LESTE
2103901;Duque Bacelar;MA;Nordeste;210013;Caxias;2103;Caxias;21005;Caxias;2111;MACRORREGIAO LESTE
2104008;Esperantinópolis;MA;Nordeste;210012;Pedreiras;2102;Santa Inês - Bacabal;21010;Pedreiras;2111;MACRORREGIAO LESTE
2104057;Estreito;MA;Nordeste;210019;Imperatriz;2105;Imperatriz;21008;Imperatriz;2109;MACRORREGIAO SUL
2104073;Feira Nova do Maranhão;MA;Nordeste;210022;Balsas;2105;Imperatriz;21003;Balsas;2109;MACRORREGIAO SUL
2104081;Fernando Falcão;MA;Nordeste;210020;Barra do Corda;2105;Imperatriz;21004;Barra do Corda;2109;MACRORREGIAO SUL
2104099;Formosa da Serra Negra;MA;Nordeste;210020;Barra do Corda;2105;Imperatriz;21003;Balsas;2109;MACRORREGIAO SUL
2104107;Fortaleza dos Nogueiras;MA;Nordeste;210022;Balsas;2105;Imperatriz;21003;Balsas;2109;MACRORREGIAO SUL
2104206;Fortuna;MA;Nordeste;210016;Presidente Dutra;2104;Presidente Dutra;21012;Presidente Dutra;2111;MACRORREGIAO LESTE
2104305;Godofredo Viana;MA;Nordeste;210011;Governador Nunes Freire;2102;Santa Inês - Bacabal;21019;Zé Doca;2110;MACRORREGIAO NORTE
2104404;Gonçalves Dias;MA;Nordeste;210016;Presidente Dutra;2104;Presidente Dutra;21012;Presidente Dutra;2111;MACRORREGIAO LESTE
2104503;Governador Archer;MA;Nordeste;210016;Presidente Dutra;2104;Presidente Dutra;21012;Presidente Dutra;2111;MACRORREGIAO LESTE
2104552;Governador Edison Lobão;MA;Nordeste;210019;Imperatriz;2105;Imperatriz;21008;Imperatriz;2109;MACRORREGIAO SUL
2104602;Governador Eugênio Barros;MA;Nordeste;210016;Presidente Dutra;2104;Presidente Dutra;21012;Presidente Dutra;2111;MACRORREGIAO LESTE
2104628;Governador Luiz Rocha;MA;Nordeste;210016;Presidente Dutra;2104;Presidente Dutra;21012;Presidente Dutra;2111;MACRORREGIAO LESTE
2104651;Governador Newton Bello;MA;Nordeste;210009;Santa Inês;2102;Santa Inês - Bacabal;21014;Santa Inês;2110;MACRORREGIAO NORTE
2104677;Governador Nunes Freire;MA;Nordeste;210011;Governador Nunes Freire;2102;Santa Inês - Bacabal;21019;Zé Doca;2110;MACRORREGIAO NORTE
2104701;Graça Aranha;MA;Nordeste;210016;Presidente Dutra;2104;Presidente Dutra;21012;Presidente Dutra;2111;MACRORREGIAO LESTE
2104800;Grajaú;MA;Nordeste;210020;Barra do Corda;2105;Imperatriz;21004;Barra do Corda;2109;MACRORREGIAO SUL
2104909;Guimarães;MA;Nordeste;210008;Cururupu;2101;São Luís;21011;Pinheiro;2110;MACRORREGIAO NORTE
2105005;Humberto de Campos;MA;Nordeste;210006;Barreirinhas;2101;São Luís;21013;Rosário;2110;MACRORREGIAO NORTE
2105104;Icatu;MA;Nordeste;210001;São Luís;2101;São Luís;21013;Rosário;2110;MACRORREGIAO NORTE
2105153;Igarapé do Meio;MA;Nordeste;210009;Santa Inês;2102;Santa Inês - Bacabal;21014;Santa Inês;2110;MACRORREGIAO NORTE
2105203;Igarapé Grande;MA;Nordeste;210012;Pedreiras;2102;Santa Inês - Bacabal;21010;Pedreiras;2111;MACRORREGIAO LESTE
2105302;Imperatriz;MA;Nordeste;210019;Imperatriz;2105;Imperatriz;21008;Imperatriz;2109;MACRORREGIAO SUL
2105351;Itaipava do Grajaú;MA;Nordeste;210020;Barra do Corda;2105;Imperatriz;21004;Barra do Corda;2109;MACRORREGIAO SUL
2105401;Itapecuru Mirim;MA;Nordeste;210004;Itapecuru Mirim;2101;São Luís;21009;Itapecuru Mirim;2110;MACRORREGIAO NORTE
2105427;Itinga do Maranhão;MA;Nordeste;210021;Açailândia;2105;Imperatriz;21001;Açailândia;2109;MACRORREGIAO SUL
2105450;Jatobá;MA;Nordeste;210018;Colinas;2104;Presidente Dutra;21015;São João dos Patos;2111;MACRORREGIAO LESTE
2105476;Jenipapo dos Vieiras;MA;Nordeste;210020;Barra do Corda;2105;Imperatriz;21004;Barra do Corda;2109;MACRORREGIAO SUL
2105500;João Lisboa;MA;Nordeste;210019;Imperatriz;2105;Imperatriz;21008;Imperatriz;2109;MACRORREGIAO SUL
2105609;Joselândia;MA;Nordeste;210012;Pedreiras;2102;Santa Inês - Bacabal;21012;Presidente Dutra;2111;MACRORREGIAO LESTE
2105658;Junco do Maranhão;MA;Nordeste;210011;Governador Nunes Freire;2102;Santa Inês - Bacabal;21019;Zé Doca;2110;MACRORREGIAO NORTE
2105708;Lago da Pedra;MA;Nordeste;210010;Bacabal;2102;Santa Inês - Bacabal;21010;Pedreiras;2111;MACRORREGIAO LESTE
2105807;Lago do Junco;MA;Nordeste;210012;Pedreiras;2102;Santa Inês - Bacabal;21010;Pedreiras;2111;MACRORREGIAO LESTE
2105906;Lago Verde;MA;Nordeste;210010;Bacabal;2102;Santa Inês - Bacabal;21002;Bacabal;2110;MACRORREGIAO NORTE
2105922;Lagoa do Mato;MA;Nordeste;210017;São João dos Patos;2104;Presidente Dutra;21015;São João dos Patos;2111;MACRORREGIAO LESTE
2105948;Lago dos Rodrigues;MA;Nordeste;210012;Pedreiras;2102;Santa Inês - Bacabal;21010;Pedreiras;2111;MACRORREGIAO LESTE
2105963;Lagoa Grande do Maranhão;MA;Nordeste;210010;Bacabal;2102;Santa Inês - Bacabal;21010;Pedreiras;2111;MACRORREGIAO LESTE
2105989;Lajeado Novo;MA;Nordeste;210019;Imperatriz;2105;Imperatriz;21008;Imperatriz;2109;MACRORREGIAO SUL
2106003;Lima Campos;MA;Nordeste;210012;Pedreiras;2102;Santa Inês - Bacabal;21010;Pedreiras;2111;MACRORREGIAO LESTE
2106102;Loreto;MA;Nordeste;210022;Balsas;2105;Imperatriz;21003;Balsas;2109;MACRORREGIAO SUL
2106201;Luís Domingues;MA;Nordeste;210011;Governador Nunes Freire;2102;Santa Inês - Bacabal;21019;Zé Doca;2110;MACRORREGIAO NORTE
2106300;Magalhães de Almeida;MA;Nordeste;210007;Tutóia - Araioses;2101;São Luís;21006;Chapadinha;2110;MACRORREGIAO NORTE
2106326;Maracaçumé;MA;Nordeste;210011;Governador Nunes Freire;2102;Santa Inês - Bacabal;21019;Zé Doca;2110;MACRORREGIAO NORTE
2106359;Marajá do Sena;MA;Nordeste;210010;Bacabal;2102;Santa Inês - Bacabal;21002;Bacabal;2110;MACRORREGIAO NORTE
2106375;Maranhãozinho;MA;Nordeste;210011;Governador Nunes Freire;2102;Santa Inês - Bacabal;21019;Zé Doca;2110;MACRORREGIAO NORTE
2106409;Mata Roma;MA;Nordeste;210003;Chapadinha;2101;São Luís;21006;Chapadinha;2110;MACRORREGIAO NORTE
2106508;Matinha;MA;Nordeste;210005;Viana;2101;São Luís;21018;Viana;2110;MACRORREGIAO NORTE
2106607;Matões;MA;Nordeste;210014;Timon;2103;Caxias;21017;Timon;2111;MACRORREGIAO LESTE
2106631;Matões do Norte;MA;Nordeste;210004;Itapecuru Mirim;2101;São Luís;21009;Itapecuru Mirim;2110;MACRORREGIAO NORTE
2106672;Milagres do Maranhão;MA;Nordeste;210003;Chapadinha;2101;São Luís;21006;Chapadinha;2110;MACRORREGIAO NORTE
2106706;Mirador;MA;Nordeste;210018;Colinas;2104;Presidente Dutra;21015;São João dos Patos;2111;MACRORREGIAO LESTE
2106755;Miranda do Norte;MA;Nordeste;210004;Itapecuru Mirim;2101;São Luís;21009;Itapecuru Mirim;2110;MACRORREGIAO NORTE
2106805;Mirinzal;MA;Nordeste;210008;Cururupu;2101;São Luís;21011;Pinheiro;2110;MACRORREGIAO NORTE
2106904;Monção;MA;Nordeste;210009;Santa Inês;2102;Santa Inês - Bacabal;21014;Santa Inês;2110;MACRORREGIAO NORTE
2107001;Montes Altos;MA;Nordeste;210019;Imperatriz;2105;Imperatriz;21008;Imperatriz;2109;MACRORREGIAO SUL
2107100;Morros;MA;Nordeste;210001;São Luís;2101;São Luís;21013;Rosário;2110;MACRORREGIAO NORTE
2107209;Nina Rodrigues;MA;Nordeste;210004;Itapecuru Mirim;2101;São Luís;21009;Itapecuru Mirim;2110;MACRORREGIAO NORTE
2107258;Nova Colinas;MA;Nordeste;210022;Balsas;2105;Imperatriz;21003;Balsas;2109;MACRORREGIAO SUL
2107308;Nova Iorque;MA;Nordeste;210017;São João dos Patos;2104;Presidente Dutra;21015;São João dos Patos;2111;MACRORREGIAO LESTE
2107357;Nova Olinda do Maranhão;MA;Nordeste;210009;Santa Inês;2102;Santa Inês - Bacabal;21019;Zé Doca;2110;MACRORREGIAO NORTE
2107407;Olho d'Água das Cunhãs;MA;Nordeste;210010;Bacabal;2102;Santa Inês - Bacabal;21002;Bacabal;2110;MACRORREGIAO NORTE
2107456;Olinda Nova do Maranhão;MA;Nordeste;210005;Viana;2101;São Luís;21018;Viana;2110;MACRORREGIAO NORTE
2107506;Paço do Lumiar;MA;Nordeste;210001;São Luís;2101;São Luís;21016;São Luís;2110;MACRORREGIAO NORTE
2107605;Palmeirândia;MA;Nordeste;210002;Pinheiro;2101;São Luís;21018;Viana;2110;MACRORREGIAO NORTE
2107704;Paraibano;MA;Nordeste;210017;São João dos Patos;2104;Presidente Dutra;21015;São João dos Patos;2111;MACRORREGIAO LESTE
2107803;Parnarama;MA;Nordeste;210014;Timon;2103;Caxias;21017;Timon;2111;MACRORREGIAO LESTE
2107902;Passagem Franca;MA;Nordeste;210017;São João dos Patos;2104;Presidente Dutra;21015;São João dos Patos;2111;MACRORREGIAO LESTE
2108009;Pastos Bons;MA;Nordeste;210017;São João dos Patos;2104;Presidente Dutra;21015;São João dos Patos;2111;MACRORREGIAO LESTE
2108058;Paulino Neves;MA;Nordeste;210007;Tutóia - Araioses;2101;São Luís;21006;Chapadinha;2110;MACRORREGIAO NORTE
2108108;Paulo Ramos;MA;Nordeste;210010;Bacabal;2102;Santa Inês - Bacabal;21002;Bacabal;2110;MACRORREGIAO NORTE
2108207;Pedreiras;MA;Nordeste;210012;Pedreiras;2102;Santa Inês - Bacabal;21010;Pedreiras;2111;MACRORREGIAO LESTE
2108256;Pedro do Rosário;MA;Nordeste;210002;Pinheiro;2101;São Luís;21011;Pinheiro;2110;MACRORREGIAO NORTE
2108306;Penalva;MA;Nordeste;210005;Viana;2101;São Luís;21018;Viana;2110;MACRORREGIAO NORTE
2108405;Peri Mirim;MA;Nordeste;210002;Pinheiro;2101;São Luís;21011;Pinheiro;2110;MACRORREGIAO NORTE
2108454;Peritoró;MA;Nordeste;210015;Codó;2103;Caxias;21007;Codó;2111;MACRORREGIAO LESTE
2108504;Pindaré-Mirim;MA;Nordeste;210009;Santa Inês;2102;Santa Inês - Bacabal;21014;Santa Inês;2110;MACRORREGIAO NORTE
2108603;Pinheiro;MA;Nordeste;210002;Pinheiro;2101;São Luís;21011;Pinheiro;2110;MACRORREGIAO NORTE
2108702;Pio XII;MA;Nordeste;210009;Santa Inês;2102;Santa Inês - Bacabal;21014;Santa Inês;2110;MACRORREGIAO NORTE
2108801;Pirapemas;MA;Nordeste;210004;Itapecuru Mirim;2101;São Luís;21009;Itapecuru Mirim;2110;MACRORREGIAO NORTE
2108900;Poção de Pedras;MA;Nordeste;210012;Pedreiras;2102;Santa Inês - Bacabal;21010;Pedreiras;2111;MACRORREGIAO LESTE
2109007;Porto Franco;MA;Nordeste;210019;Imperatriz;2105;Imperatriz;21008;Imperatriz;2109;MACRORREGIAO SUL
2109056;Porto Rico do Maranhão;MA;Nordeste;210008;Cururupu;2101;São Luís;21011;Pinheiro;2110;MACRORREGIAO NORTE
2109106;Presidente Dutra;MA;Nordeste;210016;Presidente Dutra;2104;Presidente Dutra;21012;Presidente Dutra;2111;MACRORREGIAO LESTE
2109205;Presidente Juscelino;MA;Nordeste;210001;São Luís;2101;São Luís;21013;Rosário;2110;MACRORREGIAO NORTE
2109239;Presidente Médici;MA;Nordeste;210011;Governador Nunes Freire;2102;Santa Inês - Bacabal;21019;Zé Doca;2110;MACRORREGIAO NORTE
2109270;Presidente Sarney;MA;Nordeste;210002;Pinheiro;2101;São Luís;21011;Pinheiro;2110;MACRORREGIAO NORTE
2109304;Presidente Vargas;MA;Nordeste;210004;Itapecuru Mirim;2101;São Luís;21009;Itapecuru Mirim;2110;MACRORREGIAO NORTE
2109403;Primeira Cruz;MA;Nordeste;210006;Barreirinhas;2101;São Luís;21013;Rosário;2110;MACRORREGIAO NORTE
2109452;Raposa;MA;Nordeste;210001;São Luís;2101;São Luís;21016;São Luís;2110;MACRORREGIAO NORTE
2109502;Riachão;MA;Nordeste;210022;Balsas;2105;Imperatriz;21003;Balsas;2109;MACRORREGIAO SUL
2109551;Ribamar Fiquene;MA;Nordeste;210019;Imperatriz;2105;Imperatriz;21008;Imperatriz;2109;MACRORREGIAO SUL
2109601;Rosário;MA;Nordeste;210001;São Luís;2101;São Luís;21013;Rosário;2110;MACRORREGIAO NORTE
2109700;Sambaíba;MA;Nordeste;210022;Balsas;2105;Imperatriz;21003;Balsas;2109;MACRORREGIAO SUL
2109759;Santa Filomena do Maranhão;MA;Nordeste;210016;Presidente Dutra;2104;Presidente Dutra;21012;Presidente Dutra;2111;MACRORREGIAO LESTE
2109809;Santa Helena;MA;Nordeste;210002;Pinheiro;2101;São Luís;21011;Pinheiro;2110;MACRORREGIAO NORTE
2109908;Santa Inês;MA;Nordeste;210009;Santa Inês;2102;Santa Inês - Bacabal;21014;Santa Inês;2110;MACRORREGIAO NORTE
2110005;Santa Luzia;MA;Nordeste;210009;Santa Inês;2102;Santa Inês - Bacabal;21014;Santa Inês;2110;MACRORREGIAO NORTE
2110039;Santa Luzia do Paruá;MA;Nordeste;210011;Governador Nunes Freire;2102;Santa Inês - Bacabal;21019;Zé Doca;2110;MACRORREGIAO NORTE
2110104;Santa Quitéria do Maranhão;MA;Nordeste;210003;Chapadinha;2101;São Luís;21006;Chapadinha;2110;MACRORREGIAO NORTE
2110203;Santa Rita;MA;Nordeste;210001;São Luís;2101;São Luís;21013;Rosário;2110;MACRORREGIAO NORTE
2110237;Santana do Maranhão;MA;Nordeste;210007;Tutóia - Araioses;2101;São Luís;21006;Chapadinha;2110;MACRORREGIAO NORTE
2110278;Santo Amaro do Maranhão;MA;Nordeste;210006;Barreirinhas;2101;São Luís;21013;Rosário;2110;MACRORREGIAO NORTE
2110302;Santo Antônio dos Lopes;MA;Nordeste;210012;Pedreiras;2102;Santa Inês - Bacabal;21012;Presidente Dutra;2111;MACRORREGIAO LESTE
2110401;São Benedito do Rio Preto;MA;Nordeste;210003;Chapadinha;2101;São Luís;21009;Itapecuru Mirim;2110;MACRORREGIAO NORTE
2110500;São Bento;MA;Nordeste;210002;Pinheiro;2101;São Luís;21018;Viana;2110;MACRORREGIAO NORTE
2110609;São Bernardo;MA;Nordeste;210007;Tutóia - Araioses;2101;São Luís;21006;Chapadinha;2110;MACRORREGIAO NORTE
2110658;São Domingos do Azeitão;MA;Nordeste;210017;São João dos Patos;2104;Presidente Dutra;21015;São João dos Patos;2111;MACRORREGIAO LESTE
2110708;São Domingos do Maranhão;MA;Nordeste;210016;Presidente Dutra;2104;Presidente Dutra;21012;Presidente Dutra;2111;MACRORREGIAO LESTE
2110807;São Félix de Balsas;MA;Nordeste;210022;Balsas;2105;Imperatriz;21003;Balsas;2109;MACRORREGIAO SUL
2110856;São Francisco do Brejão;MA;Nordeste;210021;Açailândia;2105;Imperatriz;21001;Açailândia;2109;MACRORREGIAO SUL
2110906;São Francisco do Maranhão;MA;Nordeste;210017;São João dos Patos;2104;Presidente Dutra;21017;Timon;2111;MACRORREGIAO LESTE
2111003;São João Batista;MA;Nordeste;210005;Viana;2101;São Luís;21018;Viana;2110;MACRORREGIAO NORTE
2111029;São João do Carú;MA;Nordeste;210009;Santa Inês;2102;Santa Inês - Bacabal;21014;Santa Inês;2110;MACRORREGIAO NORTE
2111052;São João do Paraíso;MA;Nordeste;210019;Imperatriz;2105;Imperatriz;21008;Imperatriz;2109;MACRORREGIAO SUL
2111078;São João do Soter;MA;Nordeste;210013;Caxias;2103;Caxias;21005;Caxias;2111;MACRORREGIAO LESTE
2111102;São João dos Patos;MA;Nordeste;210017;São João dos Patos;2104;Presidente Dutra;21015;São João dos Patos;2111;MACRORREGIAO LESTE
2111201;São José de Ribamar;MA;Nordeste;210001;São Luís;2101;São Luís;21016;São Luís;2110;MACRORREGIAO NORTE
2111250;São José dos Basílios;MA;Nordeste;210016;Presidente Dutra;2104;Presidente Dutra;21012;Presidente Dutra;2111;MACRORREGIAO LESTE
2111300;São Luís;MA;Nordeste;210001;São Luís;2101;São Luís;21016;São Luís;2110;MACRORREGIAO NORTE
2111409;São Luís Gonzaga do Maranhão;MA;Nordeste;210010;Bacabal;2102;Santa Inês - Bacabal;21002;Bacabal;2110;MACRORREGIAO NORTE
2111508;São Mateus do Maranhão;MA;Nordeste;210010;Bacabal;2102;Santa Inês - Bacabal;21007;Codó;2111;MACRORREGIAO LESTE
2111532;São Pedro da Água Branca;MA;Nordeste;210019;Imperatriz;2105;Imperatriz;21001;Açailândia;2109;MACRORREGIAO SUL
2111573;São Pedro dos Crentes;MA;Nordeste;210020;Barra do Corda;2105;Imperatriz;21003;Balsas;2109;MACRORREGIAO SUL
2111607;São Raimundo das Mangabeiras;MA;Nordeste;210022;Balsas;2105;Imperatriz;21003;Balsas;2109;MACRORREGIAO SUL
2111631;São Raimundo do Doca Bezerra;MA;Nordeste;210012;Pedreiras;2102;Santa Inês - Bacabal;21004;Barra do Corda;2109;MACRORREGIAO SUL
2111672;São Roberto;MA;Nordeste;210012;Pedreiras;2102;Santa Inês - Bacabal;21010;Pedreiras;2111;MACRORREGIAO LESTE
2111706;São Vicente Ferrer;MA;Nordeste;210005;Viana;2101;São Luís;21018;Viana;2110;MACRORREGIAO NORTE
2111722;Satubinha;MA;Nordeste;210010;Bacabal;2102;Santa Inês - Bacabal;21014;Santa Inês;2110;MACRORREGIAO NORTE
2111748;Senador Alexandre Costa;MA;Nordeste;210016;Presidente Dutra;2104;Presidente Dutra;21012;Presidente Dutra;2111;MACRORREGIAO LESTE
2111763;Senador La Rocque;MA;Nordeste;210019;Imperatriz;2105;Imperatriz;21008;Imperatriz;2109;MACRORREGIAO SUL
2111789;Serrano do Maranhão;MA;Nordeste;210008;Cururupu;2101;São Luís;21011;Pinheiro;2110;MACRORREGIAO NORTE
2111805;Sítio Novo;MA;Nordeste;210020;Barra do Corda;2105;Imperatriz;21008;Imperatriz;2109;MACRORREGIAO SUL
2111904;Sucupira do Norte;MA;Nordeste;210018;Colinas;2104;Presidente Dutra;21015;São João dos Patos;2111;MACRORREGIAO LESTE
2111953;Sucupira do Riachão;MA;Nordeste;210017;São João dos Patos;2104;Presidente Dutra;21015;São João dos Patos;2111;MACRORREGIAO LESTE
2112001;Tasso Fragoso;MA;Nordeste;210022;Balsas;2105;Imperatriz;21003;Balsas;2109;MACRORREGIAO SUL
2112100;Timbiras;MA;Nordeste;210015;Codó;2103;Caxias;21007;Codó;2111;MACRORREGIAO LESTE
2112209;Timon;MA;Nordeste;210014;Timon;2103;Caxias;21017;Timon;2111;MACRORREGIAO LESTE
2112233;Trizidela do Vale;MA;Nordeste;210012;Pedreiras;2102;Santa Inês - Bacabal;21010;Pedreiras;2111;MACRORREGIAO LESTE
2112274;Tufilândia;MA;Nordeste;210009;Santa Inês;2102;Santa Inês - Bacabal;21014;Santa Inês;2110;MACRORREGIAO NORTE
2112308;Tuntum;MA;Nordeste;210016;Presidente Dutra;2104;Presidente Dutra;21012;Presidente Dutra;2111;MACRORREGIAO LESTE
2112407;Turiaçu;MA;Nordeste;210002;Pinheiro;2101;São Luís;21011;Pinheiro;2110;MACRORREGIAO NORTE
2112456;Turilândia;MA;Nordeste;210002;Pinheiro;2101;São Luís;21011;Pinheiro;2110;MACRORREGIAO NORTE
2112506;Tutóia;MA;Nordeste;210007;Tutóia - Araioses;2101;São Luís;21006;Chapadinha;2110;MACRORREGIAO NORTE
2112605;Urbano Santos;MA;Nordeste;210003;Chapadinha;2101;São Luís;21009;Itapecuru Mirim;2110;MACRORREGIAO NORTE
2112704;Vargem Grande;MA;Nordeste;210004;Itapecuru Mirim;2101;São Luís;21009;Itapecuru Mirim;2110;MACRORREGIAO NORTE
2112803;Viana;MA;Nordeste;210005;Viana;2101;São Luís;21018;Viana;2110;MACRORREGIAO NORTE
2112852;Vila Nova dos Martírios;MA;Nordeste;210019;Imperatriz;2105;Imperatriz;21001;Açailândia;2109;MACRORREGIAO SUL
2112902;Vitória do Mearim;MA;Nordeste;210005;Viana;2101;São Luís;21009;Itapecuru Mirim;2110;MACRORREGIAO NORTE
2113009;Vitorino Freire;MA;Nordeste;210010;Bacabal;2102;Santa Inês - Bacabal;21002;Bacabal;2110;MACRORREGIAO NORTE
2114007;Zé Doca;MA;Nordeste;210009;Santa Inês;2102;Santa Inês - Bacabal;21019;Zé Doca;2110;MACRORREGIAO NORTE
2200053;Acauã;PI;Nordeste;220010;Paulistana;2203;Picos;22012;Chapada Vale do Rio Itaim;2207;SEMI-ARIDO
2200103;Agricolândia;PI;Nordeste;220002;Amarante - Água Branca - Regeneração;2201;Teresina;22004;Entre Rios;2208;MEIO NORTE
2200202;Água Branca;PI;Nordeste;220002;Amarante - Água Branca - Regeneração;2201;Teresina;22004;Entre Rios;2208;MEIO NORTE
2200251;Alagoinha do Piauí;PI;Nordeste;220009;Picos;2203;Picos;22009;Vale do Rio Guaribas;2207;SEMI-ARIDO
2200277;Alegrete do Piauí;PI;Nordeste;220009;Picos;2203;Picos;22009;Vale do Rio Guaribas;2207;SEMI-ARIDO
2200301;Alto Longá;PI;Nordeste;220001;Teresina;2201;Teresina;22004;Entre Rios;2208;MEIO NORTE
2200400;Altos;PI;Nordeste;220001;Teresina;2201;Teresina;22004;Entre Rios;2208;MEIO NORTE
2200459;Alvorada do Gurguéia;PI;Nordeste;220016;Bom Jesus;2205;Corrente - Bom Jesus;22002;Chapada das Mangabeiras;2210;CERRADOS
2200509;Amarante;PI;Nordeste;220002;Amarante - Água Branca - Regeneração;2201;Teresina;22004;Entre Rios;2208;MEIO NORTE
2200608;Angical do Piauí;PI;Nordeste;220002;Amarante - Água Branca - Regeneração;2201;Teresina;22004;Entre Rios;2208;MEIO NORTE
2200707;Anísio de Abreu;PI;Nordeste;220013;São Raimundo Nonato;2204;São Raimundo Nonato;22006;Serra da Capivara;2210;CERRADOS
2200806;Antônio Almeida;PI;Nordeste;220018;Uruçuí;2206;Floriano;22007;Tabuleiros do Alto Parnaíba;2210;CERRADOS
2200905;Aroazes;PI;Nordeste;220004;Valença do Piauí;2201;Teresina;22010;Vale do Sambito;2207;SEMI-ARIDO
2200954;Aroeiras do Itaim;PI;Nordeste;220009;Picos;2203;Picos;22009;Vale do Rio Guaribas;2207;SEMI-ARIDO
2201002;Arraial;PI;Nordeste;220017;Floriano;2206;Floriano;22011;Vale dos Rios Piauí e Itaueiras;2210;CERRADOS
2201051;Assunção do Piauí;PI;Nordeste;220003;Campo Maior;2201;Teresina;22001;Carnaubais;2208;MEIO NORTE
2201101;Avelino Lopes;PI;Nordeste;220015;Corrente;2205;Corrente - Bom Jesus;22002;Chapada das Mangabeiras;2210;CERRADOS
2201150;Baixa Grande do Ribeiro;PI;Nordeste;220018;Uruçuí;2206;Floriano;22007;Tabuleiros do Alto Parnaíba;2210;CERRADOS
2201176;Barra D'Alcântara;PI;Nordeste;220004;Valença do Piauí;2201;Teresina;22010;Vale do Sambito;2207;SEMI-ARIDO
2201200;Barras;PI;Nordeste;220005;Barras;2201;Teresina;22003;Cocais;2209;LITORAL
2201309;Barreiras do Piauí;PI;Nordeste;220015;Corrente;2205;Corrente - Bom Jesus;22002;Chapada das Mangabeiras;2210;CERRADOS
2201408;Barro Duro;PI;Nordeste;220002;Amarante - Água Branca - Regeneração;2201;Teresina;22004;Entre Rios;2208;MEIO NORTE
2201507;Batalha;PI;Nordeste;220008;Esperantina;2202;Parnaíba;22003;Cocais;2209;LITORAL
2201556;Bela Vista do Piauí;PI;Nordeste;220012;Simplício Mendes;2203;Picos;22008;Vale do Canindé;2207;SEMI-ARIDO
2201572;Belém do Piauí;PI;Nordeste;220009;Picos;2203;Picos;22012;Chapada Vale do Rio Itaim;2207;SEMI-ARIDO
2201606;Beneditinos;PI;Nordeste;220001;Teresina;2201;Teresina;22004;Entre Rios;2208;MEIO NORTE
2201705;Bertolínia;PI;Nordeste;220018;Uruçuí;2206;Floriano;22011;Vale dos Rios Piauí e Itaueiras;2210;CERRADOS
2201739;Betânia do Piauí;PI;Nordeste;220010;Paulistana;2203;Picos;22012;Chapada Vale do Rio Itaim;2207;SEMI-ARIDO
2201770;Boa Hora;PI;Nordeste;220005;Barras;2201;Teresina;22001;Carnaubais;2208;MEIO NORTE
2201804;Bocaina;PI;Nordeste;220009;Picos;2203;Picos;22009;Vale do Rio Guaribas;2207;SEMI-ARIDO
2201903;Bom Jesus;PI;Nordeste;220016;Bom Jesus;2205;Corrente - Bom Jesus;22002;Chapada das Mangabeiras;2210;CERRADOS
2201919;Bom Princípio do Piauí;PI;Nordeste;220006;Parnaíba;2202;Parnaíba;22005;Planície Litorânea;2209;LITORAL
2201929;Bonfim do Piauí;PI;Nordeste;220013;São Raimundo Nonato;2204;São Raimundo Nonato;22006;Serra da Capivara;2210;CERRADOS
2201945;Boqueirão do Piauí;PI;Nordeste;220003;Campo Maior;2201;Teresina;22001;Carnaubais;2208;MEIO NORTE
2201960;Brasileira;PI;Nordeste;220007;Piripiri;2202;Parnaíba;22003;Cocais;2209;LITORAL
2201988;Brejo do Piauí;PI;Nordeste;220019;Canto do Buriti;2206;Floriano;22011;Vale dos Rios Piauí e Itaueiras;2210;CERRADOS
2202000;Buriti dos Lopes;PI;Nordeste;220006;Parnaíba;2202;Parnaíba;22005;Planície Litorânea;2209;LITORAL
2202026;Buriti dos Montes;PI;Nordeste;220003;Campo Maior;2201;Teresina;22001;Carnaubais;2208;MEIO NORTE
2202059;Cabeceiras do Piauí;PI;Nordeste;220005;Barras;2201;Teresina;22001;Carnaubais;2208;MEIO NORTE
2202075;Cajazeiras do Piauí;PI;Nordeste;220011;Oeiras;2203;Picos;22008;Vale do Canindé;2207;SEMI-ARIDO
2202083;Cajueiro da Praia;PI;Nordeste;220006;Parnaíba;2202;Parnaíba;22005;Planície Litorânea;2209;LITORAL
2202091;Caldeirão Grande do Piauí;PI;Nordeste;220009;Picos;2203;Picos;22012;Chapada Vale do Rio Itaim;2207;SEMI-ARIDO
2202109;Campinas do Piauí;PI;Nordeste;220012;Simplício Mendes;2203;Picos;22008;Vale do Canindé;2207;SEMI-ARIDO
2202117;Campo Alegre do Fidalgo;PI;Nordeste;220014;São João do Piauí;2204;São Raimundo Nonato;22006;Serra da Capivara;2210;CERRADOS
2202133;Campo Grande do Piauí;PI;Nordeste;220009;Picos;2203;Picos;22009;Vale do Rio Guaribas;2207;SEMI-ARIDO
2202174;Campo Largo do Piauí;PI;Nordeste;220005;Barras;2201;Teresina;22003;Cocais;2209;LITORAL
2202208;Campo Maior;PI;Nordeste;220003;Campo Maior;2201;Teresina;22001;Carnaubais;2208;MEIO NORTE
2202251;Canavieira;PI;Nordeste;220017;Floriano;2206;Floriano;22011;Vale dos Rios Piauí e Itaueiras;2210;CERRADOS
2202307;Canto do Buriti;PI;Nordeste;220019;Canto do Buriti;2206;Floriano;22011;Vale dos Rios Piauí e Itaueiras;2210;CERRADOS
2202406;Capitão de Campos;PI;Nordeste;220007;Piripiri;2202;Parnaíba;22003;Cocais;2209;LITORAL
2202455;Capitão Gervásio Oliveira;PI;Nordeste;220014;São João do Piauí;2204;São Raimundo Nonato;22006;Serra da Capivara;2210;CERRADOS
2202505;Caracol;PI;Nordeste;220013;São Raimundo Nonato;2204;São Raimundo Nonato;22006;Serra da Capivara;2210;CERRADOS
2202539;Caraúbas do Piauí;PI;Nordeste;220006;Parnaíba;2202;Parnaíba;22005;Planície Litorânea;2209;LITORAL
2202554;Caridade do Piauí;PI;Nordeste;220010;Paulistana;2203;Picos;22012;Chapada Vale do Rio Itaim;2207;SEMI-ARIDO
2202604;Castelo do Piauí;PI;Nordeste;220003;Campo Maior;2201;Teresina;22001;Carnaubais;2208;MEIO NORTE
2202653;Caxingó;PI;Nordeste;220006;Parnaíba;2202;Parnaíba;22005;Planície Litorânea;2209;LITORAL
2202703;Cocal;PI;Nordeste;220006;Parnaíba;2202;Parnaíba;22005;Planície Litorânea;2209;LITORAL
2202711;Cocal de Telha;PI;Nordeste;220003;Campo Maior;2201;Teresina;22001;Carnaubais;2208;MEIO NORTE
2202729;Cocal dos Alves;PI;Nordeste;220006;Parnaíba;2202;Parnaíba;22005;Planície Litorânea;2209;LITORAL
2202737;Coivaras;PI;Nordeste;220001;Teresina;2201;Teresina;22004;Entre Rios;2208;MEIO NORTE
2202752;Colônia do Gurguéia;PI;Nordeste;220016;Bom Jesus;2205;Corrente - Bom Jesus;22011;Vale dos Rios Piauí e Itaueiras;2210;CERRADOS
2202778;Colônia do Piauí;PI;Nordeste;220011;Oeiras;2203;Picos;22008;Vale do Canindé;2207;SEMI-ARIDO
2202802;Conceição do Canindé;PI;Nordeste;220012;Simplício Mendes;2203;Picos;22008;Vale do Canindé;2207;SEMI-ARIDO
2202851;Coronel José Dias;PI;Nordeste;220013;São Raimundo Nonato;2204;São Raimundo Nonato;22006;Serra da Capivara;2210;CERRADOS
2202901;Corrente;PI;Nordeste;220015;Corrente;2205;Corrente - Bom Jesus;22002;Chapada das Mangabeiras;2210;CERRADOS
2203008;Cristalândia do Piauí;PI;Nordeste;220015;Corrente;2205;Corrente - Bom Jesus;22002;Chapada das Mangabeiras;2210;CERRADOS
2203107;Cristino Castro;PI;Nordeste;220016;Bom Jesus;2205;Corrente - Bom Jesus;22002;Chapada das Mangabeiras;2210;CERRADOS
2203206;Curimatá;PI;Nordeste;220015;Corrente;2205;Corrente - Bom Jesus;22002;Chapada das Mangabeiras;2210;CERRADOS
2203230;Currais;PI;Nordeste;220016;Bom Jesus;2205;Corrente - Bom Jesus;22002;Chapada das Mangabeiras;2210;CERRADOS
2203255;Curralinhos;PI;Nordeste;220001;Teresina;2201;Teresina;22004;Entre Rios;2208;MEIO NORTE
2203271;Curral Novo do Piauí;PI;Nordeste;220010;Paulistana;2203;Picos;22012;Chapada Vale do Rio Itaim;2207;SEMI-ARIDO
2203305;Demerval Lobão;PI;Nordeste;220001;Teresina;2201;Teresina;22004;Entre Rios;2208;MEIO NORTE
2203354;Dirceu Arcoverde;PI;Nordeste;220013;São Raimundo Nonato;2204;São Raimundo Nonato;22006;Serra da Capivara;2210;CERRADOS
2203404;Dom Expedito Lopes;PI;Nordeste;220009;Picos;2203;Picos;22009;Vale do Rio Guaribas;2207;SEMI-ARIDO
2203420;Domingos Mourão;PI;Nordeste;220007;Piripiri;2202;Parnaíba;22003;Cocais;2209;LITORAL
2203453;Dom Inocêncio;PI;Nordeste;220013;São Raimundo Nonato;2204;São Raimundo Nonato;22006;Serra da Capivara;2210;CERRADOS
2203503;Elesbão Veloso;PI;Nordeste;220002;Amarante - Água Branca - Regeneração;2201;Teresina;22010;Vale do Sambito;2207;SEMI-ARIDO
2203602;Eliseu Martins;PI;Nordeste;220019;Canto do Buriti;2206;Floriano;22011;Vale dos Rios Piauí e Itaueiras;2210;CERRADOS
2203701;Esperantina;PI;Nordeste;220008;Esperantina;2202;Parnaíba;22003;Cocais;2209;LITORAL
2203750;Fartura do Piauí;PI;Nordeste;220013;São Raimundo Nonato;2204;São Raimundo Nonato;22006;Serra da Capivara;2210;CERRADOS
2203800;Flores do Piauí;PI;Nordeste;220019;Canto do Buriti;2206;Floriano;22011;Vale dos Rios Piauí e Itaueiras;2210;CERRADOS
2203859;Floresta do Piauí;PI;Nordeste;220011;Oeiras;2203;Picos;22008;Vale do Canindé;2207;SEMI-ARIDO
2203909;Floriano;PI;Nordeste;220017;Floriano;2206;Floriano;22011;Vale dos Rios Piauí e Itaueiras;2210;CERRADOS
2204006;Francinópolis;PI;Nordeste;220002;Amarante - Água Branca - Regeneração;2201;Teresina;22010;Vale do Sambito;2207;SEMI-ARIDO
2204105;Francisco Ayres;PI;Nordeste;220017;Floriano;2206;Floriano;22011;Vale dos Rios Piauí e Itaueiras;2210;CERRADOS
2204154;Francisco Macedo;PI;Nordeste;220009;Picos;2203;Picos;22012;Chapada Vale do Rio Itaim;2207;SEMI-ARIDO
2204204;Francisco Santos;PI;Nordeste;220009;Picos;2203;Picos;22009;Vale do Rio Guaribas;2207;SEMI-ARIDO
2204303;Fronteiras;PI;Nordeste;220009;Picos;2203;Picos;22009;Vale do Rio Guaribas;2207;SEMI-ARIDO
2204352;Geminiano;PI;Nordeste;220009;Picos;2203;Picos;22009;Vale do Rio Guaribas;2207;SEMI-ARIDO
2204402;Gilbués;PI;Nordeste;220015;Corrente;2205;Corrente - Bom Jesus;22002;Chapada das Mangabeiras;2210;CERRADOS
2204501;Guadalupe;PI;Nordeste;220017;Floriano;2206;Floriano;22011;Vale dos Rios Piauí e Itaueiras;2210;CERRADOS
2204550;Guaribas;PI;Nordeste;220013;São Raimundo Nonato;2204;São Raimundo Nonato;22006;Serra da Capivara;2210;CERRADOS
2204600;Hugo Napoleão;PI;Nordeste;220002;Amarante - Água Branca - Regeneração;2201;Teresina;22004;Entre Rios;2208;MEIO NORTE
2204659;Ilha Grande;PI;Nordeste;220006;Parnaíba;2202;Parnaíba;22005;Planície Litorânea;2209;LITORAL
2204709;Inhuma;PI;Nordeste;220004;Valença do Piauí;2201;Teresina;22010;Vale do Sambito;2207;SEMI-ARIDO
2204808;Ipiranga do Piauí;PI;Nordeste;220004;Valença do Piauí;2201;Teresina;22009;Vale do Rio Guaribas;2207;SEMI-ARIDO
2204907;Isaías Coelho;PI;Nordeste;220009;Picos;2203;Picos;22008;Vale do Canindé;2207;SEMI-ARIDO
2205003;Itainópolis;PI;Nordeste;220009;Picos;2203;Picos;22009;Vale do Rio Guaribas;2207;SEMI-ARIDO
2205102;Itaueira;PI;Nordeste;220017;Floriano;2206;Floriano;22011;Vale dos Rios Piauí e Itaueiras;2210;CERRADOS
2205151;Jacobina do Piauí;PI;Nordeste;220010;Paulistana;2203;Picos;22012;Chapada Vale do Rio Itaim;2207;SEMI-ARIDO
2205201;Jaicós;PI;Nordeste;220009;Picos;2203;Picos;22012;Chapada Vale do Rio Itaim;2207;SEMI-ARIDO
2205250;Jardim do Mulato;PI;Nordeste;220002;Amarante - Água Branca - Regeneração;2201;Teresina;22004;Entre Rios;2208;MEIO NORTE
2205276;Jatobá do Piauí;PI;Nordeste;220003;Campo Maior;2201;Teresina;22001;Carnaubais;2208;MEIO NORTE
2205300;Jerumenha;PI;Nordeste;220017;Floriano;2206;Floriano;22011;Vale dos Rios Piauí e Itaueiras;2210;CERRADOS
2205359;João Costa;PI;Nordeste;220014;São João do Piauí;2204;São Raimundo Nonato;22006;Serra da Capivara;2210;CERRADOS
2205409;Joaquim Pires;PI;Nordeste;220008;Esperantina;2202;Parnaíba;22003;Cocais;2209;LITORAL
2205458;Joca Marques;PI;Nordeste;220008;Esperantina;2202;Parnaíba;22003;Cocais;2209;LITORAL
2205508;José de Freitas;PI;Nordeste;220001;Teresina;2201;Teresina;22004;Entre Rios;2208;MEIO NORTE
2205516;Juazeiro do Piauí;PI;Nordeste;220003;Campo Maior;2201;Teresina;22001;Carnaubais;2208;MEIO NORTE
2205524;Júlio Borges;PI;Nordeste;220015;Corrente;2205;Corrente - Bom Jesus;22002;Chapada das Mangabeiras;2210;CERRADOS
2205532;Jurema;PI;Nordeste;220013;São Raimundo Nonato;2204;São Raimundo Nonato;22006;Serra da Capivara;2210;CERRADOS
2205540;Lagoinha do Piauí;PI;Nordeste;220002;Amarante - Água Branca - Regeneração;2201;Teresina;22004;Entre Rios;2208;MEIO NORTE
2205557;Lagoa Alegre;PI;Nordeste;220001;Teresina;2201;Teresina;22004;Entre Rios;2208;MEIO NORTE
2205565;Lagoa do Barro do Piauí;PI;Nordeste;220014;São João do Piauí;2204;São Raimundo Nonato;22006;Serra da Capivara;2210;CERRADOS
2205573;Lagoa de São Francisco;PI;Nordeste;220007;Piripiri;2202;Parnaíba;22003;Cocais;2209;LITORAL
2205581;Lagoa do Piauí;PI;Nordeste;220001;Teresina;2201;Teresina;22004;Entre Rios;2208;MEIO NORTE
2205599;Lagoa do Sítio;PI;Nordeste;220004;Valença do Piauí;2201;Teresina;22010;Vale do Sambito;2207;SEMI-ARIDO
2205607;Landri Sales;PI;Nordeste;220017;Floriano;2206;Floriano;22011;Vale dos Rios Piauí e Itaueiras;2210;CERRADOS
2205706;Luís Correia;PI;Nordeste;220006;Parnaíba;2202;Parnaíba;22005;Planície Litorânea;2209;LITORAL
2205805;Luzilândia;PI;Nordeste;220008;Esperantina;2202;Parnaíba;22003;Cocais;2209;LITORAL
2205854;Madeiro;PI;Nordeste;220008;Esperantina;2202;Parnaíba;22003;Cocais;2209;LITORAL
2205904;Manoel Emídio;PI;Nordeste;220018;Uruçuí;2206;Floriano;22011;Vale dos Rios Piauí e Itaueiras;2210;CERRADOS
2205953;Marcolândia;PI;Nordeste;220009;Picos;2203;Picos;22012;Chapada Vale do Rio Itaim;2207;SEMI-ARIDO
2206001;Marcos Parente;PI;Nordeste;220017;Floriano;2206;Floriano;22011;Vale dos Rios Piauí e Itaueiras;2210;CERRADOS
2206050;Massapê do Piauí;PI;Nordeste;220009;Picos;2203;Picos;22012;Chapada Vale do Rio Itaim;2207;SEMI-ARIDO
2206100;Matias Olímpio;PI;Nordeste;220008;Esperantina;2202;Parnaíba;22003;Cocais;2209;LITORAL
2206209;Miguel Alves;PI;Nordeste;220001;Teresina;2201;Teresina;22004;Entre Rios;2208;MEIO NORTE
2206308;Miguel Leão;PI;Nordeste;220002;Amarante - Água Branca - Regeneração;2201;Teresina;22004;Entre Rios;2208;MEIO NORTE
2206357;Milton Brandão;PI;Nordeste;220007;Piripiri;2202;Parnaíba;22003;Cocais;2209;LITORAL
2206407;Monsenhor Gil;PI;Nordeste;220001;Teresina;2201;Teresina;22004;Entre Rios;2208;MEIO NORTE
2206506;Monsenhor Hipólito;PI;Nordeste;220009;Picos;2203;Picos;22009;Vale do Rio Guaribas;2207;SEMI-ARIDO
2206605;Monte Alegre do Piauí;PI;Nordeste;220015;Corrente;2205;Corrente - Bom Jesus;22002;Chapada das Mangabeiras;2210;CERRADOS
2206654;Morro Cabeça no Tempo;PI;Nordeste;220015;Corrente;2205;Corrente - Bom Jesus;22002;Chapada das Mangabeiras;2210;CERRADOS
2206670;Morro do Chapéu do Piauí;PI;Nordeste;220008;Esperantina;2202;Parnaíba;22003;Cocais;2209;LITORAL
2206696;Murici dos Portelas;PI;Nordeste;220006;Parnaíba;2202;Parnaíba;22005;Planície Litorânea;2209;LITORAL
2206704;Nazaré do Piauí;PI;Nordeste;220017;Floriano;2206;Floriano;22011;Vale dos Rios Piauí e Itaueiras;2210;CERRADOS
2206720;Nazária;PI;Nordeste;220001;Teresina;2201;Teresina;22004;Entre Rios;2208;MEIO NORTE
2206753;Nossa Senhora de Nazaré;PI;Nordeste;220003;Campo Maior;2201;Teresina;22001;Carnaubais;2208;MEIO NORTE
2206803;Nossa Senhora dos Remédios;PI;Nordeste;220005;Barras;2201;Teresina;22003;Cocais;2209;LITORAL
2206902;Novo Oriente do Piauí;PI;Nordeste;220004;Valença do Piauí;2201;Teresina;22010;Vale do Sambito;2207;SEMI-ARIDO
2206951;Novo Santo Antônio;PI;Nordeste;220001;Teresina;2201;Teresina;22001;Carnaubais;2208;MEIO NORTE
2207009;Oeiras;PI;Nordeste;220011;Oeiras;2203;Picos;22008;Vale do Canindé;2207;SEMI-ARIDO
2207108;Olho D'Água do Piauí;PI;Nordeste;220002;Amarante - Água Branca - Regeneração;2201;Teresina;22004;Entre Rios;2208;MEIO NORTE
2207207;Padre Marcos;PI;Nordeste;220009;Picos;2203;Picos;22012;Chapada Vale do Rio Itaim;2207;SEMI-ARIDO
2207306;Paes Landim;PI;Nordeste;220012;Simplício Mendes;2203;Picos;22011;Vale dos Rios Piauí e Itaueiras;2210;CERRADOS
2207355;Pajeú do Piauí;PI;Nordeste;220019;Canto do Buriti;2206;Floriano;22011;Vale dos Rios Piauí e Itaueiras;2210;CERRADOS
2207405;Palmeira do Piauí;PI;Nordeste;220016;Bom Jesus;2205;Corrente - Bom Jesus;22002;Chapada das Mangabeiras;2210;CERRADOS
2207504;Palmeirais;PI;Nordeste;220002;Amarante - Água Branca - Regeneração;2201;Teresina;22004;Entre Rios;2208;MEIO NORTE
2207553;Paquetá;PI;Nordeste;220009;Picos;2203;Picos;22009;Vale do Rio Guaribas;2207;SEMI-ARIDO
2207603;Parnaguá;PI;Nordeste;220015;Corrente;2205;Corrente - Bom Jesus;22002;Chapada das Mangabeiras;2210;CERRADOS
2207702;Parnaíba;PI;Nordeste;220006;Parnaíba;2202;Parnaíba;22005;Planície Litorânea;2209;LITORAL
2207751;Passagem Franca do Piauí;PI;Nordeste;220002;Amarante - Água Branca - Regeneração;2201;Teresina;22004;Entre Rios;2208;MEIO NORTE
2207777;Patos do Piauí;PI;Nordeste;220010;Paulistana;2203;Picos;22012;Chapada Vale do Rio Itaim;2207;SEMI-ARIDO
2207793;Pau D'Arco do Piauí;PI;Nordeste;220001;Teresina;2201;Teresina;22004;Entre Rios;2208;MEIO NORTE
2207801;Paulistana;PI;Nordeste;220010;Paulistana;2203;Picos;22012;Chapada Vale do Rio Itaim;2207;SEMI-ARIDO
2207850;Pavussu;PI;Nordeste;220019;Canto do Buriti;2206;Floriano;22011;Vale dos Rios Piauí e Itaueiras;2210;CERRADOS
2207900;Pedro II;PI;Nordeste;220007;Piripiri;2202;Parnaíba;22003;Cocais;2209;LITORAL
2207934;Pedro Laurentino;PI;Nordeste;220014;São João do Piauí;2204;São Raimundo Nonato;22006;Serra da Capivara;2210;CERRADOS
2207959;Nova Santa Rita;PI;Nordeste;220014;São João do Piauí;2204;São Raimundo Nonato;22006;Serra da Capivara;2210;CERRADOS
2208007;Picos;PI;Nordeste;220009;Picos;2203;Picos;22009;Vale do Rio Guaribas;2207;SEMI-ARIDO
2208106;Pimenteiras;PI;Nordeste;220004;Valença do Piauí;2201;Teresina;22010;Vale do Sambito;2207;SEMI-ARIDO
2208205;Pio IX;PI;Nordeste;220009;Picos;2203;Picos;22009;Vale do Rio Guaribas;2207;SEMI-ARIDO
2208304;Piracuruca;PI;Nordeste;220007;Piripiri;2202;Parnaíba;22003;Cocais;2209;LITORAL
2208403;Piripiri;PI;Nordeste;220007;Piripiri;2202;Parnaíba;22003;Cocais;2209;LITORAL
2208502;Porto;PI;Nordeste;220005;Barras;2201;Teresina;22003;Cocais;2209;LITORAL
2208551;Porto Alegre do Piauí;PI;Nordeste;220017;Floriano;2206;Floriano;22011;Vale dos Rios Piauí e Itaueiras;2210;CERRADOS
2208601;Prata do Piauí;PI;Nordeste;220002;Amarante - Água Branca - Regeneração;2201;Teresina;22010;Vale do Sambito;2207;SEMI-ARIDO
2208650;Queimada Nova;PI;Nordeste;220010;Paulistana;2203;Picos;22012;Chapada Vale do Rio Itaim;2207;SEMI-ARIDO
2208700;Redenção do Gurguéia;PI;Nordeste;220016;Bom Jesus;2205;Corrente - Bom Jesus;22002;Chapada das Mangabeiras;2210;CERRADOS
2208809;Regeneração;PI;Nordeste;220002;Amarante - Água Branca - Regeneração;2201;Teresina;22004;Entre Rios;2208;MEIO NORTE
2208858;Riacho Frio;PI;Nordeste;220015;Corrente;2205;Corrente - Bom Jesus;22002;Chapada das Mangabeiras;2210;CERRADOS
2208874;Ribeira do Piauí;PI;Nordeste;220014;São João do Piauí;2204;São Raimundo Nonato;22011;Vale dos Rios Piauí e Itaueiras;2210;CERRADOS
2208908;Ribeiro Gonçalves;PI;Nordeste;220018;Uruçuí;2206;Floriano;22007;Tabuleiros do Alto Parnaíba;2210;CERRADOS
2209005;Rio Grande do Piauí;PI;Nordeste;220019;Canto do Buriti;2206;Floriano;22011;Vale dos Rios Piauí e Itaueiras;2210;CERRADOS
2209104;Santa Cruz do Piauí;PI;Nordeste;220009;Picos;2203;Picos;22009;Vale do Rio Guaribas;2207;SEMI-ARIDO
2209153;Santa Cruz dos Milagres;PI;Nordeste;220004;Valença do Piauí;2201;Teresina;22010;Vale do Sambito;2207;SEMI-ARIDO
2209203;Santa Filomena;PI;Nordeste;220015;Corrente;2205;Corrente - Bom Jesus;22002;Chapada das Mangabeiras;2210;CERRADOS
2209302;Santa Luz;PI;Nordeste;220016;Bom Jesus;2205;Corrente - Bom Jesus;22002;Chapada das Mangabeiras;2210;CERRADOS
2209351;Santana do Piauí;PI;Nordeste;220009;Picos;2203;Picos;22009;Vale do Rio Guaribas;2207;SEMI-ARIDO
2209377;Santa Rosa do Piauí;PI;Nordeste;220011;Oeiras;2203;Picos;22008;Vale do Canindé;2207;SEMI-ARIDO
2209401;Santo Antônio de Lisboa;PI;Nordeste;220009;Picos;2203;Picos;22009;Vale do Rio Guaribas;2207;SEMI-ARIDO
2209450;Santo Antônio dos Milagres;PI;Nordeste;220002;Amarante - Água Branca - Regeneração;2201;Teresina;22004;Entre Rios;2208;MEIO NORTE
2209500;Santo Inácio do Piauí;PI;Nordeste;220011;Oeiras;2203;Picos;22008;Vale do Canindé;2207;SEMI-ARIDO
2209559;São Braz do Piauí;PI;Nordeste;220013;São Raimundo Nonato;2204;São Raimundo Nonato;22006;Serra da Capivara;2210;CERRADOS
2209609;São Félix do Piauí;PI;Nordeste;220002;Amarante - Água Branca - Regeneração;2201;Teresina;22010;Vale do Sambito;2207;SEMI-ARIDO
2209658;São Francisco de Assis do Piauí;PI;Nordeste;220012;Simplício Mendes;2203;Picos;22008;Vale do Canindé;2207;SEMI-ARIDO
2209708;São Francisco do Piauí;PI;Nordeste;220017;Floriano;2206;Floriano;22011;Vale dos Rios Piauí e Itaueiras;2210;CERRADOS
2209757;São Gonçalo do Gurguéia;PI;Nordeste;220015;Corrente;2205;Corrente - Bom Jesus;22002;Chapada das Mangabeiras;2210;CERRADOS
2209807;São Gonçalo do Piauí;PI;Nordeste;220002;Amarante - Água Branca - Regeneração;2201;Teresina;22004;Entre Rios;2208;MEIO NORTE
2209856;São João da Canabrava;PI;Nordeste;220009;Picos;2203;Picos;22009;Vale do Rio Guaribas;2207;SEMI-ARIDO
2209872;São João da Fronteira;PI;Nordeste;220007;Piripiri;2202;Parnaíba;22003;Cocais;2209;LITORAL
2209906;São João da Serra;PI;Nordeste;220003;Campo Maior;2201;Teresina;22001;Carnaubais;2208;MEIO NORTE
2209955;São João da Varjota;PI;Nordeste;220011;Oeiras;2203;Picos;22008;Vale do Canindé;2207;SEMI-ARIDO
2209971;São João do Arraial;PI;Nordeste;220008;Esperantina;2202;Parnaíba;22003;Cocais;2209;LITORAL
2210003;São João do Piauí;PI;Nordeste;220014;São João do Piauí;2204;São Raimundo Nonato;22006;Serra da Capivara;2210;CERRADOS
2210052;São José do Divino;PI;Nordeste;220007;Piripiri;2202;Parnaíba;22003;Cocais;2209;LITORAL
2210102;São José do Peixe;PI;Nordeste;220017;Floriano;2206;Floriano;22011;Vale dos Rios Piauí e Itaueiras;2210;CERRADOS
2210201;São José do Piauí;PI;Nordeste;220009;Picos;2203;Picos;22009;Vale do Rio Guaribas;2207;SEMI-ARIDO
2210300;São Julião;PI;Nordeste;220009;Picos;2203;Picos;22009;Vale do Rio Guaribas;2207;SEMI-ARIDO
2210359;São Lourenço do Piauí;PI;Nordeste;220013;São Raimundo Nonato;2204;São Raimundo Nonato;22006;Serra da Capivara;2210;CERRADOS
2210375;São Luis do Piauí;PI;Nordeste;220009;Picos;2203;Picos;22009;Vale do Rio Guaribas;2207;SEMI-ARIDO
2210383;São Miguel da Baixa Grande;PI;Nordeste;220002;Amarante - Água Branca - Regeneração;2201;Teresina;22010;Vale do Sambito;2207;SEMI-ARIDO
2210391;São Miguel do Fidalgo;PI;Nordeste;220011;Oeiras;2203;Picos;22011;Vale dos Rios Piauí e Itaueiras;2210;CERRADOS
2210409;São Miguel do Tapuio;PI;Nordeste;220003;Campo Maior;2201;Teresina;22001;Carnaubais;2208;MEIO NORTE
2210508;São Pedro do Piauí;PI;Nordeste;220002;Amarante - Água Branca - Regeneração;2201;Teresina;22004;Entre Rios;2208;MEIO NORTE
2210607;São Raimundo Nonato;PI;Nordeste;220013;São Raimundo Nonato;2204;São Raimundo Nonato;22006;Serra da Capivara;2210;CERRADOS
2210623;Sebastião Barros;PI;Nordeste;220015;Corrente;2205;Corrente - Bom Jesus;22002;Chapada das Mangabeiras;2210;CERRADOS
2210631;Sebastião Leal;PI;Nordeste;220018;Uruçuí;2206;Floriano;22007;Tabuleiros do Alto Parnaíba;2210;CERRADOS
2210656;Sigefredo Pacheco;PI;Nordeste;220003;Campo Maior;2201;Teresina;22001;Carnaubais;2208;MEIO NORTE
2210706;Simões;PI;Nordeste;220010;Paulistana;2203;Picos;22012;Chapada Vale do Rio Itaim;2207;SEMI-ARIDO
2210805;Simplício Mendes;PI;Nordeste;220012;Simplício Mendes;2203;Picos;22008;Vale do Canindé;2207;SEMI-ARIDO
2210904;Socorro do Piauí;PI;Nordeste;220012;Simplício Mendes;2203;Picos;22011;Vale dos Rios Piauí e Itaueiras;2210;CERRADOS
2210938;Sussuapara;PI;Nordeste;220009;Picos;2203;Picos;22009;Vale do Rio Guaribas;2207;SEMI-ARIDO
2210953;Tamboril do Piauí;PI;Nordeste;220019;Canto do Buriti;2206;Floriano;22011;Vale dos Rios Piauí e Itaueiras;2210;CERRADOS
2210979;Tanque do Piauí;PI;Nordeste;220011;Oeiras;2203;Picos;22008;Vale do Canindé;2207;SEMI-ARIDO
2211001;Teresina;PI;Nordeste;220001;Teresina;2201;Teresina;22004;Entre Rios;2208;MEIO NORTE
2211100;União;PI;Nordeste;220001;Teresina;2201;Teresina;22004;Entre Rios;2208;MEIO NORTE
2211209;Uruçuí;PI;Nordeste;220018;Uruçuí;2206;Floriano;22007;Tabuleiros do Alto Parnaíba;2210;CERRADOS
2211308;Valença do Piauí;PI;Nordeste;220004;Valença do Piauí;2201;Teresina;22010;Vale do Sambito;2207;SEMI-ARIDO
2211357;Várzea Branca;PI;Nordeste;220013;São Raimundo Nonato;2204;São Raimundo Nonato;22006;Serra da Capivara;2210;CERRADOS
2211407;Várzea Grande;PI;Nordeste;220002;Amarante - Água Branca - Regeneração;2201;Teresina;22010;Vale do Sambito;2207;SEMI-ARIDO
2211506;Vera Mendes;PI;Nordeste;220009;Picos;2203;Picos;22009;Vale do Rio Guaribas;2207;SEMI-ARIDO
2211605;Vila Nova do Piauí;PI;Nordeste;220009;Picos;2203;Picos;22009;Vale do Rio Guaribas;2207;SEMI-ARIDO
2211704;Wall Ferraz;PI;Nordeste;220009;Picos;2203;Picos;22009;Vale do Rio Guaribas;2207;SEMI-ARIDO
2300101;Abaiara;CE;Nordeste;230012;Brejo Santo;2304;Juazeiro do Norte;23023;2ª RS Cariri;2308;CARIRI
2300150;Acarape;CE;Nordeste;230003;Redenção-Acarape;2301;Fortaleza;23001;1ª RS Fortaleza;2310;FORTALEZA
2300200;Acaraú;CE;Nordeste;230017;Acaraú;2306;Sobral;23011;5ª  RS Sobral;2309;SOBRAL
2300309;Acopiara;CE;Nordeste;230009;Iguatu;2303;Iguatu;23023;2ª RS Cariri;2308;CARIRI
2300408;Aiuaba;CE;Nordeste;230011;Juazeiro do Norte;2304;Juazeiro do Norte;23024;3ª RS Sertão Central;2307;SERTAO CENTRAL
2300507;Alcântaras;CE;Nordeste;230015;Sobral;2306;Sobral;23011;5ª  RS Sobral;2309;SOBRAL
2300606;Altaneira;CE;Nordeste;230011;Juazeiro do Norte;2304;Juazeiro do Norte;23023;2ª RS Cariri;2308;CARIRI
2300705;Alto Santo;CE;Nordeste;230007;Russas - Limoeiro do Norte;2302;Quixadá;23025;4ª RS Litoral Leste/Jaguaribe;2306;LITORAL LESTE/JAGUARIBE
2300754;Amontada;CE;Nordeste;230002;Itapipoca;2301;Fortaleza;23001;1ª RS Fortaleza;2310;FORTALEZA
2300804;Antonina do Norte;CE;Nordeste;230011;Juazeiro do Norte;2304;Juazeiro do Norte;23023;2ª RS Cariri;2308;CARIRI
2300903;Apuiarés;CE;Nordeste;230005;Itapagé;2301;Fortaleza;23001;1ª RS Fortaleza;2310;FORTALEZA
2301000;Aquiraz;CE;Nordeste;230001;Fortaleza;2301;Fortaleza;23001;1ª RS Fortaleza;2310;FORTALEZA
2301109;Aracati;CE;Nordeste;230008;Aracati;2302;Quixadá;23025;4ª RS Litoral Leste/Jaguaribe;2306;LITORAL LESTE/JAGUARIBE
2301208;Aracoiaba;CE;Nordeste;230003;Redenção-Acarape;2301;Fortaleza;23001;1ª RS Fortaleza;2310;FORTALEZA
2301257;Ararendá;CE;Nordeste;230013;Crateús;2305;Crateús;23011;5ª  RS Sobral;2309;SOBRAL
2301307;Araripe;CE;Nordeste;230011;Juazeiro do Norte;2304;Juazeiro do Norte;23023;2ª RS Cariri;2308;CARIRI
2301406;Aratuba;CE;Nordeste;230003;Redenção-Acarape;2301;Fortaleza;23001;1ª RS Fortaleza;2310;FORTALEZA
2301505;Arneiroz;CE;Nordeste;230014;Tauá;2305;Crateús;23024;3ª RS Sertão Central;2307;SERTAO CENTRAL
2301604;Assaré;CE;Nordeste;230011;Juazeiro do Norte;2304;Juazeiro do Norte;23023;2ª RS Cariri;2308;CARIRI
2301703;Aurora;CE;Nordeste;230011;Juazeiro do Norte;2304;Juazeiro do Norte;23023;2ª RS Cariri;2308;CARIRI
2301802;Baixio;CE;Nordeste;230010;Icó;2303;Iguatu;23023;2ª RS Cariri;2308;CARIRI
2301851;Banabuiú;CE;Nordeste;230006;Quixadá;2302;Quixadá;23024;3ª RS Sertão Central;2307;SERTAO CENTRAL
2301901;Barbalha;CE;Nordeste;230011;Juazeiro do Norte;2304;Juazeiro do Norte;23023;2ª RS Cariri;2308;CARIRI
2301950;Barreira;CE;Nordeste;230003;Redenção-Acarape;2301;Fortaleza;23001;1ª RS Fortaleza;2310;FORTALEZA
2302008;Barro;CE;Nordeste;230012;Brejo Santo;2304;Juazeiro do Norte;23023;2ª RS Cariri;2308;CARIRI
2302057;Barroquinha;CE;Nordeste;230018;Camocim;2306;Sobral;23011;5ª  RS Sobral;2309;SOBRAL
2302107;Baturité;CE;Nordeste;230003;Redenção-Acarape;2301;Fortaleza;23001;1ª RS Fortaleza;2310;FORTALEZA
2302206;Beberibe;CE;Nordeste;230001;Fortaleza;2301;Fortaleza;23001;1ª RS Fortaleza;2310;FORTALEZA
2302305;Bela Cruz;CE;Nordeste;230017;Acaraú;2306;Sobral;23011;5ª  RS Sobral;2309;SOBRAL
2302404;Boa Viagem;CE;Nordeste;230004;Canindé;2301;Fortaleza;23024;3ª RS Sertão Central;2307;SERTAO CENTRAL
2302503;Brejo Santo;CE;Nordeste;230012;Brejo Santo;2304;Juazeiro do Norte;23023;2ª RS Cariri;2308;CARIRI
2302602;Camocim;CE;Nordeste;230018;Camocim;2306;Sobral;23011;5ª  RS Sobral;2309;SOBRAL
2302701;Campos Sales;CE;Nordeste;230011;Juazeiro do Norte;2304;Juazeiro do Norte;23023;2ª RS Cariri;2308;CARIRI
2302800;Canindé;CE;Nordeste;230004;Canindé;2301;Fortaleza;23024;3ª RS Sertão Central;2307;SERTAO CENTRAL
2302909;Capistrano;CE;Nordeste;230003;Redenção-Acarape;2301;Fortaleza;23001;1ª RS Fortaleza;2310;FORTALEZA
2303006;Caridade;CE;Nordeste;230004;Canindé;2301;Fortaleza;23024;3ª RS Sertão Central;2307;SERTAO CENTRAL
2303105;Cariré;CE;Nordeste;230015;Sobral;2306;Sobral;23011;5ª  RS Sobral;2309;SOBRAL
2303204;Caririaçu;CE;Nordeste;230011;Juazeiro do Norte;2304;Juazeiro do Norte;23023;2ª RS Cariri;2308;CARIRI
2303303;Cariús;CE;Nordeste;230009;Iguatu;2303;Iguatu;23023;2ª RS Cariri;2308;CARIRI
2303402;Carnaubal;CE;Nordeste;230016;São Benedito - Ipu - Guaraciaba do Norte - Tianguá;2306;Sobral;23011;5ª  RS Sobral;2309;SOBRAL
2303501;Cascavel;CE;Nordeste;230001;Fortaleza;2301;Fortaleza;23001;1ª RS Fortaleza;2310;FORTALEZA
2303600;Catarina;CE;Nordeste;230009;Iguatu;2303;Iguatu;23023;2ª RS Cariri;2308;CARIRI
2303659;Catunda;CE;Nordeste;230015;Sobral;2306;Sobral;23011;5ª  RS Sobral;2309;SOBRAL
2303709;Caucaia;CE;Nordeste;230001;Fortaleza;2301;Fortaleza;23001;1ª RS Fortaleza;2310;FORTALEZA
2303808;Cedro;CE;Nordeste;230009;Iguatu;2303;Iguatu;23023;2ª RS Cariri;2308;CARIRI
2303907;Chaval;CE;Nordeste;230018;Camocim;2306;Sobral;23011;5ª  RS Sobral;2309;SOBRAL
2303931;Choró;CE;Nordeste;230006;Quixadá;2302;Quixadá;23024;3ª RS Sertão Central;2307;SERTAO CENTRAL
2303956;Chorozinho;CE;Nordeste;230001;Fortaleza;2301;Fortaleza;23001;1ª RS Fortaleza;2310;FORTALEZA
2304004;Coreaú;CE;Nordeste;230015;Sobral;2306;Sobral;23011;5ª  RS Sobral;2309;SOBRAL
2304103;Crateús;CE;Nordeste;230013;Crateús;2305;Crateús;23011;5ª  RS Sobral;2309;SOBRAL
2304202;Crato;CE;Nordeste;230011;Juazeiro do Norte;2304;Juazeiro do Norte;23023;2ª RS Cariri;2308;CARIRI
2304236;Croatá;CE;Nordeste;230016;São Benedito - Ipu - Guaraciaba do Norte - Tianguá;2306;Sobral;23011;5ª  RS Sobral;2309;SOBRAL
2304251;Cruz;CE;Nordeste;230017;Acaraú;2306;Sobral;23011;5ª  RS Sobral;2309;SOBRAL
2304269;Deputado Irapuan Pinheiro;CE;Nordeste;230006;Quixadá;2302;Quixadá;23023;2ª RS Cariri;2308;CARIRI
2304277;Ereré;CE;Nordeste;230007;Russas - Limoeiro do Norte;2302;Quixadá;23025;4ª RS Litoral Leste/Jaguaribe;2306;LITORAL LESTE/JAGUARIBE
2304285;Eusébio;CE;Nordeste;230001;Fortaleza;2301;Fortaleza;23001;1ª RS Fortaleza;2310;FORTALEZA
2304301;Farias Brito;CE;Nordeste;230011;Juazeiro do Norte;2304;Juazeiro do Norte;23023;2ª RS Cariri;2308;CARIRI
2304350;Forquilha;CE;Nordeste;230015;Sobral;2306;Sobral;23011;5ª  RS Sobral;2309;SOBRAL
2304400;Fortaleza;CE;Nordeste;230001;Fortaleza;2301;Fortaleza;23001;1ª RS Fortaleza;2310;FORTALEZA
2304459;Fortim;CE;Nordeste;230008;Aracati;2302;Quixadá;23025;4ª RS Litoral Leste/Jaguaribe;2306;LITORAL LESTE/JAGUARIBE
2304509;Frecheirinha;CE;Nordeste;230015;Sobral;2306;Sobral;23011;5ª  RS Sobral;2309;SOBRAL
2304608;General Sampaio;CE;Nordeste;230005;Itapagé;2301;Fortaleza;23001;1ª RS Fortaleza;2310;FORTALEZA
2304657;Graça;CE;Nordeste;230015;Sobral;2306;Sobral;23011;5ª  RS Sobral;2309;SOBRAL
2304707;Granja;CE;Nordeste;230018;Camocim;2306;Sobral;23011;5ª  RS Sobral;2309;SOBRAL
2304806;Granjeiro;CE;Nordeste;230011;Juazeiro do Norte;2304;Juazeiro do Norte;23023;2ª RS Cariri;2308;CARIRI
2304905;Groaíras;CE;Nordeste;230015;Sobral;2306;Sobral;23011;5ª  RS Sobral;2309;SOBRAL
2304954;Guaiúba;CE;Nordeste;230001;Fortaleza;2301;Fortaleza;23001;1ª RS Fortaleza;2310;FORTALEZA
2305001;Guaraciaba do Norte;CE;Nordeste;230016;São Benedito - Ipu - Guaraciaba do Norte - Tianguá;2306;Sobral;23011;5ª  RS Sobral;2309;SOBRAL
2305100;Guaramiranga;CE;Nordeste;230003;Redenção-Acarape;2301;Fortaleza;23001;1ª RS Fortaleza;2310;FORTALEZA
2305209;Hidrolândia;CE;Nordeste;230015;Sobral;2306;Sobral;23011;5ª  RS Sobral;2309;SOBRAL
2305233;Horizonte;CE;Nordeste;230001;Fortaleza;2301;Fortaleza;23001;1ª RS Fortaleza;2310;FORTALEZA
2305266;Ibaretama;CE;Nordeste;230006;Quixadá;2302;Quixadá;23024;3ª RS Sertão Central;2307;SERTAO CENTRAL
2305308;Ibiapina;CE;Nordeste;230016;São Benedito - Ipu - Guaraciaba do Norte - Tianguá;2306;Sobral;23011;5ª  RS Sobral;2309;SOBRAL
2305332;Ibicuitinga;CE;Nordeste;230006;Quixadá;2302;Quixadá;23024;3ª RS Sertão Central;2307;SERTAO CENTRAL
2305357;Icapuí;CE;Nordeste;230008;Aracati;2302;Quixadá;23025;4ª RS Litoral Leste/Jaguaribe;2306;LITORAL LESTE/JAGUARIBE
2305407;Icó;CE;Nordeste;230010;Icó;2303;Iguatu;23023;2ª RS Cariri;2308;CARIRI
2305506;Iguatu;CE;Nordeste;230009;Iguatu;2303;Iguatu;23023;2ª RS Cariri;2308;CARIRI
2305605;Independência;CE;Nordeste;230013;Crateús;2305;Crateús;23011;5ª  RS Sobral;2309;SOBRAL
2305654;Ipaporanga;CE;Nordeste;230013;Crateús;2305;Crateús;23011;5ª  RS Sobral;2309;SOBRAL
2305704;Ipaumirim;CE;Nordeste;230010;Icó;2303;Iguatu;23023;2ª RS Cariri;2308;CARIRI
2305803;Ipu;CE;Nordeste;230016;São Benedito - Ipu - Guaraciaba do Norte - Tianguá;2306;Sobral;23011;5ª  RS Sobral;2309;SOBRAL
2305902;Ipueiras;CE;Nordeste;230016;São Benedito - Ipu - Guaraciaba do Norte - Tianguá;2306;Sobral;23011;5ª  RS Sobral;2309;SOBRAL
2306009;Iracema;CE;Nordeste;230007;Russas - Limoeiro do Norte;2302;Quixadá;23025;4ª RS Litoral Leste/Jaguaribe;2306;LITORAL LESTE/JAGUARIBE
2306108;Irauçuba;CE;Nordeste;230005;Itapagé;2301;Fortaleza;23011;5ª  RS Sobral;2309;SOBRAL
2306207;Itaiçaba;CE;Nordeste;230008;Aracati;2302;Quixadá;23025;4ª RS Litoral Leste/Jaguaribe;2306;LITORAL LESTE/JAGUARIBE
2306256;Itaitinga;CE;Nordeste;230001;Fortaleza;2301;Fortaleza;23001;1ª RS Fortaleza;2310;FORTALEZA
2306306;Itapajé;CE;Nordeste;230005;Itapagé;2301;Fortaleza;23001;1ª RS Fortaleza;2310;FORTALEZA
2306405;Itapipoca;CE;Nordeste;230002;Itapipoca;2301;Fortaleza;23001;1ª RS Fortaleza;2310;FORTALEZA
2306504;Itapiúna;CE;Nordeste;230003;Redenção-Acarape;2301;Fortaleza;23001;1ª RS Fortaleza;2310;FORTALEZA
2306553;Itarema;CE;Nordeste;230017;Acaraú;2306;Sobral;23011;5ª  RS Sobral;2309;SOBRAL
2306603;Itatira;CE;Nordeste;230004;Canindé;2301;Fortaleza;23024;3ª RS Sertão Central;2307;SERTAO CENTRAL
2306702;Jaguaretama;CE;Nordeste;230007;Russas - Limoeiro do Norte;2302;Quixadá;23025;4ª RS Litoral Leste/Jaguaribe;2306;LITORAL LESTE/JAGUARIBE
2306801;Jaguaribara;CE;Nordeste;230007;Russas - Limoeiro do Norte;2302;Quixadá;23025;4ª RS Litoral Leste/Jaguaribe;2306;LITORAL LESTE/JAGUARIBE
2306900;Jaguaribe;CE;Nordeste;230007;Russas - Limoeiro do Norte;2302;Quixadá;23025;4ª RS Litoral Leste/Jaguaribe;2306;LITORAL LESTE/JAGUARIBE
2307007;Jaguaruana;CE;Nordeste;230008;Aracati;2302;Quixadá;23025;4ª RS Litoral Leste/Jaguaribe;2306;LITORAL LESTE/JAGUARIBE
2307106;Jardim;CE;Nordeste;230011;Juazeiro do Norte;2304;Juazeiro do Norte;23023;2ª RS Cariri;2308;CARIRI
2307205;Jati;CE;Nordeste;230012;Brejo Santo;2304;Juazeiro do Norte;23023;2ª RS Cariri;2308;CARIRI
2307254;Jijoca de Jericoacoara;CE;Nordeste;230017;Acaraú;2306;Sobral;23011;5ª  RS Sobral;2309;SOBRAL
2307304;Juazeiro do Norte;CE;Nordeste;230011;Juazeiro do Norte;2304;Juazeiro do Norte;23023;2ª RS Cariri;2308;CARIRI
2307403;Jucás;CE;Nordeste;230009;Iguatu;2303;Iguatu;23023;2ª RS Cariri;2308;CARIRI
2307502;Lavras da Mangabeira;CE;Nordeste;230011;Juazeiro do Norte;2304;Juazeiro do Norte;23023;2ª RS Cariri;2308;CARIRI
2307601;Limoeiro do Norte;CE;Nordeste;230007;Russas - Limoeiro do Norte;2302;Quixadá;23025;4ª RS Litoral Leste/Jaguaribe;2306;LITORAL LESTE/JAGUARIBE
2307635;Madalena;CE;Nordeste;230004;Canindé;2301;Fortaleza;23024;3ª RS Sertão Central;2307;SERTAO CENTRAL
2307650;Maracanaú;CE;Nordeste;230001;Fortaleza;2301;Fortaleza;23001;1ª RS Fortaleza;2310;FORTALEZA
2307700;Maranguape;CE;Nordeste;230001;Fortaleza;2301;Fortaleza;23001;1ª RS Fortaleza;2310;FORTALEZA
2307809;Marco;CE;Nordeste;230017;Acaraú;2306;Sobral;23011;5ª  RS Sobral;2309;SOBRAL
2307908;Martinópole;CE;Nordeste;230015;Sobral;2306;Sobral;23011;5ª  RS Sobral;2309;SOBRAL
2308005;Massapê;CE;Nordeste;230015;Sobral;2306;Sobral;23011;5ª  RS Sobral;2309;SOBRAL
2308104;Mauriti;CE;Nordeste;230012;Brejo Santo;2304;Juazeiro do Norte;23023;2ª RS Cariri;2308;CARIRI
2308203;Meruoca;CE;Nordeste;230015;Sobral;2306;Sobral;23011;5ª  RS Sobral;2309;SOBRAL
2308302;Milagres;CE;Nordeste;230012;Brejo Santo;2304;Juazeiro do Norte;23023;2ª RS Cariri;2308;CARIRI
2308351;Milhã;CE;Nordeste;230006;Quixadá;2302;Quixadá;23024;3ª RS Sertão Central;2307;SERTAO CENTRAL
2308377;Miraíma;CE;Nordeste;230002;Itapipoca;2301;Fortaleza;23001;1ª RS Fortaleza;2310;FORTALEZA
2308401;Missão Velha;CE;Nordeste;230011;Juazeiro do Norte;2304;Juazeiro do Norte;23023;2ª RS Cariri;2308;CARIRI
2308500;Mombaça;CE;Nordeste;230009;Iguatu;2303;Iguatu;23023;2ª RS Cariri;2308;CARIRI
2308609;Monsenhor Tabosa;CE;Nordeste;230013;Crateús;2305;Crateús;23011;5ª  RS Sobral;2309;SOBRAL
2308708;Morada Nova;CE;Nordeste;230007;Russas - Limoeiro do Norte;2302;Quixadá;23025;4ª RS Litoral Leste/Jaguaribe;2306;LITORAL LESTE/JAGUARIBE
2308807;Moraújo;CE;Nordeste;230015;Sobral;2306;Sobral;23011;5ª  RS Sobral;2309;SOBRAL
2308906;Morrinhos;CE;Nordeste;230015;Sobral;2306;Sobral;23011;5ª  RS Sobral;2309;SOBRAL
2309003;Mucambo;CE;Nordeste;230015;Sobral;2306;Sobral;23011;5ª  RS Sobral;2309;SOBRAL
2309102;Mulungu;CE;Nordeste;230003;Redenção-Acarape;2301;Fortaleza;23001;1ª RS Fortaleza;2310;FORTALEZA
2309201;Nova Olinda;CE;Nordeste;230011;Juazeiro do Norte;2304;Juazeiro do Norte;23023;2ª RS Cariri;2308;CARIRI
2309300;Nova Russas;CE;Nordeste;230013;Crateús;2305;Crateús;23011;5ª  RS Sobral;2309;SOBRAL
2309409;Novo Oriente;CE;Nordeste;230013;Crateús;2305;Crateús;23011;5ª  RS Sobral;2309;SOBRAL
2309458;Ocara;CE;Nordeste;230003;Redenção-Acarape;2301;Fortaleza;23001;1ª RS Fortaleza;2310;FORTALEZA
2309508;Orós;CE;Nordeste;230010;Icó;2303;Iguatu;23023;2ª RS Cariri;2308;CARIRI
2309607;Pacajus;CE;Nordeste;230001;Fortaleza;2301;Fortaleza;23001;1ª RS Fortaleza;2310;FORTALEZA
2309706;Pacatuba;CE;Nordeste;230001;Fortaleza;2301;Fortaleza;23001;1ª RS Fortaleza;2310;FORTALEZA
2309805;Pacoti;CE;Nordeste;230003;Redenção-Acarape;2301;Fortaleza;23001;1ª RS Fortaleza;2310;FORTALEZA
2309904;Pacujá;CE;Nordeste;230015;Sobral;2306;Sobral;23011;5ª  RS Sobral;2309;SOBRAL
2310001;Palhano;CE;Nordeste;230007;Russas - Limoeiro do Norte;2302;Quixadá;23025;4ª RS Litoral Leste/Jaguaribe;2306;LITORAL LESTE/JAGUARIBE
2310100;Palmácia;CE;Nordeste;230001;Fortaleza;2301;Fortaleza;23001;1ª RS Fortaleza;2310;FORTALEZA
2310209;Paracuru;CE;Nordeste;230001;Fortaleza;2301;Fortaleza;23001;1ª RS Fortaleza;2310;FORTALEZA
2310258;Paraipaba;CE;Nordeste;230001;Fortaleza;2301;Fortaleza;23001;1ª RS Fortaleza;2310;FORTALEZA
2310308;Parambu;CE;Nordeste;230014;Tauá;2305;Crateús;23024;3ª RS Sertão Central;2307;SERTAO CENTRAL
2310407;Paramoti;CE;Nordeste;230004;Canindé;2301;Fortaleza;23024;3ª RS Sertão Central;2307;SERTAO CENTRAL
2310506;Pedra Branca;CE;Nordeste;230006;Quixadá;2302;Quixadá;23024;3ª RS Sertão Central;2307;SERTAO CENTRAL
2310605;Penaforte;CE;Nordeste;230012;Brejo Santo;2304;Juazeiro do Norte;23023;2ª RS Cariri;2308;CARIRI
2310704;Pentecoste;CE;Nordeste;230005;Itapagé;2301;Fortaleza;23001;1ª RS Fortaleza;2310;FORTALEZA
2310803;Pereiro;CE;Nordeste;230007;Russas - Limoeiro do Norte;2302;Quixadá;23025;4ª RS Litoral Leste/Jaguaribe;2306;LITORAL LESTE/JAGUARIBE
2310852;Pindoretama;CE;Nordeste;230001;Fortaleza;2301;Fortaleza;23001;1ª RS Fortaleza;2310;FORTALEZA
2310902;Piquet Carneiro;CE;Nordeste;230009;Iguatu;2303;Iguatu;23023;2ª RS Cariri;2308;CARIRI
2310951;Pires Ferreira;CE;Nordeste;230016;São Benedito - Ipu - Guaraciaba do Norte - Tianguá;2306;Sobral;23011;5ª  RS Sobral;2309;SOBRAL
2311009;Poranga;CE;Nordeste;230013;Crateús;2305;Crateús;23011;5ª  RS Sobral;2309;SOBRAL
2311108;Porteiras;CE;Nordeste;230012;Brejo Santo;2304;Juazeiro do Norte;23023;2ª RS Cariri;2308;CARIRI
2311207;Potengi;CE;Nordeste;230011;Juazeiro do Norte;2304;Juazeiro do Norte;23023;2ª RS Cariri;2308;CARIRI
2311231;Potiretama;CE;Nordeste;230007;Russas - Limoeiro do Norte;2302;Quixadá;23025;4ª RS Litoral Leste/Jaguaribe;2306;LITORAL LESTE/JAGUARIBE
2311264;Quiterianópolis;CE;Nordeste;230013;Crateús;2305;Crateús;23011;5ª  RS Sobral;2309;SOBRAL
2311306;Quixadá;CE;Nordeste;230006;Quixadá;2302;Quixadá;23024;3ª RS Sertão Central;2307;SERTAO CENTRAL
2311355;Quixelô;CE;Nordeste;230009;Iguatu;2303;Iguatu;23023;2ª RS Cariri;2308;CARIRI
2311405;Quixeramobim;CE;Nordeste;230006;Quixadá;2302;Quixadá;23024;3ª RS Sertão Central;2307;SERTAO CENTRAL
2311504;Quixeré;CE;Nordeste;230007;Russas - Limoeiro do Norte;2302;Quixadá;23025;4ª RS Litoral Leste/Jaguaribe;2306;LITORAL LESTE/JAGUARIBE
2311603;Redenção;CE;Nordeste;230003;Redenção-Acarape;2301;Fortaleza;23001;1ª RS Fortaleza;2310;FORTALEZA
2311702;Reriutaba;CE;Nordeste;230015;Sobral;2306;Sobral;23011;5ª  RS Sobral;2309;SOBRAL
2311801;Russas;CE;Nordeste;230007;Russas - Limoeiro do Norte;2302;Quixadá;23025;4ª RS Litoral Leste/Jaguaribe;2306;LITORAL LESTE/JAGUARIBE
2311900;Saboeiro;CE;Nordeste;230009;Iguatu;2303;Iguatu;23023;2ª RS Cariri;2308;CARIRI
2311959;Salitre;CE;Nordeste;230011;Juazeiro do Norte;2304;Juazeiro do Norte;23023;2ª RS Cariri;2308;CARIRI
2312007;Santana do Acaraú;CE;Nordeste;230015;Sobral;2306;Sobral;23011;5ª  RS Sobral;2309;SOBRAL
2312106;Santana do Cariri;CE;Nordeste;230011;Juazeiro do Norte;2304;Juazeiro do Norte;23023;2ª RS Cariri;2308;CARIRI
2312205;Santa Quitéria;CE;Nordeste;230015;Sobral;2306;Sobral;23011;5ª  RS Sobral;2309;SOBRAL
2312304;São Benedito;CE;Nordeste;230016;São Benedito - Ipu - Guaraciaba do Norte - Tianguá;2306;Sobral;23011;5ª  RS Sobral;2309;SOBRAL
2312403;São Gonçalo do Amarante;CE;Nordeste;230001;Fortaleza;2301;Fortaleza;23001;1ª RS Fortaleza;2310;FORTALEZA
2312502;São João do Jaguaribe;CE;Nordeste;230007;Russas - Limoeiro do Norte;2302;Quixadá;23025;4ª RS Litoral Leste/Jaguaribe;2306;LITORAL LESTE/JAGUARIBE
2312601;São Luís do Curu;CE;Nordeste;230001;Fortaleza;2301;Fortaleza;23001;1ª RS Fortaleza;2310;FORTALEZA
2312700;Senador Pompeu;CE;Nordeste;230006;Quixadá;2302;Quixadá;23024;3ª RS Sertão Central;2307;SERTAO CENTRAL
2312809;Senador Sá;CE;Nordeste;230015;Sobral;2306;Sobral;23011;5ª  RS Sobral;2309;SOBRAL
2312908;Sobral;CE;Nordeste;230015;Sobral;2306;Sobral;23011;5ª  RS Sobral;2309;SOBRAL
2313005;Solonópole;CE;Nordeste;230006;Quixadá;2302;Quixadá;23024;3ª RS Sertão Central;2307;SERTAO CENTRAL
2313104;Tabuleiro do Norte;CE;Nordeste;230007;Russas - Limoeiro do Norte;2302;Quixadá;23025;4ª RS Litoral Leste/Jaguaribe;2306;LITORAL LESTE/JAGUARIBE
2313203;Tamboril;CE;Nordeste;230013;Crateús;2305;Crateús;23011;5ª  RS Sobral;2309;SOBRAL
2313252;Tarrafas;CE;Nordeste;230011;Juazeiro do Norte;2304;Juazeiro do Norte;23023;2ª RS Cariri;2308;CARIRI
2313302;Tauá;CE;Nordeste;230014;Tauá;2305;Crateús;23024;3ª RS Sertão Central;2307;SERTAO CENTRAL
2313351;Tejuçuoca;CE;Nordeste;230005;Itapagé;2301;Fortaleza;23001;1ª RS Fortaleza;2310;FORTALEZA
2313401;Tianguá;CE;Nordeste;230016;São Benedito - Ipu - Guaraciaba do Norte - Tianguá;2306;Sobral;23011;5ª  RS Sobral;2309;SOBRAL
2313500;Trairi;CE;Nordeste;230002;Itapipoca;2301;Fortaleza;23001;1ª RS Fortaleza;2310;FORTALEZA
2313559;Tururu;CE;Nordeste;230002;Itapipoca;2301;Fortaleza;23001;1ª RS Fortaleza;2310;FORTALEZA
2313609;Ubajara;CE;Nordeste;230016;São Benedito - Ipu - Guaraciaba do Norte - Tianguá;2306;Sobral;23011;5ª  RS Sobral;2309;SOBRAL
2313708;Umari;CE;Nordeste;230010;Icó;2303;Iguatu;23023;2ª RS Cariri;2308;CARIRI
2313757;Umirim;CE;Nordeste;230002;Itapipoca;2301;Fortaleza;23001;1ª RS Fortaleza;2310;FORTALEZA
2313807;Uruburetama;CE;Nordeste;230002;Itapipoca;2301;Fortaleza;23001;1ª RS Fortaleza;2310;FORTALEZA
2313906;Uruoca;CE;Nordeste;230015;Sobral;2306;Sobral;23011;5ª  RS Sobral;2309;SOBRAL
2313955;Varjota;CE;Nordeste;230015;Sobral;2306;Sobral;23011;5ª  RS Sobral;2309;SOBRAL
2314003;Várzea Alegre;CE;Nordeste;230011;Juazeiro do Norte;2304;Juazeiro do Norte;23023;2ª RS Cariri;2308;CARIRI
2314102;Viçosa do Ceará;CE;Nordeste;230016;São Benedito - Ipu - Guaraciaba do Norte - Tianguá;2306;Sobral;23011;5ª  RS Sobral;2309;SOBRAL
2400109;Acari;RN;Nordeste;240008;Currais Novos;2402;Caicó;24004;4ª Região de Saúde - Caicó;2402;MACRORREGIAO I
2400208;Assú;RN;Nordeste;240011;Açu;2403;Mossoró;24008;8ª Região de Saúde - Açu;2401;MACRORREGIAO II
2400307;Afonso Bezerra;RN;Nordeste;240011;Açu;2403;Mossoró;24003;3ª Região de Saúde - João Câmara;2402;MACRORREGIAO I
2400406;Água Nova;RN;Nordeste;240010;Pau dos Ferros;2403;Mossoró;24006;6ª Região de Saúde - Pau dos Ferros;2401;MACRORREGIAO II
2400505;Alexandria;RN;Nordeste;240010;Pau dos Ferros;2403;Mossoró;24006;6ª Região de Saúde - Pau dos Ferros;2401;MACRORREGIAO II
2400604;Almino Afonso;RN;Nordeste;240010;Pau dos Ferros;2403;Mossoró;24006;6ª Região de Saúde - Pau dos Ferros;2401;MACRORREGIAO II
2400703;Alto do Rodrigues;RN;Nordeste;240011;Açu;2403;Mossoró;24008;8ª Região de Saúde - Açu;2401;MACRORREGIAO II
2400802;Angicos;RN;Nordeste;240011;Açu;2403;Mossoró;24008;8ª Região de Saúde - Açu;2401;MACRORREGIAO II
2400901;Antônio Martins;RN;Nordeste;240010;Pau dos Ferros;2403;Mossoró;24006;6ª Região de Saúde - Pau dos Ferros;2401;MACRORREGIAO II
2401008;Apodi;RN;Nordeste;240009;Mossoró;2403;Mossoró;24002;2ª Região de Saúde - Mossoró;2401;MACRORREGIAO II
2401107;Areia Branca;RN;Nordeste;240009;Mossoró;2403;Mossoró;24002;2ª Região de Saúde - Mossoró;2401;MACRORREGIAO II
2401206;Arez;RN;Nordeste;240003;Canguaretama;2401;Natal;24001;1ª Região de Saúde - São José de Mipibu;2402;MACRORREGIAO I
2401305;Campo Grande;RN;Nordeste;240009;Mossoró;2403;Mossoró;24002;2ª Região de Saúde - Mossoró;2401;MACRORREGIAO II
2401404;Baía Formosa;RN;Nordeste;240003;Canguaretama;2401;Natal;24001;1ª Região de Saúde - São José de Mipibu;2402;MACRORREGIAO I
2401453;Baraúna;RN;Nordeste;240009;Mossoró;2403;Mossoró;24002;2ª Região de Saúde - Mossoró;2401;MACRORREGIAO II
2401503;Barcelona;RN;Nordeste;240006;São Paulo do Potengi;2401;Natal;24005;5ª Região de Saúde - Santa Cruz;2402;MACRORREGIAO I
2401602;Bento Fernandes;RN;Nordeste;240001;Natal;2401;Natal;24003;3ª Região de Saúde - João Câmara;2402;MACRORREGIAO I
2401651;Bodó;RN;Nordeste;240008;Currais Novos;2402;Caicó;24004;4ª Região de Saúde - Caicó;2402;MACRORREGIAO I
2401701;Bom Jesus;RN;Nordeste;240001;Natal;2401;Natal;24005;5ª Região de Saúde - Santa Cruz;2402;MACRORREGIAO I
2401800;Brejinho;RN;Nordeste;240001;Natal;2401;Natal;24001;1ª Região de Saúde - São José de Mipibu;2402;MACRORREGIAO I
2401859;Caiçara do Norte;RN;Nordeste;240005;João Câmara;2401;Natal;24003;3ª Região de Saúde - João Câmara;2402;MACRORREGIAO I
2401909;Caiçara do Rio do Vento;RN;Nordeste;240006;São Paulo do Potengi;2401;Natal;24003;3ª Região de Saúde - João Câmara;2402;MACRORREGIAO I
2402006;Caicó;RN;Nordeste;240007;Caicó;2402;Caicó;24004;4ª Região de Saúde - Caicó;2402;MACRORREGIAO I
2402105;Campo Redondo;RN;Nordeste;240004;Santa Cruz;2401;Natal;24005;5ª Região de Saúde - Santa Cruz;2402;MACRORREGIAO I
2402204;Canguaretama;RN;Nordeste;240003;Canguaretama;2401;Natal;24001;1ª Região de Saúde - São José de Mipibu;2402;MACRORREGIAO I
2402303;Caraúbas;RN;Nordeste;240009;Mossoró;2403;Mossoró;24002;2ª Região de Saúde - Mossoró;2401;MACRORREGIAO II
2402402;Carnaúba dos Dantas;RN;Nordeste;240008;Currais Novos;2402;Caicó;24004;4ª Região de Saúde - Caicó;2402;MACRORREGIAO I
2402501;Carnaubais;RN;Nordeste;240011;Açu;2403;Mossoró;24008;8ª Região de Saúde - Açu;2401;MACRORREGIAO II
2402600;Ceará-Mirim;RN;Nordeste;240001;Natal;2401;Natal;24003;3ª Região de Saúde - João Câmara;2402;MACRORREGIAO I
2402709;Cerro Corá;RN;Nordeste;240008;Currais Novos;2402;Caicó;24004;4ª Região de Saúde - Caicó;2402;MACRORREGIAO I
2402808;Coronel Ezequiel;RN;Nordeste;240004;Santa Cruz;2401;Natal;24005;5ª Região de Saúde - Santa Cruz;2402;MACRORREGIAO I
2402907;Coronel João Pessoa;RN;Nordeste;240010;Pau dos Ferros;2403;Mossoró;24006;6ª Região de Saúde - Pau dos Ferros;2401;MACRORREGIAO II
2403004;Cruzeta;RN;Nordeste;240007;Caicó;2402;Caicó;24004;4ª Região de Saúde - Caicó;2402;MACRORREGIAO I
2403103;Currais Novos;RN;Nordeste;240008;Currais Novos;2402;Caicó;24004;4ª Região de Saúde - Caicó;2402;MACRORREGIAO I
2403202;Doutor Severiano;RN;Nordeste;240010;Pau dos Ferros;2403;Mossoró;24006;6ª Região de Saúde - Pau dos Ferros;2401;MACRORREGIAO II
2403251;Parnamirim;RN;Nordeste;240001;Natal;2401;Natal;24007;7ª Região de Saúde - Metropolitana;2402;MACRORREGIAO I
2403301;Encanto;RN;Nordeste;240010;Pau dos Ferros;2403;Mossoró;24006;6ª Região de Saúde - Pau dos Ferros;2401;MACRORREGIAO II
2403400;Equador;RN;Nordeste;240007;Caicó;2402;Caicó;24004;4ª Região de Saúde - Caicó;2402;MACRORREGIAO I
2403509;Espírito Santo;RN;Nordeste;240003;Canguaretama;2401;Natal;24001;1ª Região de Saúde - São José de Mipibu;2402;MACRORREGIAO I
2403608;Extremoz;RN;Nordeste;240001;Natal;2401;Natal;24007;7ª Região de Saúde - Metropolitana;2402;MACRORREGIAO I
2403707;Felipe Guerra;RN;Nordeste;240009;Mossoró;2403;Mossoró;24002;2ª Região de Saúde - Mossoró;2401;MACRORREGIAO II
2403756;Fernando Pedroza;RN;Nordeste;240011;Açu;2403;Mossoró;24008;8ª Região de Saúde - Açu;2401;MACRORREGIAO II
2403806;Florânia;RN;Nordeste;240008;Currais Novos;2402;Caicó;24004;4ª Região de Saúde - Caicó;2402;MACRORREGIAO I
2403905;Francisco Dantas;RN;Nordeste;240010;Pau dos Ferros;2403;Mossoró;24006;6ª Região de Saúde - Pau dos Ferros;2401;MACRORREGIAO II
2404002;Frutuoso Gomes;RN;Nordeste;240010;Pau dos Ferros;2403;Mossoró;24006;6ª Região de Saúde - Pau dos Ferros;2401;MACRORREGIAO II
2404101;Galinhos;RN;Nordeste;240005;João Câmara;2401;Natal;24003;3ª Região de Saúde - João Câmara;2402;MACRORREGIAO I
2404200;Goianinha;RN;Nordeste;240003;Canguaretama;2401;Natal;24001;1ª Região de Saúde - São José de Mipibu;2402;MACRORREGIAO I
2404309;Governador Dix-Sept Rosado;RN;Nordeste;240009;Mossoró;2403;Mossoró;24002;2ª Região de Saúde - Mossoró;2401;MACRORREGIAO II
2404408;Grossos;RN;Nordeste;240009;Mossoró;2403;Mossoró;24002;2ª Região de Saúde - Mossoró;2401;MACRORREGIAO II
2404507;Guamaré;RN;Nordeste;240011;Açu;2403;Mossoró;24003;3ª Região de Saúde - João Câmara;2402;MACRORREGIAO I
2404606;Ielmo Marinho;RN;Nordeste;240001;Natal;2401;Natal;24003;3ª Região de Saúde - João Câmara;2402;MACRORREGIAO I
2404705;Ipanguaçu;RN;Nordeste;240011;Açu;2403;Mossoró;24008;8ª Região de Saúde - Açu;2401;MACRORREGIAO II
2404804;Ipueira;RN;Nordeste;240007;Caicó;2402;Caicó;24004;4ª Região de Saúde - Caicó;2402;MACRORREGIAO I
2404853;Itajá;RN;Nordeste;240011;Açu;2403;Mossoró;24008;8ª Região de Saúde - Açu;2401;MACRORREGIAO II
2404903;Itaú;RN;Nordeste;240009;Mossoró;2403;Mossoró;24006;6ª Região de Saúde - Pau dos Ferros;2401;MACRORREGIAO II
2405009;Jaçanã;RN;Nordeste;240004;Santa Cruz;2401;Natal;24005;5ª Região de Saúde - Santa Cruz;2402;MACRORREGIAO I
2405108;Jandaíra;RN;Nordeste;240005;João Câmara;2401;Natal;24003;3ª Região de Saúde - João Câmara;2402;MACRORREGIAO I
2405207;Janduís;RN;Nordeste;240009;Mossoró;2403;Mossoró;24002;2ª Região de Saúde - Mossoró;2401;MACRORREGIAO II
2405306;Januário Cicco;RN;Nordeste;240002;Santo Antônio - Passa e Fica - Nova Cruz;2401;Natal;24005;5ª Região de Saúde - Santa Cruz;2402;MACRORREGIAO I
2405405;Japi;RN;Nordeste;240004;Santa Cruz;2401;Natal;24005;5ª Região de Saúde - Santa Cruz;2402;MACRORREGIAO I
2405504;Jardim de Angicos;RN;Nordeste;240005;João Câmara;2401;Natal;24003;3ª Região de Saúde - João Câmara;2402;MACRORREGIAO I
2405603;Jardim de Piranhas;RN;Nordeste;240007;Caicó;2402;Caicó;24004;4ª Região de Saúde - Caicó;2402;MACRORREGIAO I
2405702;Jardim do Seridó;RN;Nordeste;240007;Caicó;2402;Caicó;24004;4ª Região de Saúde - Caicó;2402;MACRORREGIAO I
2405801;João Câmara;RN;Nordeste;240005;João Câmara;2401;Natal;24003;3ª Região de Saúde - João Câmara;2402;MACRORREGIAO I
2405900;João Dias;RN;Nordeste;240010;Pau dos Ferros;2403;Mossoró;24006;6ª Região de Saúde - Pau dos Ferros;2401;MACRORREGIAO II
2406007;José da Penha;RN;Nordeste;240010;Pau dos Ferros;2403;Mossoró;24006;6ª Região de Saúde - Pau dos Ferros;2401;MACRORREGIAO II
2406106;Jucurutu;RN;Nordeste;240007;Caicó;2402;Caicó;24004;4ª Região de Saúde - Caicó;2402;MACRORREGIAO I
2406155;Jundiá;RN;Nordeste;240001;Natal;2401;Natal;24001;1ª Região de Saúde - São José de Mipibu;2402;MACRORREGIAO I
2406205;Lagoa d'Anta;RN;Nordeste;240002;Santo Antônio - Passa e Fica - Nova Cruz;2401;Natal;24001;1ª Região de Saúde - São José de Mipibu;2402;MACRORREGIAO I
2406304;Lagoa de Pedras;RN;Nordeste;240002;Santo Antônio - Passa e Fica - Nova Cruz;2401;Natal;24001;1ª Região de Saúde - São José de Mipibu;2402;MACRORREGIAO I
2406403;Lagoa de Velhos;RN;Nordeste;240006;São Paulo do Potengi;2401;Natal;24005;5ª Região de Saúde - Santa Cruz;2402;MACRORREGIAO I
2406502;Lagoa Nova;RN;Nordeste;240008;Currais Novos;2402;Caicó;24004;4ª Região de Saúde - Caicó;2402;MACRORREGIAO I
2406601;Lagoa Salgada;RN;Nordeste;240001;Natal;2401;Natal;24001;1ª Região de Saúde - São José de Mipibu;2402;MACRORREGIAO I
2406700;Lajes;RN;Nordeste;240011;Açu;2403;Mossoró;24003;3ª Região de Saúde - João Câmara;2402;MACRORREGIAO I
2406809;Lajes Pintadas;RN;Nordeste;240004;Santa Cruz;2401;Natal;24005;5ª Região de Saúde - Santa Cruz;2402;MACRORREGIAO I
2406908;Lucrécia;RN;Nordeste;240010;Pau dos Ferros;2403;Mossoró;24006;6ª Região de Saúde - Pau dos Ferros;2401;MACRORREGIAO II
2407005;Luís Gomes;RN;Nordeste;240010;Pau dos Ferros;2403;Mossoró;24006;6ª Região de Saúde - Pau dos Ferros;2401;MACRORREGIAO II
2407104;Macaíba;RN;Nordeste;240001;Natal;2401;Natal;24007;7ª Região de Saúde - Metropolitana;2402;MACRORREGIAO I
2407203;Macau;RN;Nordeste;240011;Açu;2403;Mossoró;24003;3ª Região de Saúde - João Câmara;2402;MACRORREGIAO I
2407252;Major Sales;RN;Nordeste;240010;Pau dos Ferros;2403;Mossoró;24006;6ª Região de Saúde - Pau dos Ferros;2401;MACRORREGIAO II
2407302;Marcelino Vieira;RN;Nordeste;240010;Pau dos Ferros;2403;Mossoró;24006;6ª Região de Saúde - Pau dos Ferros;2401;MACRORREGIAO II
2407401;Martins;RN;Nordeste;240010;Pau dos Ferros;2403;Mossoró;24006;6ª Região de Saúde - Pau dos Ferros;2401;MACRORREGIAO II
2407500;Maxaranguape;RN;Nordeste;240001;Natal;2401;Natal;24003;3ª Região de Saúde - João Câmara;2402;MACRORREGIAO I
2407609;Messias Targino;RN;Nordeste;240009;Mossoró;2403;Mossoró;24002;2ª Região de Saúde - Mossoró;2401;MACRORREGIAO II
2407708;Montanhas;RN;Nordeste;240003;Canguaretama;2401;Natal;24001;1ª Região de Saúde - São José de Mipibu;2402;MACRORREGIAO I
2407807;Monte Alegre;RN;Nordeste;240001;Natal;2401;Natal;24001;1ª Região de Saúde - São José de Mipibu;2402;MACRORREGIAO I
2407906;Monte das Gameleiras;RN;Nordeste;240002;Santo Antônio - Passa e Fica - Nova Cruz;2401;Natal;24001;1ª Região de Saúde - São José de Mipibu;2402;MACRORREGIAO I
2408003;Mossoró;RN;Nordeste;240009;Mossoró;2403;Mossoró;24002;2ª Região de Saúde - Mossoró;2401;MACRORREGIAO II
2408102;Natal;RN;Nordeste;240001;Natal;2401;Natal;24007;7ª Região de Saúde - Metropolitana;2402;MACRORREGIAO I
2408201;Nísia Floresta;RN;Nordeste;240001;Natal;2401;Natal;24001;1ª Região de Saúde - São José de Mipibu;2402;MACRORREGIAO I
2408300;Nova Cruz;RN;Nordeste;240002;Santo Antônio - Passa e Fica - Nova Cruz;2401;Natal;24001;1ª Região de Saúde - São José de Mipibu;2402;MACRORREGIAO I
2408409;Olho d'Água do Borges;RN;Nordeste;240010;Pau dos Ferros;2403;Mossoró;24006;6ª Região de Saúde - Pau dos Ferros;2401;MACRORREGIAO II
2408508;Ouro Branco;RN;Nordeste;240007;Caicó;2402;Caicó;24004;4ª Região de Saúde - Caicó;2402;MACRORREGIAO I
2408607;Paraná;RN;Nordeste;240010;Pau dos Ferros;2403;Mossoró;24006;6ª Região de Saúde - Pau dos Ferros;2401;MACRORREGIAO II
2408706;Paraú;RN;Nordeste;240011;Açu;2403;Mossoró;24008;8ª Região de Saúde - Açu;2401;MACRORREGIAO II
2408805;Parazinho;RN;Nordeste;240005;João Câmara;2401;Natal;24003;3ª Região de Saúde - João Câmara;2402;MACRORREGIAO I
2408904;Parelhas;RN;Nordeste;240007;Caicó;2402;Caicó;24004;4ª Região de Saúde - Caicó;2402;MACRORREGIAO I
2408953;Rio do Fogo;RN;Nordeste;240001;Natal;2401;Natal;24003;3ª Região de Saúde - João Câmara;2402;MACRORREGIAO I
2409100;Passa e Fica;RN;Nordeste;240002;Santo Antônio - Passa e Fica - Nova Cruz;2401;Natal;24001;1ª Região de Saúde - São José de Mipibu;2402;MACRORREGIAO I
2409209;Passagem;RN;Nordeste;240002;Santo Antônio - Passa e Fica - Nova Cruz;2401;Natal;24001;1ª Região de Saúde - São José de Mipibu;2402;MACRORREGIAO I
2409308;Patu;RN;Nordeste;240010;Pau dos Ferros;2403;Mossoró;24006;6ª Região de Saúde - Pau dos Ferros;2401;MACRORREGIAO II
2409332;Santa Maria;RN;Nordeste;240006;São Paulo do Potengi;2401;Natal;24005;5ª Região de Saúde - Santa Cruz;2402;MACRORREGIAO I
2409407;Pau dos Ferros;RN;Nordeste;240010;Pau dos Ferros;2403;Mossoró;24006;6ª Região de Saúde - Pau dos Ferros;2401;MACRORREGIAO II
2409506;Pedra Grande;RN;Nordeste;240005;João Câmara;2401;Natal;24003;3ª Região de Saúde - João Câmara;2402;MACRORREGIAO I
2409605;Pedra Preta;RN;Nordeste;240005;João Câmara;2401;Natal;24003;3ª Região de Saúde - João Câmara;2402;MACRORREGIAO I
2409704;Pedro Avelino;RN;Nordeste;240005;João Câmara;2401;Natal;24003;3ª Região de Saúde - João Câmara;2402;MACRORREGIAO I
2409803;Pedro Velho;RN;Nordeste;240003;Canguaretama;2401;Natal;24001;1ª Região de Saúde - São José de Mipibu;2402;MACRORREGIAO I
2409902;Pendências;RN;Nordeste;240011;Açu;2403;Mossoró;24008;8ª Região de Saúde - Açu;2401;MACRORREGIAO II
2410009;Pilões;RN;Nordeste;240010;Pau dos Ferros;2403;Mossoró;24006;6ª Região de Saúde - Pau dos Ferros;2401;MACRORREGIAO II
2410108;Poço Branco;RN;Nordeste;240001;Natal;2401;Natal;24003;3ª Região de Saúde - João Câmara;2402;MACRORREGIAO I
2410207;Portalegre;RN;Nordeste;240010;Pau dos Ferros;2403;Mossoró;24006;6ª Região de Saúde - Pau dos Ferros;2401;MACRORREGIAO II
2410256;Porto do Mangue;RN;Nordeste;240011;Açu;2403;Mossoró;24008;8ª Região de Saúde - Açu;2401;MACRORREGIAO II
2410306;Serra Caiada;RN;Nordeste;240002;Santo Antônio - Passa e Fica - Nova Cruz;2401;Natal;24005;5ª Região de Saúde - Santa Cruz;2402;MACRORREGIAO I
2410405;Pureza;RN;Nordeste;240001;Natal;2401;Natal;24003;3ª Região de Saúde - João Câmara;2402;MACRORREGIAO I
2410504;Rafael Fernandes;RN;Nordeste;240010;Pau dos Ferros;2403;Mossoró;24006;6ª Região de Saúde - Pau dos Ferros;2401;MACRORREGIAO II
2410603;Rafael Godeiro;RN;Nordeste;240010;Pau dos Ferros;2403;Mossoró;24006;6ª Região de Saúde - Pau dos Ferros;2401;MACRORREGIAO II
2410702;Riacho da Cruz;RN;Nordeste;240010;Pau dos Ferros;2403;Mossoró;24006;6ª Região de Saúde - Pau dos Ferros;2401;MACRORREGIAO II
2410801;Riacho de Santana;RN;Nordeste;240010;Pau dos Ferros;2403;Mossoró;24006;6ª Região de Saúde - Pau dos Ferros;2401;MACRORREGIAO II
2410900;Riachuelo;RN;Nordeste;240006;São Paulo do Potengi;2401;Natal;24003;3ª Região de Saúde - João Câmara;2402;MACRORREGIAO I
2411007;Rodolfo Fernandes;RN;Nordeste;240009;Mossoró;2403;Mossoró;24006;6ª Região de Saúde - Pau dos Ferros;2401;MACRORREGIAO II
2411056;Tibau;RN;Nordeste;240009;Mossoró;2403;Mossoró;24002;2ª Região de Saúde - Mossoró;2401;MACRORREGIAO II
2411106;Ruy Barbosa;RN;Nordeste;240006;São Paulo do Potengi;2401;Natal;24005;5ª Região de Saúde - Santa Cruz;2402;MACRORREGIAO I
2411205;Santa Cruz;RN;Nordeste;240004;Santa Cruz;2401;Natal;24005;5ª Região de Saúde - Santa Cruz;2402;MACRORREGIAO I
2411403;Santana do Matos;RN;Nordeste;240011;Açu;2403;Mossoró;24004;4ª Região de Saúde - Caicó;2402;MACRORREGIAO I
2411429;Santana do Seridó;RN;Nordeste;240007;Caicó;2402;Caicó;24004;4ª Região de Saúde - Caicó;2402;MACRORREGIAO I
2411502;Santo Antônio;RN;Nordeste;240002;Santo Antônio - Passa e Fica - Nova Cruz;2401;Natal;24001;1ª Região de Saúde - São José de Mipibu;2402;MACRORREGIAO I
2411601;São Bento do Norte;RN;Nordeste;240005;João Câmara;2401;Natal;24003;3ª Região de Saúde - João Câmara;2402;MACRORREGIAO I
2411700;São Bento do Trairí;RN;Nordeste;240004;Santa Cruz;2401;Natal;24005;5ª Região de Saúde - Santa Cruz;2402;MACRORREGIAO I
2411809;São Fernando;RN;Nordeste;240007;Caicó;2402;Caicó;24004;4ª Região de Saúde - Caicó;2402;MACRORREGIAO I
2411908;São Francisco do Oeste;RN;Nordeste;240010;Pau dos Ferros;2403;Mossoró;24006;6ª Região de Saúde - Pau dos Ferros;2401;MACRORREGIAO II
2412005;São Gonçalo do Amarante;RN;Nordeste;240001;Natal;2401;Natal;24007;7ª Região de Saúde - Metropolitana;2402;MACRORREGIAO I
2412104;São João do Sabugi;RN;Nordeste;240007;Caicó;2402;Caicó;24004;4ª Região de Saúde - Caicó;2402;MACRORREGIAO I
2412203;São José de Mipibu;RN;Nordeste;240001;Natal;2401;Natal;24001;1ª Região de Saúde - São José de Mipibu;2402;MACRORREGIAO I
2412302;São José do Campestre;RN;Nordeste;240002;Santo Antônio - Passa e Fica - Nova Cruz;2401;Natal;24005;5ª Região de Saúde - Santa Cruz;2402;MACRORREGIAO I
2412401;São José do Seridó;RN;Nordeste;240007;Caicó;2402;Caicó;24004;4ª Região de Saúde - Caicó;2402;MACRORREGIAO I
2412500;São Miguel;RN;Nordeste;240010;Pau dos Ferros;2403;Mossoró;24006;6ª Região de Saúde - Pau dos Ferros;2401;MACRORREGIAO II
2412559;São Miguel do Gostoso;RN;Nordeste;240001;Natal;2401;Natal;24003;3ª Região de Saúde - João Câmara;2402;MACRORREGIAO I
2412609;São Paulo do Potengi;RN;Nordeste;240006;São Paulo do Potengi;2401;Natal;24005;5ª Região de Saúde - Santa Cruz;2402;MACRORREGIAO I
2412708;São Pedro;RN;Nordeste;240006;São Paulo do Potengi;2401;Natal;24005;5ª Região de Saúde - Santa Cruz;2402;MACRORREGIAO I
2412807;São Rafael;RN;Nordeste;240011;Açu;2403;Mossoró;24008;8ª Região de Saúde - Açu;2401;MACRORREGIAO II
2412906;São Tomé;RN;Nordeste;240006;São Paulo do Potengi;2401;Natal;24005;5ª Região de Saúde - Santa Cruz;2402;MACRORREGIAO I
2413003;São Vicente;RN;Nordeste;240008;Currais Novos;2402;Caicó;24004;4ª Região de Saúde - Caicó;2402;MACRORREGIAO I
2413102;Senador Elói de Souza;RN;Nordeste;240006;São Paulo do Potengi;2401;Natal;24005;5ª Região de Saúde - Santa Cruz;2402;MACRORREGIAO I
2413201;Senador Georgino Avelino;RN;Nordeste;240001;Natal;2401;Natal;24001;1ª Região de Saúde - São José de Mipibu;2402;MACRORREGIAO I
2413300;Serra de São Bento;RN;Nordeste;240002;Santo Antônio - Passa e Fica - Nova Cruz;2401;Natal;24001;1ª Região de Saúde - São José de Mipibu;2402;MACRORREGIAO I
2413359;Serra do Mel;RN;Nordeste;240009;Mossoró;2403;Mossoró;24002;2ª Região de Saúde - Mossoró;2401;MACRORREGIAO II
2413409;Serra Negra do Norte;RN;Nordeste;240007;Caicó;2402;Caicó;24004;4ª Região de Saúde - Caicó;2402;MACRORREGIAO I
2413508;Serrinha;RN;Nordeste;240002;Santo Antônio - Passa e Fica - Nova Cruz;2401;Natal;24001;1ª Região de Saúde - São José de Mipibu;2402;MACRORREGIAO I
2413557;Serrinha dos Pintos;RN;Nordeste;240010;Pau dos Ferros;2403;Mossoró;24006;6ª Região de Saúde - Pau dos Ferros;2401;MACRORREGIAO II
2413607;Severiano Melo;RN;Nordeste;240009;Mossoró;2403;Mossoró;24006;6ª Região de Saúde - Pau dos Ferros;2401;MACRORREGIAO II
2413706;Sítio Novo;RN;Nordeste;240004;Santa Cruz;2401;Natal;24005;5ª Região de Saúde - Santa Cruz;2402;MACRORREGIAO I
2413805;Taboleiro Grande;RN;Nordeste;240010;Pau dos Ferros;2403;Mossoró;24006;6ª Região de Saúde - Pau dos Ferros;2401;MACRORREGIAO II
2413904;Taipu;RN;Nordeste;240001;Natal;2401;Natal;24003;3ª Região de Saúde - João Câmara;2402;MACRORREGIAO I
2414001;Tangará;RN;Nordeste;240004;Santa Cruz;2401;Natal;24005;5ª Região de Saúde - Santa Cruz;2402;MACRORREGIAO I
2414100;Tenente Ananias;RN;Nordeste;240010;Pau dos Ferros;2403;Mossoró;24006;6ª Região de Saúde - Pau dos Ferros;2401;MACRORREGIAO II
2414159;Tenente Laurentino Cruz;RN;Nordeste;240008;Currais Novos;2402;Caicó;24004;4ª Região de Saúde - Caicó;2402;MACRORREGIAO I
2414209;Tibau do Sul;RN;Nordeste;240003;Canguaretama;2401;Natal;24001;1ª Região de Saúde - São José de Mipibu;2402;MACRORREGIAO I
2414308;Timbaúba dos Batistas;RN;Nordeste;240007;Caicó;2402;Caicó;24004;4ª Região de Saúde - Caicó;2402;MACRORREGIAO I
2414407;Touros;RN;Nordeste;240001;Natal;2401;Natal;24003;3ª Região de Saúde - João Câmara;2402;MACRORREGIAO I
2414456;Triunfo Potiguar;RN;Nordeste;240011;Açu;2403;Mossoró;24008;8ª Região de Saúde - Açu;2401;MACRORREGIAO II
2414506;Umarizal;RN;Nordeste;240010;Pau dos Ferros;2403;Mossoró;24006;6ª Região de Saúde - Pau dos Ferros;2401;MACRORREGIAO II
2414605;Upanema;RN;Nordeste;240009;Mossoró;2403;Mossoró;24002;2ª Região de Saúde - Mossoró;2401;MACRORREGIAO II
2414704;Várzea;RN;Nordeste;240002;Santo Antônio - Passa e Fica - Nova Cruz;2401;Natal;24001;1ª Região de Saúde - São José de Mipibu;2402;MACRORREGIAO I
2414753;Venha-Ver;RN;Nordeste;240010;Pau dos Ferros;2403;Mossoró;24006;6ª Região de Saúde - Pau dos Ferros;2401;MACRORREGIAO II
2414803;Vera Cruz;RN;Nordeste;240001;Natal;2401;Natal;24001;1ª Região de Saúde - São José de Mipibu;2402;MACRORREGIAO I
2414902;Viçosa;RN;Nordeste;240010;Pau dos Ferros;2403;Mossoró;24006;6ª Região de Saúde - Pau dos Ferros;2401;MACRORREGIAO II
2415008;Vila Flor;RN;Nordeste;240003;Canguaretama;2401;Natal;24001;1ª Região de Saúde - São José de Mipibu;2402;MACRORREGIAO I
2500106;Água Branca;PB;Nordeste;250009;Patos;2503;Patos;25011;11ª Região;2501;MACRORREGIAO III - SERTAO/ALTO SERTAO
2500205;Aguiar;PB;Nordeste;250010;Itaporanga;2503;Patos;25007;7ª Região;2501;MACRORREGIAO III - SERTAO/ALTO SERTAO
2500304;Alagoa Grande;PB;Nordeste;250005;Campina Grande;2502;Campina Grande;25003;3ª Região;2502;MACRORREGIAO II - CAMPINA GRANDE
2500403;Alagoa Nova;PB;Nordeste;250005;Campina Grande;2502;Campina Grande;25003;3ª Região;2502;MACRORREGIAO II - CAMPINA GRANDE
2500502;Alagoinha;PB;Nordeste;250002;Guarabira;2501;João Pessoa;25002;2ª Região;2503;MACRORREGIAO I - JOAO PESSOA
2500536;Alcantil;PB;Nordeste;250005;Campina Grande;2502;Campina Grande;25015;15ª Região;2502;MACRORREGIAO II - CAMPINA GRANDE
2500577;Algodão de Jandaíra;PB;Nordeste;250005;Campina Grande;2502;Campina Grande;25003;3ª Região;2502;MACRORREGIAO II - CAMPINA GRANDE
2500601;Alhandra;PB;Nordeste;250001;João Pessoa;2501;João Pessoa;25001;1ª Região Mata Atlântica;2503;MACRORREGIAO I - JOAO PESSOA
2500700;São João do Rio do Peixe;PB;Nordeste;250015;Cajazeiras;2504;Sousa - Cajazeiras;25009;9ª Região;2501;MACRORREGIAO III - SERTAO/ALTO SERTAO
2500734;Amparo;PB;Nordeste;250008;Sumé;2502;Campina Grande;25005;5ª Região;2502;MACRORREGIAO II - CAMPINA GRANDE
2500775;Aparecida;PB;Nordeste;250014;Sousa;2504;Sousa - Cajazeiras;25010;10ª Região;2501;MACRORREGIAO III - SERTAO/ALTO SERTAO
2500809;Araçagi;PB;Nordeste;250002;Guarabira;2501;João Pessoa;25002;2ª Região;2503;MACRORREGIAO I - JOAO PESSOA
2500908;Arara;PB;Nordeste;250002;Guarabira;2501;João Pessoa;25003;3ª Região;2502;MACRORREGIAO II - CAMPINA GRANDE
2501005;Araruna;PB;Nordeste;250002;Guarabira;2501;João Pessoa;25002;2ª Região;2503;MACRORREGIAO I - JOAO PESSOA
2501104;Areia;PB;Nordeste;250005;Campina Grande;2502;Campina Grande;25003;3ª Região;2502;MACRORREGIAO II - CAMPINA GRANDE
2501153;Areia de Baraúnas;PB;Nordeste;250009;Patos;2503;Patos;25006;6ª Região;2501;MACRORREGIAO III - SERTAO/ALTO SERTAO
2501203;Areial;PB;Nordeste;250005;Campina Grande;2502;Campina Grande;25003;3ª Região;2502;MACRORREGIAO II - CAMPINA GRANDE
2501302;Aroeiras;PB;Nordeste;250005;Campina Grande;2502;Campina Grande;25015;15ª Região;2502;MACRORREGIAO II - CAMPINA GRANDE
2501351;Assunção;PB;Nordeste;250005;Campina Grande;2502;Campina Grande;25016;16ª Região;2502;MACRORREGIAO II - CAMPINA GRANDE
2501401;Baía da Traição;PB;Nordeste;250003;Mamanguape - Rio Tinto;2501;João Pessoa;25014;14ª Região;2503;MACRORREGIAO I - JOAO PESSOA
2501500;Bananeiras;PB;Nordeste;250002;Guarabira;2501;João Pessoa;25002;2ª Região;2503;MACRORREGIAO I - JOAO PESSOA
2501534;Baraúna;PB;Nordeste;250006;Cuité - Nova Floresta;2502;Campina Grande;25004;4ª Região;2502;MACRORREGIAO II - CAMPINA GRANDE
2501575;Barra de Santana;PB;Nordeste;250005;Campina Grande;2502;Campina Grande;25015;15ª Região;2502;MACRORREGIAO II - CAMPINA GRANDE
2501609;Barra de Santa Rosa;PB;Nordeste;250006;Cuité - Nova Floresta;2502;Campina Grande;25004;4ª Região;2502;MACRORREGIAO II - CAMPINA GRANDE
2501708;Barra de São Miguel;PB;Nordeste;250005;Campina Grande;2502;Campina Grande;25015;15ª Região;2502;MACRORREGIAO II - CAMPINA GRANDE
2501807;Bayeux;PB;Nordeste;250001;João Pessoa;2501;João Pessoa;25001;1ª Região Mata Atlântica;2503;MACRORREGIAO I - JOAO PESSOA
2501906;Belém;PB;Nordeste;250002;Guarabira;2501;João Pessoa;25002;2ª Região;2503;MACRORREGIAO I - JOAO PESSOA
2502003;Belém do Brejo do Cruz;PB;Nordeste;250011;Catolé do Rocha - São Bento;2503;Patos;25008;8ª Região;2501;MACRORREGIAO III - SERTAO/ALTO SERTAO
2502052;Bernardino Batista;PB;Nordeste;250014;Sousa;2504;Sousa - Cajazeiras;25009;9ª Região;2501;MACRORREGIAO III - SERTAO/ALTO SERTAO
2502102;Boa Ventura;PB;Nordeste;250010;Itaporanga;2503;Patos;25007;7ª Região;2501;MACRORREGIAO III - SERTAO/ALTO SERTAO
2502151;Boa Vista;PB;Nordeste;250005;Campina Grande;2502;Campina Grande;25016;16ª Região;2502;MACRORREGIAO II - CAMPINA GRANDE
2502201;Bom Jesus;PB;Nordeste;250015;Cajazeiras;2504;Sousa - Cajazeiras;25009;9ª Região;2501;MACRORREGIAO III - SERTAO/ALTO SERTAO
2502300;Bom Sucesso;PB;Nordeste;250011;Catolé do Rocha - São Bento;2503;Patos;25008;8ª Região;2501;MACRORREGIAO III - SERTAO/ALTO SERTAO
2502409;Bonito de Santa Fé;PB;Nordeste;250015;Cajazeiras;2504;Sousa - Cajazeiras;25009;9ª Região;2501;MACRORREGIAO III - SERTAO/ALTO SERTAO
2502508;Boqueirão;PB;Nordeste;250005;Campina Grande;2502;Campina Grande;25015;15ª Região;2502;MACRORREGIAO II - CAMPINA GRANDE
2502607;Igaracy;PB;Nordeste;250010;Itaporanga;2503;Patos;25007;7ª Região;2501;MACRORREGIAO III - SERTAO/ALTO SERTAO
2502706;Borborema;PB;Nordeste;250002;Guarabira;2501;João Pessoa;25002;2ª Região;2503;MACRORREGIAO I - JOAO PESSOA
2502805;Brejo do Cruz;PB;Nordeste;250011;Catolé do Rocha - São Bento;2503;Patos;25008;8ª Região;2501;MACRORREGIAO III - SERTAO/ALTO SERTAO
2502904;Brejo dos Santos;PB;Nordeste;250011;Catolé do Rocha - São Bento;2503;Patos;25008;8ª Região;2501;MACRORREGIAO III - SERTAO/ALTO SERTAO
2503001;Caaporã;PB;Nordeste;250001;João Pessoa;2501;João Pessoa;25001;1ª Região Mata Atlântica;2503;MACRORREGIAO I - JOAO PESSOA
2503100;Cabaceiras;PB;Nordeste;250005;Campina Grande;2502;Campina Grande;25015;15ª Região;2502;MACRORREGIAO II - CAMPINA GRANDE
2503209;Cabedelo;PB;Nordeste;250001;João Pessoa;2501;João Pessoa;25001;1ª Região Mata Atlântica;2503;MACRORREGIAO I - JOAO PESSOA
2503308;Cachoeira dos Índios;PB;Nordeste;250015;Cajazeiras;2504;Sousa - Cajazeiras;25009;9ª Região;2501;MACRORREGIAO III - SERTAO/ALTO SERTAO
2503407;Cacimba de Areia;PB;Nordeste;250009;Patos;2503;Patos;25006;6ª Região;2501;MACRORREGIAO III - SERTAO/ALTO SERTAO
2503506;Cacimba de Dentro;PB;Nordeste;250002;Guarabira;2501;João Pessoa;25002;2ª Região;2503;MACRORREGIAO I - JOAO PESSOA
2503555;Cacimbas;PB;Nordeste;250009;Patos;2503;Patos;25006;6ª Região;2501;MACRORREGIAO III - SERTAO/ALTO SERTAO
2503605;Caiçara;PB;Nordeste;250002;Guarabira;2501;João Pessoa;25002;2ª Região;2503;MACRORREGIAO I - JOAO PESSOA
2503704;Cajazeiras;PB;Nordeste;250015;Cajazeiras;2504;Sousa - Cajazeiras;25009;9ª Região;2501;MACRORREGIAO III - SERTAO/ALTO SERTAO
2503753;Cajazeirinhas;PB;Nordeste;250012;Pombal;2503;Patos;25013;13ª Região;2501;MACRORREGIAO III - SERTAO/ALTO SERTAO
2503803;Caldas Brandão;PB;Nordeste;250001;João Pessoa;2501;João Pessoa;25012;12ª Região;2503;MACRORREGIAO I - JOAO PESSOA
2503902;Camalaú;PB;Nordeste;250007;Monteiro;2502;Campina Grande;25005;5ª Região;2502;MACRORREGIAO II - CAMPINA GRANDE
2504009;Campina Grande;PB;Nordeste;250005;Campina Grande;2502;Campina Grande;25016;16ª Região;2502;MACRORREGIAO II - CAMPINA GRANDE
2504033;Capim;PB;Nordeste;250003;Mamanguape - Rio Tinto;2501;João Pessoa;25014;14ª Região;2503;MACRORREGIAO I - JOAO PESSOA
2504074;Caraúbas;PB;Nordeste;250005;Campina Grande;2502;Campina Grande;25005;5ª Região;2502;MACRORREGIAO II - CAMPINA GRANDE
2504108;Carrapateira;PB;Nordeste;250015;Cajazeiras;2504;Sousa - Cajazeiras;25009;9ª Região;2501;MACRORREGIAO III - SERTAO/ALTO SERTAO
2504157;Casserengue;PB;Nordeste;250002;Guarabira;2501;João Pessoa;25002;2ª Região;2503;MACRORREGIAO I - JOAO PESSOA
2504207;Catingueira;PB;Nordeste;250009;Patos;2503;Patos;25006;6ª Região;2501;MACRORREGIAO III - SERTAO/ALTO SERTAO
2504306;Catolé do Rocha;PB;Nordeste;250011;Catolé do Rocha - São Bento;2503;Patos;25008;8ª Região;2501;MACRORREGIAO III - SERTAO/ALTO SERTAO
2504355;Caturité;PB;Nordeste;250005;Campina Grande;2502;Campina Grande;25015;15ª Região;2502;MACRORREGIAO II - CAMPINA GRANDE
2504405;Conceição;PB;Nordeste;250010;Itaporanga;2503;Patos;25007;7ª Região;2501;MACRORREGIAO III - SERTAO/ALTO SERTAO
2504504;Condado;PB;Nordeste;250012;Pombal;2503;Patos;25006;6ª Região;2501;MACRORREGIAO III - SERTAO/ALTO SERTAO
2504603;Conde;PB;Nordeste;250001;João Pessoa;2501;João Pessoa;25001;1ª Região Mata Atlântica;2503;MACRORREGIAO I - JOAO PESSOA
2504702;Congo;PB;Nordeste;250008;Sumé;2502;Campina Grande;25005;5ª Região;2502;MACRORREGIAO II - CAMPINA GRANDE
2504801;Coremas;PB;Nordeste;250009;Patos;2503;Patos;25007;7ª Região;2501;MACRORREGIAO III - SERTAO/ALTO SERTAO
2504850;Coxixola;PB;Nordeste;250008;Sumé;2502;Campina Grande;25005;5ª Região;2502;MACRORREGIAO II - CAMPINA GRANDE
2504900;Cruz do Espírito Santo;PB;Nordeste;250001;João Pessoa;2501;João Pessoa;25001;1ª Região Mata Atlântica;2503;MACRORREGIAO I - JOAO PESSOA
2505006;Cubati;PB;Nordeste;250005;Campina Grande;2502;Campina Grande;25004;4ª Região;2502;MACRORREGIAO II - CAMPINA GRANDE
2505105;Cuité;PB;Nordeste;250006;Cuité - Nova Floresta;2502;Campina Grande;25004;4ª Região;2502;MACRORREGIAO II - CAMPINA GRANDE
2505204;Cuitegi;PB;Nordeste;250002;Guarabira;2501;João Pessoa;25002;2ª Região;2503;MACRORREGIAO I - JOAO PESSOA
2505238;Cuité de Mamanguape;PB;Nordeste;250001;João Pessoa;2501;João Pessoa;25014;14ª Região;2503;MACRORREGIAO I - JOAO PESSOA
2505279;Curral de Cima;PB;Nordeste;250003;Mamanguape - Rio Tinto;2501;João Pessoa;25014;14ª Região;2503;MACRORREGIAO I - JOAO PESSOA
2505303;Curral Velho;PB;Nordeste;250010;Itaporanga;2503;Patos;25007;7ª Região;2501;MACRORREGIAO III - SERTAO/ALTO SERTAO
2505352;Damião;PB;Nordeste;250006;Cuité - Nova Floresta;2502;Campina Grande;25004;4ª Região;2502;MACRORREGIAO II - CAMPINA GRANDE
2505402;Desterro;PB;Nordeste;250009;Patos;2503;Patos;25006;6ª Região;2501;MACRORREGIAO III - SERTAO/ALTO SERTAO
2505501;Vista Serrana;PB;Nordeste;250009;Patos;2503;Patos;25006;6ª Região;2501;MACRORREGIAO III - SERTAO/ALTO SERTAO
2505600;Diamante;PB;Nordeste;250010;Itaporanga;2503;Patos;25007;7ª Região;2501;MACRORREGIAO III - SERTAO/ALTO SERTAO
2505709;Dona Inês;PB;Nordeste;250002;Guarabira;2501;João Pessoa;25002;2ª Região;2503;MACRORREGIAO I - JOAO PESSOA
2505808;Duas Estradas;PB;Nordeste;250002;Guarabira;2501;João Pessoa;25002;2ª Região;2503;MACRORREGIAO I - JOAO PESSOA
2505907;Emas;PB;Nordeste;250009;Patos;2503;Patos;25006;6ª Região;2501;MACRORREGIAO III - SERTAO/ALTO SERTAO
2506004;Esperança;PB;Nordeste;250005;Campina Grande;2502;Campina Grande;25003;3ª Região;2502;MACRORREGIAO II - CAMPINA GRANDE
2506103;Fagundes;PB;Nordeste;250005;Campina Grande;2502;Campina Grande;25016;16ª Região;2502;MACRORREGIAO II - CAMPINA GRANDE
2506202;Frei Martinho;PB;Nordeste;250006;Cuité - Nova Floresta;2502;Campina Grande;25004;4ª Região;2502;MACRORREGIAO II - CAMPINA GRANDE
2506251;Gado Bravo;PB;Nordeste;250005;Campina Grande;2502;Campina Grande;25015;15ª Região;2502;MACRORREGIAO II - CAMPINA GRANDE
2506301;Guarabira;PB;Nordeste;250002;Guarabira;2501;João Pessoa;25002;2ª Região;2503;MACRORREGIAO I - JOAO PESSOA
2506400;Gurinhém;PB;Nordeste;250001;João Pessoa;2501;João Pessoa;25012;12ª Região;2503;MACRORREGIAO I - JOAO PESSOA
2506509;Gurjão;PB;Nordeste;250005;Campina Grande;2502;Campina Grande;25005;5ª Região;2502;MACRORREGIAO II - CAMPINA GRANDE
2506608;Ibiara;PB;Nordeste;250010;Itaporanga;2503;Patos;25007;7ª Região;2501;MACRORREGIAO III - SERTAO/ALTO SERTAO
2506707;Imaculada;PB;Nordeste;250009;Patos;2503;Patos;25011;11ª Região;2501;MACRORREGIAO III - SERTAO/ALTO SERTAO
2506806;Ingá;PB;Nordeste;250005;Campina Grande;2502;Campina Grande;25012;12ª Região;2503;MACRORREGIAO I - JOAO PESSOA
2506905;Itabaiana;PB;Nordeste;250004;Itabaiana;2501;João Pessoa;25012;12ª Região;2503;MACRORREGIAO I - JOAO PESSOA
2507002;Itaporanga;PB;Nordeste;250010;Itaporanga;2503;Patos;25007;7ª Região;2501;MACRORREGIAO III - SERTAO/ALTO SERTAO
2507101;Itapororoca;PB;Nordeste;250003;Mamanguape - Rio Tinto;2501;João Pessoa;25014;14ª Região;2503;MACRORREGIAO I - JOAO PESSOA
2507200;Itatuba;PB;Nordeste;250005;Campina Grande;2502;Campina Grande;25012;12ª Região;2503;MACRORREGIAO I - JOAO PESSOA
2507309;Jacaraú;PB;Nordeste;250003;Mamanguape - Rio Tinto;2501;João Pessoa;25014;14ª Região;2503;MACRORREGIAO I - JOAO PESSOA
2507408;Jericó;PB;Nordeste;250011;Catolé do Rocha - São Bento;2503;Patos;25008;8ª Região;2501;MACRORREGIAO III - SERTAO/ALTO SERTAO
2507507;João Pessoa;PB;Nordeste;250001;João Pessoa;2501;João Pessoa;25001;1ª Região Mata Atlântica;2503;MACRORREGIAO I - JOAO PESSOA
2507606;Juarez Távora;PB;Nordeste;250001;João Pessoa;2501;João Pessoa;25012;12ª Região;2503;MACRORREGIAO I - JOAO PESSOA
2507705;Juazeirinho;PB;Nordeste;250005;Campina Grande;2502;Campina Grande;25016;16ª Região;2502;MACRORREGIAO II - CAMPINA GRANDE
2507804;Junco do Seridó;PB;Nordeste;250005;Campina Grande;2502;Campina Grande;25006;6ª Região;2501;MACRORREGIAO III - SERTAO/ALTO SERTAO
2507903;Juripiranga;PB;Nordeste;250001;João Pessoa;2501;João Pessoa;25012;12ª Região;2503;MACRORREGIAO I - JOAO PESSOA
2508000;Juru;PB;Nordeste;250013;Princesa Isabel;2503;Patos;25011;11ª Região;2501;MACRORREGIAO III - SERTAO/ALTO SERTAO
2508109;Lagoa;PB;Nordeste;250012;Pombal;2503;Patos;25013;13ª Região;2501;MACRORREGIAO III - SERTAO/ALTO SERTAO
2508208;Lagoa de Dentro;PB;Nordeste;250002;Guarabira;2501;João Pessoa;25002;2ª Região;2503;MACRORREGIAO I - JOAO PESSOA
2508307;Lagoa Seca;PB;Nordeste;250005;Campina Grande;2502;Campina Grande;25003;3ª Região;2502;MACRORREGIAO II - CAMPINA GRANDE
2508406;Lastro;PB;Nordeste;250014;Sousa;2504;Sousa - Cajazeiras;25010;10ª Região;2501;MACRORREGIAO III - SERTAO/ALTO SERTAO
2508505;Livramento;PB;Nordeste;250008;Sumé;2502;Campina Grande;25016;16ª Região;2502;MACRORREGIAO II - CAMPINA GRANDE
2508554;Logradouro;PB;Nordeste;250002;Guarabira;2501;João Pessoa;25002;2ª Região;2503;MACRORREGIAO I - JOAO PESSOA
2508604;Lucena;PB;Nordeste;250001;João Pessoa;2501;João Pessoa;25001;1ª Região Mata Atlântica;2503;MACRORREGIAO I - JOAO PESSOA
2508703;Mãe d'Água;PB;Nordeste;250009;Patos;2503;Patos;25006;6ª Região;2501;MACRORREGIAO III - SERTAO/ALTO SERTAO
2508802;Malta;PB;Nordeste;250009;Patos;2503;Patos;25006;6ª Região;2501;MACRORREGIAO III - SERTAO/ALTO SERTAO
2508901;Mamanguape;PB;Nordeste;250003;Mamanguape - Rio Tinto;2501;João Pessoa;25014;14ª Região;2503;MACRORREGIAO I - JOAO PESSOA
2509008;Manaíra;PB;Nordeste;250013;Princesa Isabel;2503;Patos;25011;11ª Região;2501;MACRORREGIAO III - SERTAO/ALTO SERTAO
2509057;Marcação;PB;Nordeste;250003;Mamanguape - Rio Tinto;2501;João Pessoa;25014;14ª Região;2503;MACRORREGIAO I - JOAO PESSOA
2509107;Mari;PB;Nordeste;250001;João Pessoa;2501;João Pessoa;25001;1ª Região Mata Atlântica;2503;MACRORREGIAO I - JOAO PESSOA
2509156;Marizópolis;PB;Nordeste;250014;Sousa;2504;Sousa - Cajazeiras;25010;10ª Região;2501;MACRORREGIAO III - SERTAO/ALTO SERTAO
2509206;Massaranduba;PB;Nordeste;250005;Campina Grande;2502;Campina Grande;25016;16ª Região;2502;MACRORREGIAO II - CAMPINA GRANDE
2509305;Mataraca;PB;Nordeste;250003;Mamanguape - Rio Tinto;2501;João Pessoa;25014;14ª Região;2503;MACRORREGIAO I - JOAO PESSOA
2509339;Matinhas;PB;Nordeste;250005;Campina Grande;2502;Campina Grande;25003;3ª Região;2502;MACRORREGIAO II - CAMPINA GRANDE
2509370;Mato Grosso;PB;Nordeste;250011;Catolé do Rocha - São Bento;2503;Patos;25008;8ª Região;2501;MACRORREGIAO III - SERTAO/ALTO SERTAO
2509396;Maturéia;PB;Nordeste;250009;Patos;2503;Patos;25006;6ª Região;2501;MACRORREGIAO III - SERTAO/ALTO SERTAO
2509404;Mogeiro;PB;Nordeste;250004;Itabaiana;2501;João Pessoa;25012;12ª Região;2503;MACRORREGIAO I - JOAO PESSOA
2509503;Montadas;PB;Nordeste;250005;Campina Grande;2502;Campina Grande;25003;3ª Região;2502;MACRORREGIAO II - CAMPINA GRANDE
2509602;Monte Horebe;PB;Nordeste;250015;Cajazeiras;2504;Sousa - Cajazeiras;25009;9ª Região;2501;MACRORREGIAO III - SERTAO/ALTO SERTAO
2509701;Monteiro;PB;Nordeste;250007;Monteiro;2502;Campina Grande;25005;5ª Região;2502;MACRORREGIAO II - CAMPINA GRANDE
2509800;Mulungu;PB;Nordeste;250002;Guarabira;2501;João Pessoa;25002;2ª Região;2503;MACRORREGIAO I - JOAO PESSOA
2509909;Natuba;PB;Nordeste;250004;Itabaiana;2501;João Pessoa;25015;15ª Região;2502;MACRORREGIAO II - CAMPINA GRANDE
2510006;Nazarezinho;PB;Nordeste;250014;Sousa;2504;Sousa - Cajazeiras;25010;10ª Região;2501;MACRORREGIAO III - SERTAO/ALTO SERTAO
2510105;Nova Floresta;PB;Nordeste;250006;Cuité - Nova Floresta;2502;Campina Grande;25004;4ª Região;2502;MACRORREGIAO II - CAMPINA GRANDE
2510204;Nova Olinda;PB;Nordeste;250010;Itaporanga;2503;Patos;25007;7ª Região;2501;MACRORREGIAO III - SERTAO/ALTO SERTAO
2510303;Nova Palmeira;PB;Nordeste;250006;Cuité - Nova Floresta;2502;Campina Grande;25004;4ª Região;2502;MACRORREGIAO II - CAMPINA GRANDE
2510402;Olho d'Água;PB;Nordeste;250009;Patos;2503;Patos;25007;7ª Região;2501;MACRORREGIAO III - SERTAO/ALTO SERTAO
2510501;Olivedos;PB;Nordeste;250005;Campina Grande;2502;Campina Grande;25016;16ª Região;2502;MACRORREGIAO II - CAMPINA GRANDE
2510600;Ouro Velho;PB;Nordeste;250007;Monteiro;2502;Campina Grande;25005;5ª Região;2502;MACRORREGIAO II - CAMPINA GRANDE
2510659;Parari;PB;Nordeste;250008;Sumé;2502;Campina Grande;25005;5ª Região;2502;MACRORREGIAO II - CAMPINA GRANDE
2510709;Passagem;PB;Nordeste;250009;Patos;2503;Patos;25006;6ª Região;2501;MACRORREGIAO III - SERTAO/ALTO SERTAO
2510808;Patos;PB;Nordeste;250009;Patos;2503;Patos;25006;6ª Região;2501;MACRORREGIAO III - SERTAO/ALTO SERTAO
2510907;Paulista;PB;Nordeste;250012;Pombal;2503;Patos;25013;13ª Região;2501;MACRORREGIAO III - SERTAO/ALTO SERTAO
2511004;Pedra Branca;PB;Nordeste;250010;Itaporanga;2503;Patos;25007;7ª Região;2501;MACRORREGIAO III - SERTAO/ALTO SERTAO
2511103;Pedra Lavrada;PB;Nordeste;250006;Cuité - Nova Floresta;2502;Campina Grande;25004;4ª Região;2502;MACRORREGIAO II - CAMPINA GRANDE
2511202;Pedras de Fogo;PB;Nordeste;250001;João Pessoa;2501;João Pessoa;25012;12ª Região;2503;MACRORREGIAO I - JOAO PESSOA
2511301;Piancó;PB;Nordeste;250010;Itaporanga;2503;Patos;25007;7ª Região;2501;MACRORREGIAO III - SERTAO/ALTO SERTAO
2511400;Picuí;PB;Nordeste;250006;Cuité - Nova Floresta;2502;Campina Grande;25004;4ª Região;2502;MACRORREGIAO II - CAMPINA GRANDE
2511509;Pilar;PB;Nordeste;250001;João Pessoa;2501;João Pessoa;25012;12ª Região;2503;MACRORREGIAO I - JOAO PESSOA
2511608;Pilões;PB;Nordeste;250002;Guarabira;2501;João Pessoa;25002;2ª Região;2503;MACRORREGIAO I - JOAO PESSOA
2511707;Pilõezinhos;PB;Nordeste;250002;Guarabira;2501;João Pessoa;25002;2ª Região;2503;MACRORREGIAO I - JOAO PESSOA
2511806;Pirpirituba;PB;Nordeste;250002;Guarabira;2501;João Pessoa;25002;2ª Região;2503;MACRORREGIAO I - JOAO PESSOA
2511905;Pitimbu;PB;Nordeste;250001;João Pessoa;2501;João Pessoa;25001;1ª Região Mata Atlântica;2503;MACRORREGIAO I - JOAO PESSOA
2512002;Pocinhos;PB;Nordeste;250005;Campina Grande;2502;Campina Grande;25016;16ª Região;2502;MACRORREGIAO II - CAMPINA GRANDE
2512036;Poço Dantas;PB;Nordeste;250014;Sousa;2504;Sousa - Cajazeiras;25009;9ª Região;2501;MACRORREGIAO III - SERTAO/ALTO SERTAO
2512077;Poço de José de Moura;PB;Nordeste;250015;Cajazeiras;2504;Sousa - Cajazeiras;25009;9ª Região;2501;MACRORREGIAO III - SERTAO/ALTO SERTAO
2512101;Pombal;PB;Nordeste;250012;Pombal;2503;Patos;25013;13ª Região;2501;MACRORREGIAO III - SERTAO/ALTO SERTAO
2512200;Prata;PB;Nordeste;250007;Monteiro;2502;Campina Grande;25005;5ª Região;2502;MACRORREGIAO II - CAMPINA GRANDE
2512309;Princesa Isabel;PB;Nordeste;250013;Princesa Isabel;2503;Patos;25011;11ª Região;2501;MACRORREGIAO III - SERTAO/ALTO SERTAO
2512408;Puxinanã;PB;Nordeste;250005;Campina Grande;2502;Campina Grande;25016;16ª Região;2502;MACRORREGIAO II - CAMPINA GRANDE
2512507;Queimadas;PB;Nordeste;250005;Campina Grande;2502;Campina Grande;25015;15ª Região;2502;MACRORREGIAO II - CAMPINA GRANDE
2512606;Quixaba;PB;Nordeste;250009;Patos;2503;Patos;25006;6ª Região;2501;MACRORREGIAO III - SERTAO/ALTO SERTAO
2512705;Remígio;PB;Nordeste;250005;Campina Grande;2502;Campina Grande;25003;3ª Região;2502;MACRORREGIAO II - CAMPINA GRANDE
2512721;Pedro Régis;PB;Nordeste;250003;Mamanguape - Rio Tinto;2501;João Pessoa;25014;14ª Região;2503;MACRORREGIAO I - JOAO PESSOA
2512747;Riachão;PB;Nordeste;250002;Guarabira;2501;João Pessoa;25002;2ª Região;2503;MACRORREGIAO I - JOAO PESSOA
2512754;Riachão do Bacamarte;PB;Nordeste;250005;Campina Grande;2502;Campina Grande;25012;12ª Região;2503;MACRORREGIAO I - JOAO PESSOA
2512762;Riachão do Poço;PB;Nordeste;250001;João Pessoa;2501;João Pessoa;25001;1ª Região Mata Atlântica;2503;MACRORREGIAO I - JOAO PESSOA
2512788;Riacho de Santo Antônio;PB;Nordeste;250005;Campina Grande;2502;Campina Grande;25015;15ª Região;2502;MACRORREGIAO II - CAMPINA GRANDE
2512804;Riacho dos Cavalos;PB;Nordeste;250011;Catolé do Rocha - São Bento;2503;Patos;25008;8ª Região;2501;MACRORREGIAO III - SERTAO/ALTO SERTAO
2512903;Rio Tinto;PB;Nordeste;250003;Mamanguape - Rio Tinto;2501;João Pessoa;25014;14ª Região;2503;MACRORREGIAO I - JOAO PESSOA
2513000;Salgadinho;PB;Nordeste;250009;Patos;2503;Patos;25006;6ª Região;2501;MACRORREGIAO III - SERTAO/ALTO SERTAO
2513109;Salgado de São Félix;PB;Nordeste;250004;Itabaiana;2501;João Pessoa;25012;12ª Região;2503;MACRORREGIAO I - JOAO PESSOA
2513158;Santa Cecília;PB;Nordeste;250005;Campina Grande;2502;Campina Grande;25015;15ª Região;2502;MACRORREGIAO II - CAMPINA GRANDE
2513208;Santa Cruz;PB;Nordeste;250014;Sousa;2504;Sousa - Cajazeiras;25010;10ª Região;2501;MACRORREGIAO III - SERTAO/ALTO SERTAO
2513307;Santa Helena;PB;Nordeste;250015;Cajazeiras;2504;Sousa - Cajazeiras;25009;9ª Região;2501;MACRORREGIAO III - SERTAO/ALTO SERTAO
2513356;Santa Inês;PB;Nordeste;250010;Itaporanga;2503;Patos;25007;7ª Região;2501;MACRORREGIAO III - SERTAO/ALTO SERTAO
2513406;Santa Luzia;PB;Nordeste;250009;Patos;2503;Patos;25006;6ª Região;2501;MACRORREGIAO III - SERTAO/ALTO SERTAO
2513505;Santana de Mangueira;PB;Nordeste;250010;Itaporanga;2503;Patos;25007;7ª Região;2501;MACRORREGIAO III - SERTAO/ALTO SERTAO
2513604;Santana dos Garrotes;PB;Nordeste;250010;Itaporanga;2503;Patos;25007;7ª Região;2501;MACRORREGIAO III - SERTAO/ALTO SERTAO
2513653;Joca Claudino;PB;Nordeste;250014;Sousa;2504;Sousa - Cajazeiras;25009;9ª Região;2501;MACRORREGIAO III - SERTAO/ALTO SERTAO
2513703;Santa Rita;PB;Nordeste;250001;João Pessoa;2501;João Pessoa;25001;1ª Região Mata Atlântica;2503;MACRORREGIAO I - JOAO PESSOA
2513802;Santa Teresinha;PB;Nordeste;250009;Patos;2503;Patos;25006;6ª Região;2501;MACRORREGIAO III - SERTAO/ALTO SERTAO
2513851;Santo André;PB;Nordeste;250005;Campina Grande;2502;Campina Grande;25016;16ª Região;2502;MACRORREGIAO II - CAMPINA GRANDE
2513901;São Bento;PB;Nordeste;250011;Catolé do Rocha - São Bento;2503;Patos;25008;8ª Região;2501;MACRORREGIAO III - SERTAO/ALTO SERTAO
2513927;São Bentinho;PB;Nordeste;250012;Pombal;2503;Patos;25013;13ª Região;2501;MACRORREGIAO III - SERTAO/ALTO SERTAO
2513943;São Domingos do Cariri;PB;Nordeste;250005;Campina Grande;2502;Campina Grande;25015;15ª Região;2502;MACRORREGIAO II - CAMPINA GRANDE
2513968;São Domingos;PB;Nordeste;250012;Pombal;2503;Patos;25013;13ª Região;2501;MACRORREGIAO III - SERTAO/ALTO SERTAO
2513984;São Francisco;PB;Nordeste;250014;Sousa;2504;Sousa - Cajazeiras;25010;10ª Região;2501;MACRORREGIAO III - SERTAO/ALTO SERTAO
2514008;São João do Cariri;PB;Nordeste;250005;Campina Grande;2502;Campina Grande;25005;5ª Região;2502;MACRORREGIAO II - CAMPINA GRANDE
2514107;São João do Tigre;PB;Nordeste;250007;Monteiro;2502;Campina Grande;25005;5ª Região;2502;MACRORREGIAO II - CAMPINA GRANDE
2514206;São José da Lagoa Tapada;PB;Nordeste;250014;Sousa;2504;Sousa - Cajazeiras;25010;10ª Região;2501;MACRORREGIAO III - SERTAO/ALTO SERTAO
2514305;São José de Caiana;PB;Nordeste;250010;Itaporanga;2503;Patos;25007;7ª Região;2501;MACRORREGIAO III - SERTAO/ALTO SERTAO
2514404;São José de Espinharas;PB;Nordeste;250009;Patos;2503;Patos;25006;6ª Região;2501;MACRORREGIAO III - SERTAO/ALTO SERTAO
2514453;São José dos Ramos;PB;Nordeste;250004;Itabaiana;2501;João Pessoa;25012;12ª Região;2503;MACRORREGIAO I - JOAO PESSOA
2514503;São José de Piranhas;PB;Nordeste;250015;Cajazeiras;2504;Sousa - Cajazeiras;25009;9ª Região;2501;MACRORREGIAO III - SERTAO/ALTO SERTAO
2514552;São José de Princesa;PB;Nordeste;250013;Princesa Isabel;2503;Patos;25011;11ª Região;2501;MACRORREGIAO III - SERTAO/ALTO SERTAO
2514602;São José do Bonfim;PB;Nordeste;250009;Patos;2503;Patos;25006;6ª Região;2501;MACRORREGIAO III - SERTAO/ALTO SERTAO
2514651;São José do Brejo do Cruz;PB;Nordeste;250011;Catolé do Rocha - São Bento;2503;Patos;25008;8ª Região;2501;MACRORREGIAO III - SERTAO/ALTO SERTAO
2514701;São José do Sabugi;PB;Nordeste;250009;Patos;2503;Patos;25006;6ª Região;2501;MACRORREGIAO III - SERTAO/ALTO SERTAO
2514800;São José dos Cordeiros;PB;Nordeste;250008;Sumé;2502;Campina Grande;25005;5ª Região;2502;MACRORREGIAO II - CAMPINA GRANDE
2514909;São Mamede;PB;Nordeste;250009;Patos;2503;Patos;25006;6ª Região;2501;MACRORREGIAO III - SERTAO/ALTO SERTAO
2515005;São Miguel de Taipu;PB;Nordeste;250001;João Pessoa;2501;João Pessoa;25012;12ª Região;2503;MACRORREGIAO I - JOAO PESSOA
2515104;São Sebastião de Lagoa de Roça;PB;Nordeste;250005;Campina Grande;2502;Campina Grande;25003;3ª Região;2502;MACRORREGIAO II - CAMPINA GRANDE
2515203;São Sebastião do Umbuzeiro;PB;Nordeste;250007;Monteiro;2502;Campina Grande;25005;5ª Região;2502;MACRORREGIAO II - CAMPINA GRANDE
2515302;Sapé;PB;Nordeste;250001;João Pessoa;2501;João Pessoa;25001;1ª Região Mata Atlântica;2503;MACRORREGIAO I - JOAO PESSOA
2515401;São Vicente do Seridó;PB;Nordeste;250005;Campina Grande;2502;Campina Grande;25004;4ª Região;2502;MACRORREGIAO II - CAMPINA GRANDE
2515500;Serra Branca;PB;Nordeste;250008;Sumé;2502;Campina Grande;25005;5ª Região;2502;MACRORREGIAO II - CAMPINA GRANDE
2515609;Serra da Raiz;PB;Nordeste;250002;Guarabira;2501;João Pessoa;25002;2ª Região;2503;MACRORREGIAO I - JOAO PESSOA
2515708;Serra Grande;PB;Nordeste;250015;Cajazeiras;2504;Sousa - Cajazeiras;25007;7ª Região;2501;MACRORREGIAO III - SERTAO/ALTO SERTAO
2515807;Serra Redonda;PB;Nordeste;250005;Campina Grande;2502;Campina Grande;25016;16ª Região;2502;MACRORREGIAO II - CAMPINA GRANDE
2515906;Serraria;PB;Nordeste;250002;Guarabira;2501;João Pessoa;25002;2ª Região;2503;MACRORREGIAO I - JOAO PESSOA
2515930;Sertãozinho;PB;Nordeste;250002;Guarabira;2501;João Pessoa;25002;2ª Região;2503;MACRORREGIAO I - JOAO PESSOA
2515971;Sobrado;PB;Nordeste;250001;João Pessoa;2501;João Pessoa;25001;1ª Região Mata Atlântica;2503;MACRORREGIAO I - JOAO PESSOA
2516003;Solânea;PB;Nordeste;250002;Guarabira;2501;João Pessoa;25002;2ª Região;2503;MACRORREGIAO I - JOAO PESSOA
2516102;Soledade;PB;Nordeste;250005;Campina Grande;2502;Campina Grande;25016;16ª Região;2502;MACRORREGIAO II - CAMPINA GRANDE
2516151;Sossêgo;PB;Nordeste;250006;Cuité - Nova Floresta;2502;Campina Grande;25004;4ª Região;2502;MACRORREGIAO II - CAMPINA GRANDE
2516201;Sousa;PB;Nordeste;250014;Sousa;2504;Sousa - Cajazeiras;25010;10ª Região;2501;MACRORREGIAO III - SERTAO/ALTO SERTAO
2516300;Sumé;PB;Nordeste;250008;Sumé;2502;Campina Grande;25005;5ª Região;2502;MACRORREGIAO II - CAMPINA GRANDE
2516409;Tacima;PB;Nordeste;250002;Guarabira;2501;João Pessoa;25002;2ª Região;2503;MACRORREGIAO I - JOAO PESSOA
2516508;Taperoá;PB;Nordeste;250005;Campina Grande;2502;Campina Grande;25016;16ª Região;2502;MACRORREGIAO II - CAMPINA GRANDE
2516607;Tavares;PB;Nordeste;250013;Princesa Isabel;2503;Patos;25011;11ª Região;2501;MACRORREGIAO III - SERTAO/ALTO SERTAO
2516706;Teixeira;PB;Nordeste;250009;Patos;2503;Patos;25006;6ª Região;2501;MACRORREGIAO III - SERTAO/ALTO SERTAO
2516755;Tenório;PB;Nordeste;250005;Campina Grande;2502;Campina Grande;25016;16ª Região;2502;MACRORREGIAO II - CAMPINA GRANDE
2516805;Triunfo;PB;Nordeste;250015;Cajazeiras;2504;Sousa - Cajazeiras;25009;9ª Região;2501;MACRORREGIAO III - SERTAO/ALTO SERTAO
2516904;Uiraúna;PB;Nordeste;250014;Sousa;2504;Sousa - Cajazeiras;25009;9ª Região;2501;MACRORREGIAO III - SERTAO/ALTO SERTAO
2517001;Umbuzeiro;PB;Nordeste;250005;Campina Grande;2502;Campina Grande;25015;15ª Região;2502;MACRORREGIAO II - CAMPINA GRANDE
2517100;Várzea;PB;Nordeste;250009;Patos;2503;Patos;25006;6ª Região;2501;MACRORREGIAO III - SERTAO/ALTO SERTAO
2517209;Vieirópolis;PB;Nordeste;250014;Sousa;2504;Sousa - Cajazeiras;25010;10ª Região;2501;MACRORREGIAO III - SERTAO/ALTO SERTAO
2517407;Zabelê;PB;Nordeste;250007;Monteiro;2502;Campina Grande;25005;5ª Região;2502;MACRORREGIAO II - CAMPINA GRANDE
2600054;Abreu e Lima;PE;Nordeste;260001;Recife;2601;Recife;26010;I Região de Saúde;2607;METROPOLITANA
2600104;Afogados da Ingazeira;PE;Nordeste;260014;Afogados da Ingazeira;2603;Serra Talhada;26001;X Região de Saúde;2606;SERTAO
2600203;Afrânio;PE;Nordeste;260015;Petrolina;2604;Petrolina;26009;VIII Região de Saúde;2605;VALE DO S.FRANCISCO E ARARIPE
2600302;Agrestina;PE;Nordeste;260009;Caruaru;2602;Caruaru;26003;IV Região de Saúde;2608;AGRESTE
2600401;Água Preta;PE;Nordeste;260003;Palmares;2601;Recife;26008;III Região de Saúde;2607;METROPOLITANA
2600500;Águas Belas;PE;Nordeste;260010;Garanhuns;2602;Caruaru;26004;V Região de Saúde;2608;AGRESTE
2600609;Alagoinha;PE;Nordeste;260012;Belo Jardim ¿ Pesqueira;2602;Caruaru;26003;IV Região de Saúde;2608;AGRESTE
2600708;Aliança;PE;Nordeste;260002;Goiana ¿ Timbaúba;2601;Recife;26005;XII Região de Saúde;2607;METROPOLITANA
2600807;Altinho;PE;Nordeste;260009;Caruaru;2602;Caruaru;26003;IV Região de Saúde;2608;AGRESTE
2600906;Amaraji;PE;Nordeste;260018;Escada - Ribeirão;2601;Recife;26008;III Região de Saúde;2607;METROPOLITANA
2601003;Angelim;PE;Nordeste;260010;Garanhuns;2602;Caruaru;26004;V Região de Saúde;2608;AGRESTE
2601052;Araçoiaba;PE;Nordeste;260001;Recife;2601;Recife;26010;I Região de Saúde;2607;METROPOLITANA
2601102;Araripina;PE;Nordeste;260016;Araripina;2604;Petrolina;26007;IX Região de Saúde;2605;VALE DO S.FRANCISCO E ARARIPE
2601201;Arcoverde;PE;Nordeste;260011;Arcoverde;2602;Caruaru;26002;VI Região de Saúde;2606;SERTAO
2601300;Barra de Guabiraba;PE;Nordeste;260009;Caruaru;2602;Caruaru;26003;IV Região de Saúde;2608;AGRESTE
2601409;Barreiros;PE;Nordeste;260007;Barreiros - Sirinhaém;2601;Recife;26008;III Região de Saúde;2607;METROPOLITANA
2601508;Belém de Maria;PE;Nordeste;260003;Palmares;2601;Recife;26008;III Região de Saúde;2607;METROPOLITANA
2601607;Belém do São Francisco;PE;Nordeste;260017;Salgueiro;2604;Petrolina;26011;VII Região de Saúde;2605;VALE DO S.FRANCISCO E ARARIPE
2601706;Belo Jardim;PE;Nordeste;260012;Belo Jardim ¿ Pesqueira;2602;Caruaru;26003;IV Região de Saúde;2608;AGRESTE
2601805;Betânia;PE;Nordeste;260013;Serra Talhada;2603;Serra Talhada;26012;XI Região de Saúde;2606;SERTAO
2601904;Bezerros;PE;Nordeste;260009;Caruaru;2602;Caruaru;26003;IV Região de Saúde;2608;AGRESTE
2602001;Bodocó;PE;Nordeste;260016;Araripina;2604;Petrolina;26007;IX Região de Saúde;2605;VALE DO S.FRANCISCO E ARARIPE
2602100;Bom Conselho;PE;Nordeste;260010;Garanhuns;2602;Caruaru;26004;V Região de Saúde;2608;AGRESTE
2602209;Bom Jardim;PE;Nordeste;260004;Limoeiro;2601;Recife;26006;II Região de Saúde;2607;METROPOLITANA
2602308;Bonito;PE;Nordeste;260009;Caruaru;2602;Caruaru;26003;IV Região de Saúde;2608;AGRESTE
2602407;Brejão;PE;Nordeste;260010;Garanhuns;2602;Caruaru;26004;V Região de Saúde;2608;AGRESTE
2602506;Brejinho;PE;Nordeste;260014;Afogados da Ingazeira;2603;Serra Talhada;26001;X Região de Saúde;2606;SERTAO
2602605;Brejo da Madre de Deus;PE;Nordeste;260009;Caruaru;2602;Caruaru;26003;IV Região de Saúde;2608;AGRESTE
2602704;Buenos Aires;PE;Nordeste;260006;Carpina;2601;Recife;26006;II Região de Saúde;2607;METROPOLITANA
2602803;Buíque;PE;Nordeste;260011;Arcoverde;2602;Caruaru;26002;VI Região de Saúde;2606;SERTAO
2602902;Cabo de Santo Agostinho;PE;Nordeste;260001;Recife;2601;Recife;26010;I Região de Saúde;2607;METROPOLITANA
2603009;Cabrobó;PE;Nordeste;260017;Salgueiro;2604;Petrolina;26009;VIII Região de Saúde;2605;VALE DO S.FRANCISCO E ARARIPE
2603108;Cachoeirinha;PE;Nordeste;260009;Caruaru;2602;Caruaru;26003;IV Região de Saúde;2608;AGRESTE
2603207;Caetés;PE;Nordeste;260010;Garanhuns;2602;Caruaru;26004;V Região de Saúde;2608;AGRESTE
2603306;Calçado;PE;Nordeste;260010;Garanhuns;2602;Caruaru;26004;V Região de Saúde;2608;AGRESTE
2603405;Calumbi;PE;Nordeste;260013;Serra Talhada;2603;Serra Talhada;26012;XI Região de Saúde;2606;SERTAO
2603454;Camaragibe;PE;Nordeste;260001;Recife;2601;Recife;26010;I Região de Saúde;2607;METROPOLITANA
2603504;Camocim de São Félix;PE;Nordeste;260009;Caruaru;2602;Caruaru;26003;IV Região de Saúde;2608;AGRESTE
2603603;Camutanga;PE;Nordeste;260002;Goiana ¿ Timbaúba;2601;Recife;26005;XII Região de Saúde;2607;METROPOLITANA
2603702;Canhotinho;PE;Nordeste;260010;Garanhuns;2602;Caruaru;26004;V Região de Saúde;2608;AGRESTE
2603801;Capoeiras;PE;Nordeste;260010;Garanhuns;2602;Caruaru;26004;V Região de Saúde;2608;AGRESTE
2603900;Carnaíba;PE;Nordeste;260014;Afogados da Ingazeira;2603;Serra Talhada;26001;X Região de Saúde;2606;SERTAO
2603926;Carnaubeira da Penha;PE;Nordeste;260013;Serra Talhada;2603;Serra Talhada;26012;XI Região de Saúde;2606;SERTAO
2604007;Carpina;PE;Nordeste;260006;Carpina;2601;Recife;26006;II Região de Saúde;2607;METROPOLITANA
2604106;Caruaru;PE;Nordeste;260009;Caruaru;2602;Caruaru;26003;IV Região de Saúde;2608;AGRESTE
2604155;Casinhas;PE;Nordeste;260008;Surubim;2601;Recife;26006;II Região de Saúde;2607;METROPOLITANA
2604205;Catende;PE;Nordeste;260003;Palmares;2601;Recife;26008;III Região de Saúde;2607;METROPOLITANA
2604304;Cedro;PE;Nordeste;260017;Salgueiro;2604;Petrolina;26011;VII Região de Saúde;2605;VALE DO S.FRANCISCO E ARARIPE
2604403;Chã de Alegria;PE;Nordeste;260005;Vitória de Santo Antão;2601;Recife;26010;I Região de Saúde;2607;METROPOLITANA
2604502;Chã Grande;PE;Nordeste;260009;Caruaru;2602;Caruaru;26010;I Região de Saúde;2607;METROPOLITANA
2604601;Condado;PE;Nordeste;260002;Goiana ¿ Timbaúba;2601;Recife;26005;XII Região de Saúde;2607;METROPOLITANA
2604700;Correntes;PE;Nordeste;260010;Garanhuns;2602;Caruaru;26004;V Região de Saúde;2608;AGRESTE
2604809;Cortês;PE;Nordeste;260018;Escada - Ribeirão;2601;Recife;26008;III Região de Saúde;2607;METROPOLITANA
2604908;Cumaru;PE;Nordeste;260009;Caruaru;2602;Caruaru;26006;II Região de Saúde;2607;METROPOLITANA
2605004;Cupira;PE;Nordeste;260009;Caruaru;2602;Caruaru;26003;IV Região de Saúde;2608;AGRESTE
2605103;Custódia;PE;Nordeste;260011;Arcoverde;2602;Caruaru;26002;VI Região de Saúde;2606;SERTAO
2605152;Dormentes;PE;Nordeste;260015;Petrolina;2604;Petrolina;26009;VIII Região de Saúde;2605;VALE DO S.FRANCISCO E ARARIPE
2605202;Escada;PE;Nordeste;260018;Escada - Ribeirão;2601;Recife;26008;III Região de Saúde;2607;METROPOLITANA
2605301;Exu;PE;Nordeste;260016;Araripina;2604;Petrolina;26007;IX Região de Saúde;2605;VALE DO S.FRANCISCO E ARARIPE
2605400;Feira Nova;PE;Nordeste;260004;Limoeiro;2601;Recife;26006;II Região de Saúde;2607;METROPOLITANA
2605459;Fernando de Noronha;PE;Nordeste;260001;Recife;2601;Recife;26010;I Região de Saúde;2607;METROPOLITANA
2605509;Ferreiros;PE;Nordeste;260002;Goiana ¿ Timbaúba;2601;Recife;26005;XII Região de Saúde;2607;METROPOLITANA
2605608;Flores;PE;Nordeste;260013;Serra Talhada;2603;Serra Talhada;26012;XI Região de Saúde;2606;SERTAO
2605707;Floresta;PE;Nordeste;260013;Serra Talhada;2603;Serra Talhada;26012;XI Região de Saúde;2606;SERTAO
2605806;Frei Miguelinho;PE;Nordeste;260008;Surubim;2601;Recife;26003;IV Região de Saúde;2608;AGRESTE
2605905;Gameleira;PE;Nordeste;260003;Palmares;2601;Recife;26008;III Região de Saúde;2607;METROPOLITANA
2606002;Garanhuns;PE;Nordeste;260010;Garanhuns;2602;Caruaru;26004;V Região de Saúde;2608;AGRESTE
2606101;Glória do Goitá;PE;Nordeste;260005;Vitória de Santo Antão;2601;Recife;26010;I Região de Saúde;2607;METROPOLITANA
2606200;Goiana;PE;Nordeste;260002;Goiana ¿ Timbaúba;2601;Recife;26005;XII Região de Saúde;2607;METROPOLITANA
2606309;Granito;PE;Nordeste;260016;Araripina;2604;Petrolina;26007;IX Região de Saúde;2605;VALE DO S.FRANCISCO E ARARIPE
2606408;Gravatá;PE;Nordeste;260009;Caruaru;2602;Caruaru;26003;IV Região de Saúde;2608;AGRESTE
2606507;Iati;PE;Nordeste;260010;Garanhuns;2602;Caruaru;26004;V Região de Saúde;2608;AGRESTE
2606606;Ibimirim;PE;Nordeste;260011;Arcoverde;2602;Caruaru;26002;VI Região de Saúde;2606;SERTAO
2606705;Ibirajuba;PE;Nordeste;260009;Caruaru;2602;Caruaru;26003;IV Região de Saúde;2608;AGRESTE
2606804;Igarassu;PE;Nordeste;260001;Recife;2601;Recife;26010;I Região de Saúde;2607;METROPOLITANA
2606903;Iguaracy;PE;Nordeste;260014;Afogados da Ingazeira;2603;Serra Talhada;26001;X Região de Saúde;2606;SERTAO
2607000;Inajá;PE;Nordeste;260011;Arcoverde;2602;Caruaru;26002;VI Região de Saúde;2606;SERTAO
2607109;Ingazeira;PE;Nordeste;260014;Afogados da Ingazeira;2603;Serra Talhada;26001;X Região de Saúde;2606;SERTAO
2607208;Ipojuca;PE;Nordeste;260001;Recife;2601;Recife;26010;I Região de Saúde;2607;METROPOLITANA
2607307;Ipubi;PE;Nordeste;260016;Araripina;2604;Petrolina;26007;IX Região de Saúde;2605;VALE DO S.FRANCISCO E ARARIPE
2607406;Itacuruba;PE;Nordeste;260017;Salgueiro;2604;Petrolina;26012;XI Região de Saúde;2606;SERTAO
2607505;Itaíba;PE;Nordeste;260011;Arcoverde;2602;Caruaru;26004;V Região de Saúde;2608;AGRESTE
2607604;Ilha de Itamaracá;PE;Nordeste;260001;Recife;2601;Recife;26010;I Região de Saúde;2607;METROPOLITANA
2607653;Itambé;PE;Nordeste;260002;Goiana ¿ Timbaúba;2601;Recife;26005;XII Região de Saúde;2607;METROPOLITANA
2607703;Itapetim;PE;Nordeste;260014;Afogados da Ingazeira;2603;Serra Talhada;26001;X Região de Saúde;2606;SERTAO
2607752;Itapissuma;PE;Nordeste;260001;Recife;2601;Recife;26010;I Região de Saúde;2607;METROPOLITANA
2607802;Itaquitinga;PE;Nordeste;260002;Goiana ¿ Timbaúba;2601;Recife;26005;XII Região de Saúde;2607;METROPOLITANA
2607901;Jaboatão dos Guararapes;PE;Nordeste;260001;Recife;2601;Recife;26010;I Região de Saúde;2607;METROPOLITANA
2607950;Jaqueira;PE;Nordeste;260003;Palmares;2601;Recife;26008;III Região de Saúde;2607;METROPOLITANA
2608008;Jataúba;PE;Nordeste;260009;Caruaru;2602;Caruaru;26003;IV Região de Saúde;2608;AGRESTE
2608057;Jatobá;PE;Nordeste;260013;Serra Talhada;2603;Serra Talhada;26002;VI Região de Saúde;2606;SERTAO
2608107;João Alfredo;PE;Nordeste;260004;Limoeiro;2601;Recife;26006;II Região de Saúde;2607;METROPOLITANA
2608206;Joaquim Nabuco;PE;Nordeste;260003;Palmares;2601;Recife;26008;III Região de Saúde;2607;METROPOLITANA
2608255;Jucati;PE;Nordeste;260010;Garanhuns;2602;Caruaru;26004;V Região de Saúde;2608;AGRESTE
2608305;Jupi;PE;Nordeste;260010;Garanhuns;2602;Caruaru;26004;V Região de Saúde;2608;AGRESTE
2608404;Jurema;PE;Nordeste;260010;Garanhuns;2602;Caruaru;26003;IV Região de Saúde;2608;AGRESTE
2608453;Lagoa do Carro;PE;Nordeste;260006;Carpina;2601;Recife;26006;II Região de Saúde;2607;METROPOLITANA
2608503;Lagoa de Itaenga;PE;Nordeste;260006;Carpina;2601;Recife;26006;II Região de Saúde;2607;METROPOLITANA
2608602;Lagoa do Ouro;PE;Nordeste;260010;Garanhuns;2602;Caruaru;26004;V Região de Saúde;2608;AGRESTE
2608701;Lagoa dos Gatos;PE;Nordeste;260009;Caruaru;2602;Caruaru;26008;III Região de Saúde;2607;METROPOLITANA
2608750;Lagoa Grande;PE;Nordeste;260015;Petrolina;2604;Petrolina;26009;VIII Região de Saúde;2605;VALE DO S.FRANCISCO E ARARIPE
2608800;Lajedo;PE;Nordeste;260010;Garanhuns;2602;Caruaru;26004;V Região de Saúde;2608;AGRESTE
2608909;Limoeiro;PE;Nordeste;260004;Limoeiro;2601;Recife;26006;II Região de Saúde;2607;METROPOLITANA
2609006;Macaparana;PE;Nordeste;260002;Goiana ¿ Timbaúba;2601;Recife;26005;XII Região de Saúde;2607;METROPOLITANA
2609105;Machados;PE;Nordeste;260004;Limoeiro;2601;Recife;26006;II Região de Saúde;2607;METROPOLITANA
2609154;Manari;PE;Nordeste;260011;Arcoverde;2602;Caruaru;26002;VI Região de Saúde;2606;SERTAO
2609204;Maraial;PE;Nordeste;260003;Palmares;2601;Recife;26008;III Região de Saúde;2607;METROPOLITANA
2609303;Mirandiba;PE;Nordeste;260013;Serra Talhada;2603;Serra Talhada;26011;VII Região de Saúde;2605;VALE DO S.FRANCISCO E ARARIPE
2609402;Moreno;PE;Nordeste;260001;Recife;2601;Recife;26010;I Região de Saúde;2607;METROPOLITANA
2609501;Nazaré da Mata;PE;Nordeste;260006;Carpina;2601;Recife;26006;II Região de Saúde;2607;METROPOLITANA
2609600;Olinda;PE;Nordeste;260001;Recife;2601;Recife;26010;I Região de Saúde;2607;METROPOLITANA
2609709;Orobó;PE;Nordeste;260004;Limoeiro;2601;Recife;26006;II Região de Saúde;2607;METROPOLITANA
2609808;Orocó;PE;Nordeste;260015;Petrolina;2604;Petrolina;26009;VIII Região de Saúde;2605;VALE DO S.FRANCISCO E ARARIPE
2609907;Ouricuri;PE;Nordeste;260016;Araripina;2604;Petrolina;26007;IX Região de Saúde;2605;VALE DO S.FRANCISCO E ARARIPE
2610004;Palmares;PE;Nordeste;260003;Palmares;2601;Recife;26008;III Região de Saúde;2607;METROPOLITANA
2610103;Palmeirina;PE;Nordeste;260010;Garanhuns;2602;Caruaru;26004;V Região de Saúde;2608;AGRESTE
2610202;Panelas;PE;Nordeste;260009;Caruaru;2602;Caruaru;26003;IV Região de Saúde;2608;AGRESTE
2610301;Paranatama;PE;Nordeste;260010;Garanhuns;2602;Caruaru;26004;V Região de Saúde;2608;AGRESTE
2610400;Parnamirim;PE;Nordeste;260017;Salgueiro;2604;Petrolina;26007;IX Região de Saúde;2605;VALE DO S.FRANCISCO E ARARIPE
2610509;Passira;PE;Nordeste;260004;Limoeiro;2601;Recife;26006;II Região de Saúde;2607;METROPOLITANA
2610608;Paudalho;PE;Nordeste;260001;Recife;2601;Recife;26006;II Região de Saúde;2607;METROPOLITANA
2610707;Paulista;PE;Nordeste;260001;Recife;2601;Recife;26010;I Região de Saúde;2607;METROPOLITANA
2610806;Pedra;PE;Nordeste;260011;Arcoverde;2602;Caruaru;26002;VI Região de Saúde;2606;SERTAO
2610905;Pesqueira;PE;Nordeste;260012;Belo Jardim ¿ Pesqueira;2602;Caruaru;26003;IV Região de Saúde;2608;AGRESTE
2611002;Petrolândia;PE;Nordeste;260013;Serra Talhada;2603;Serra Talhada;26002;VI Região de Saúde;2606;SERTAO
2611101;Petrolina;PE;Nordeste;260015;Petrolina;2604;Petrolina;26009;VIII Região de Saúde;2605;VALE DO S.FRANCISCO E ARARIPE
2611200;Poção;PE;Nordeste;260012;Belo Jardim ¿ Pesqueira;2602;Caruaru;26003;IV Região de Saúde;2608;AGRESTE
2611309;Pombos;PE;Nordeste;260005;Vitória de Santo Antão;2601;Recife;26010;I Região de Saúde;2607;METROPOLITANA
2611408;Primavera;PE;Nordeste;260018;Escada - Ribeirão;2601;Recife;26008;III Região de Saúde;2607;METROPOLITANA
2611507;Quipapá;PE;Nordeste;260010;Garanhuns;2602;Caruaru;26008;III Região de Saúde;2607;METROPOLITANA
2611533;Quixaba;PE;Nordeste;260014;Afogados da Ingazeira;2603;Serra Talhada;26001;X Região de Saúde;2606;SERTAO
2611606;Recife;PE;Nordeste;260001;Recife;2601;Recife;26010;I Região de Saúde;2607;METROPOLITANA
2611705;Riacho das Almas;PE;Nordeste;260009;Caruaru;2602;Caruaru;26003;IV Região de Saúde;2608;AGRESTE
2611804;Ribeirão;PE;Nordeste;260018;Escada - Ribeirão;2601;Recife;26008;III Região de Saúde;2607;METROPOLITANA
2611903;Rio Formoso;PE;Nordeste;260007;Barreiros - Sirinhaém;2601;Recife;26008;III Região de Saúde;2607;METROPOLITANA
2612000;Sairé;PE;Nordeste;260009;Caruaru;2602;Caruaru;26003;IV Região de Saúde;2608;AGRESTE
2612109;Salgadinho;PE;Nordeste;260004;Limoeiro;2601;Recife;26006;II Região de Saúde;2607;METROPOLITANA
2612208;Salgueiro;PE;Nordeste;260017;Salgueiro;2604;Petrolina;26011;VII Região de Saúde;2605;VALE DO S.FRANCISCO E ARARIPE
2612307;Saloá;PE;Nordeste;260010;Garanhuns;2602;Caruaru;26004;V Região de Saúde;2608;AGRESTE
2612406;Sanharó;PE;Nordeste;260012;Belo Jardim ¿ Pesqueira;2602;Caruaru;26003;IV Região de Saúde;2608;AGRESTE
2612455;Santa Cruz;PE;Nordeste;260016;Araripina;2604;Petrolina;26007;IX Região de Saúde;2605;VALE DO S.FRANCISCO E ARARIPE
2612471;Santa Cruz da Baixa Verde;PE;Nordeste;260013;Serra Talhada;2603;Serra Talhada;26012;XI Região de Saúde;2606;SERTAO
2612505;Santa Cruz do Capibaribe;PE;Nordeste;260009;Caruaru;2602;Caruaru;26003;IV Região de Saúde;2608;AGRESTE
2612554;Santa Filomena;PE;Nordeste;260016;Araripina;2604;Petrolina;26007;IX Região de Saúde;2605;VALE DO S.FRANCISCO E ARARIPE
2612604;Santa Maria da Boa Vista;PE;Nordeste;260015;Petrolina;2604;Petrolina;26009;VIII Região de Saúde;2605;VALE DO S.FRANCISCO E ARARIPE
2612703;Santa Maria do Cambucá;PE;Nordeste;260008;Surubim;2601;Recife;26003;IV Região de Saúde;2608;AGRESTE
2612802;Santa Terezinha;PE;Nordeste;260014;Afogados da Ingazeira;2603;Serra Talhada;26001;X Região de Saúde;2606;SERTAO
2612901;São Benedito do Sul;PE;Nordeste;260003;Palmares;2601;Recife;26008;III Região de Saúde;2607;METROPOLITANA
2613008;São Bento do Una;PE;Nordeste;260012;Belo Jardim ¿ Pesqueira;2602;Caruaru;26003;IV Região de Saúde;2608;AGRESTE
2613107;São Caitano;PE;Nordeste;260009;Caruaru;2602;Caruaru;26003;IV Região de Saúde;2608;AGRESTE
2613206;São João;PE;Nordeste;260010;Garanhuns;2602;Caruaru;26004;V Região de Saúde;2608;AGRESTE
2613305;São Joaquim do Monte;PE;Nordeste;260009;Caruaru;2602;Caruaru;26003;IV Região de Saúde;2608;AGRESTE
2613404;São José da Coroa Grande;PE;Nordeste;260007;Barreiros - Sirinhaém;2601;Recife;26008;III Região de Saúde;2607;METROPOLITANA
2613503;São José do Belmonte;PE;Nordeste;260013;Serra Talhada;2603;Serra Talhada;26012;XI Região de Saúde;2606;SERTAO
2613602;São José do Egito;PE;Nordeste;260014;Afogados da Ingazeira;2603;Serra Talhada;26001;X Região de Saúde;2606;SERTAO
2613701;São Lourenço da Mata;PE;Nordeste;260001;Recife;2601;Recife;26010;I Região de Saúde;2607;METROPOLITANA
2613800;São Vicente Férrer;PE;Nordeste;260002;Goiana ¿ Timbaúba;2601;Recife;26005;XII Região de Saúde;2607;METROPOLITANA
2613909;Serra Talhada;PE;Nordeste;260013;Serra Talhada;2603;Serra Talhada;26012;XI Região de Saúde;2606;SERTAO
2614006;Serrita;PE;Nordeste;260017;Salgueiro;2604;Petrolina;26011;VII Região de Saúde;2605;VALE DO S.FRANCISCO E ARARIPE
2614105;Sertânia;PE;Nordeste;260011;Arcoverde;2602;Caruaru;26002;VI Região de Saúde;2606;SERTAO
2614204;Sirinhaém;PE;Nordeste;260007;Barreiros - Sirinhaém;2601;Recife;26008;III Região de Saúde;2607;METROPOLITANA
2614303;Moreilândia;PE;Nordeste;260016;Araripina;2604;Petrolina;26007;IX Região de Saúde;2605;VALE DO S.FRANCISCO E ARARIPE
2614402;Solidão;PE;Nordeste;260014;Afogados da Ingazeira;2603;Serra Talhada;26001;X Região de Saúde;2606;SERTAO
2614501;Surubim;PE;Nordeste;260008;Surubim;2601;Recife;26006;II Região de Saúde;2607;METROPOLITANA
2614600;Tabira;PE;Nordeste;260014;Afogados da Ingazeira;2603;Serra Talhada;26001;X Região de Saúde;2606;SERTAO
2614709;Tacaimbó;PE;Nordeste;260012;Belo Jardim ¿ Pesqueira;2602;Caruaru;26003;IV Região de Saúde;2608;AGRESTE
2614808;Tacaratu;PE;Nordeste;260013;Serra Talhada;2603;Serra Talhada;26002;VI Região de Saúde;2606;SERTAO
2614857;Tamandaré;PE;Nordeste;260007;Barreiros - Sirinhaém;2601;Recife;26008;III Região de Saúde;2607;METROPOLITANA
2615003;Taquaritinga do Norte;PE;Nordeste;260009;Caruaru;2602;Caruaru;26003;IV Região de Saúde;2608;AGRESTE
2615102;Terezinha;PE;Nordeste;260010;Garanhuns;2602;Caruaru;26004;V Região de Saúde;2608;AGRESTE
2615201;Terra Nova;PE;Nordeste;260017;Salgueiro;2604;Petrolina;26011;VII Região de Saúde;2605;VALE DO S.FRANCISCO E ARARIPE
2615300;Timbaúba;PE;Nordeste;260002;Goiana ¿ Timbaúba;2601;Recife;26005;XII Região de Saúde;2607;METROPOLITANA
2615409;Toritama;PE;Nordeste;260009;Caruaru;2602;Caruaru;26003;IV Região de Saúde;2608;AGRESTE
2615508;Tracunhaém;PE;Nordeste;260006;Carpina;2601;Recife;26006;II Região de Saúde;2607;METROPOLITANA
2615607;Trindade;PE;Nordeste;260016;Araripina;2604;Petrolina;26007;IX Região de Saúde;2605;VALE DO S.FRANCISCO E ARARIPE
2615706;Triunfo;PE;Nordeste;260013;Serra Talhada;2603;Serra Talhada;26012;XI Região de Saúde;2606;SERTAO
2615805;Tupanatinga;PE;Nordeste;260011;Arcoverde;2602;Caruaru;26002;VI Região de Saúde;2606;SERTAO
2615904;Tuparetama;PE;Nordeste;260014;Afogados da Ingazeira;2603;Serra Talhada;26001;X Região de Saúde;2606;SERTAO
2616001;Venturosa;PE;Nordeste;260011;Arcoverde;2602;Caruaru;26002;VI Região de Saúde;2606;SERTAO
2616100;Verdejante;PE;Nordeste;260017;Salgueiro;2604;Petrolina;26011;VII Região de Saúde;2605;VALE DO S.FRANCISCO E ARARIPE
2616183;Vertente do Lério;PE;Nordeste;260008;Surubim;2601;Recife;26006;II Região de Saúde;2607;METROPOLITANA
2616209;Vertentes;PE;Nordeste;260008;Surubim;2601;Recife;26003;IV Região de Saúde;2608;AGRESTE
2616308;Vicência;PE;Nordeste;260002;Goiana ¿ Timbaúba;2601;Recife;26006;II Região de Saúde;2607;METROPOLITANA
2616407;Vitória de Santo Antão;PE;Nordeste;260005;Vitória de Santo Antão;2601;Recife;26010;I Região de Saúde;2607;METROPOLITANA
2616506;Xexéu;PE;Nordeste;260003;Palmares;2601;Recife;26008;III Região de Saúde;2607;METROPOLITANA
2700102;Água Branca;AL;Nordeste;270009;Delmiro Gouveia;2702;Arapiraca;27010;10ª Região de Saúde;2703;2ª MACRORREGIAO DE SAUDE
2700201;Anadia;AL;Nordeste;270004;São Miguel dos Campos;2701;Maceió;27005;5ª Região de Saúde;2704;1ª MACRORREGIAO DE SAUDE
2700300;Arapiraca;AL;Nordeste;270007;Arapiraca;2702;Arapiraca;27007;7ª Região de Saúde;2703;2ª MACRORREGIAO DE SAUDE
2700409;Atalaia;AL;Nordeste;270006;Atalaia;2701;Maceió;27004;4ª Região de Saúde;2704;1ª MACRORREGIAO DE SAUDE
2700508;Barra de Santo Antônio;AL;Nordeste;270001;Maceió;2701;Maceió;27001;1ª Região de Saúde;2704;1ª MACRORREGIAO DE SAUDE
2700607;Barra de São Miguel;AL;Nordeste;270001;Maceió;2701;Maceió;27001;1ª Região de Saúde;2704;1ª MACRORREGIAO DE SAUDE
2700706;Batalha;AL;Nordeste;270011;Pão de Açúcar - Olho d'Água das Flores ¿ Batalha;2702;Arapiraca;27007;7ª Região de Saúde;2703;2ª MACRORREGIAO DE SAUDE
2700805;Belém;AL;Nordeste;270008;Palmeira dos Índios;2702;Arapiraca;27008;8ª Região de Saúde;2703;2ª MACRORREGIAO DE SAUDE
2700904;Belo Monte;AL;Nordeste;270011;Pão de Açúcar - Olho d'Água das Flores ¿ Batalha;2702;Arapiraca;27007;7ª Região de Saúde;2703;2ª MACRORREGIAO DE SAUDE
2701001;Boca da Mata;AL;Nordeste;270004;São Miguel dos Campos;2701;Maceió;27005;5ª Região de Saúde;2704;1ª MACRORREGIAO DE SAUDE
2701100;Branquinha;AL;Nordeste;270005;União dos Palmares;2701;Maceió;27003;3ª Região de Saúde;2704;1ª MACRORREGIAO DE SAUDE
2701209;Cacimbinhas;AL;Nordeste;270008;Palmeira dos Índios;2702;Arapiraca;27008;8ª Região de Saúde;2703;2ª MACRORREGIAO DE SAUDE
2701308;Cajueiro;AL;Nordeste;270006;Atalaia;2701;Maceió;27004;4ª Região de Saúde;2704;1ª MACRORREGIAO DE SAUDE
2701357;Campestre;AL;Nordeste;270002;Porto Calvo - São Luís do Quitunde;2701;Maceió;27003;3ª Região de Saúde;2704;1ª MACRORREGIAO DE SAUDE
2701407;Campo Alegre;AL;Nordeste;270004;São Miguel dos Campos;2701;Maceió;27005;5ª Região de Saúde;2704;1ª MACRORREGIAO DE SAUDE
2701506;Campo Grande;AL;Nordeste;270007;Arapiraca;2702;Arapiraca;27007;7ª Região de Saúde;2703;2ª MACRORREGIAO DE SAUDE
2701605;Canapi;AL;Nordeste;270010;Santana do Ipanema;2702;Arapiraca;27009;9ª Região de Saúde;2703;2ª MACRORREGIAO DE SAUDE
2701704;Capela;AL;Nordeste;270006;Atalaia;2701;Maceió;27004;4ª Região de Saúde;2704;1ª MACRORREGIAO DE SAUDE
2701803;Carneiros;AL;Nordeste;270010;Santana do Ipanema;2702;Arapiraca;27009;9ª Região de Saúde;2703;2ª MACRORREGIAO DE SAUDE
2701902;Chã Preta;AL;Nordeste;270006;Atalaia;2701;Maceió;27004;4ª Região de Saúde;2704;1ª MACRORREGIAO DE SAUDE
2702009;Coité do Nóia;AL;Nordeste;270007;Arapiraca;2702;Arapiraca;27007;7ª Região de Saúde;2703;2ª MACRORREGIAO DE SAUDE
2702108;Colônia Leopoldina;AL;Nordeste;270002;Porto Calvo - São Luís do Quitunde;2701;Maceió;27003;3ª Região de Saúde;2704;1ª MACRORREGIAO DE SAUDE
2702207;Coqueiro Seco;AL;Nordeste;270001;Maceió;2701;Maceió;27001;1ª Região de Saúde;2704;1ª MACRORREGIAO DE SAUDE
2702306;Coruripe;AL;Nordeste;270003;Penedo;2701;Maceió;27006;6ª Região de Saúde;2704;1ª MACRORREGIAO DE SAUDE
2702355;Craíbas;AL;Nordeste;270007;Arapiraca;2702;Arapiraca;27007;7ª Região de Saúde;2703;2ª MACRORREGIAO DE SAUDE
2702405;Delmiro Gouveia;AL;Nordeste;270009;Delmiro Gouveia;2702;Arapiraca;27010;10ª Região de Saúde;2703;2ª MACRORREGIAO DE SAUDE
2702504;Dois Riachos;AL;Nordeste;270010;Santana do Ipanema;2702;Arapiraca;27009;9ª Região de Saúde;2703;2ª MACRORREGIAO DE SAUDE
2702553;Estrela de Alagoas;AL;Nordeste;270008;Palmeira dos Índios;2702;Arapiraca;27008;8ª Região de Saúde;2703;2ª MACRORREGIAO DE SAUDE
2702603;Feira Grande;AL;Nordeste;270007;Arapiraca;2702;Arapiraca;27007;7ª Região de Saúde;2703;2ª MACRORREGIAO DE SAUDE
2702702;Feliz Deserto;AL;Nordeste;270003;Penedo;2701;Maceió;27006;6ª Região de Saúde;2704;1ª MACRORREGIAO DE SAUDE
2702801;Flexeiras;AL;Nordeste;270001;Maceió;2701;Maceió;27001;1ª Região de Saúde;2704;1ª MACRORREGIAO DE SAUDE
2702900;Girau do Ponciano;AL;Nordeste;270007;Arapiraca;2702;Arapiraca;27007;7ª Região de Saúde;2703;2ª MACRORREGIAO DE SAUDE
2703007;Ibateguara;AL;Nordeste;270005;União dos Palmares;2701;Maceió;27003;3ª Região de Saúde;2704;1ª MACRORREGIAO DE SAUDE
2703106;Igaci;AL;Nordeste;270008;Palmeira dos Índios;2702;Arapiraca;27008;8ª Região de Saúde;2703;2ª MACRORREGIAO DE SAUDE
2703205;Igreja Nova;AL;Nordeste;270003;Penedo;2701;Maceió;27006;6ª Região de Saúde;2704;1ª MACRORREGIAO DE SAUDE
2703304;Inhapi;AL;Nordeste;270009;Delmiro Gouveia;2702;Arapiraca;27010;10ª Região de Saúde;2703;2ª MACRORREGIAO DE SAUDE
2703403;Jacaré dos Homens;AL;Nordeste;270011;Pão de Açúcar - Olho d'Água das Flores ¿ Batalha;2702;Arapiraca;27007;7ª Região de Saúde;2703;2ª MACRORREGIAO DE SAUDE
2703502;Jacuípe;AL;Nordeste;270002;Porto Calvo - São Luís do Quitunde;2701;Maceió;27002;2ª Região de Saúde;2704;1ª MACRORREGIAO DE SAUDE
2703601;Japaratinga;AL;Nordeste;270002;Porto Calvo - São Luís do Quitunde;2701;Maceió;27002;2ª Região de Saúde;2704;1ª MACRORREGIAO DE SAUDE
2703700;Jaramataia;AL;Nordeste;270007;Arapiraca;2702;Arapiraca;27007;7ª Região de Saúde;2703;2ª MACRORREGIAO DE SAUDE
2703759;Jequiá da Praia;AL;Nordeste;270004;São Miguel dos Campos;2701;Maceió;27006;6ª Região de Saúde;2704;1ª MACRORREGIAO DE SAUDE
2703809;Joaquim Gomes;AL;Nordeste;270001;Maceió;2701;Maceió;27003;3ª Região de Saúde;2704;1ª MACRORREGIAO DE SAUDE
2703908;Jundiá;AL;Nordeste;270002;Porto Calvo - São Luís do Quitunde;2701;Maceió;27003;3ª Região de Saúde;2704;1ª MACRORREGIAO DE SAUDE
2704005;Junqueiro;AL;Nordeste;270007;Arapiraca;2702;Arapiraca;27005;5ª Região de Saúde;2704;1ª MACRORREGIAO DE SAUDE
2704104;Lagoa da Canoa;AL;Nordeste;270007;Arapiraca;2702;Arapiraca;27007;7ª Região de Saúde;2703;2ª MACRORREGIAO DE SAUDE
2704203;Limoeiro de Anadia;AL;Nordeste;270007;Arapiraca;2702;Arapiraca;27007;7ª Região de Saúde;2703;2ª MACRORREGIAO DE SAUDE
2704302;Maceió;AL;Nordeste;270001;Maceió;2701;Maceió;27001;1ª Região de Saúde;2704;1ª MACRORREGIAO DE SAUDE
2704401;Major Isidoro;AL;Nordeste;270008;Palmeira dos Índios;2702;Arapiraca;27007;7ª Região de Saúde;2703;2ª MACRORREGIAO DE SAUDE
2704500;Maragogi;AL;Nordeste;270002;Porto Calvo - São Luís do Quitunde;2701;Maceió;27002;2ª Região de Saúde;2704;1ª MACRORREGIAO DE SAUDE
2704609;Maravilha;AL;Nordeste;270010;Santana do Ipanema;2702;Arapiraca;27009;9ª Região de Saúde;2703;2ª MACRORREGIAO DE SAUDE
2704708;Marechal Deodoro;AL;Nordeste;270001;Maceió;2701;Maceió;27001;1ª Região de Saúde;2704;1ª MACRORREGIAO DE SAUDE
2704807;Maribondo;AL;Nordeste;270007;Arapiraca;2702;Arapiraca;27008;8ª Região de Saúde;2703;2ª MACRORREGIAO DE SAUDE
2704906;Mar Vermelho;AL;Nordeste;270006;Atalaia;2701;Maceió;27004;4ª Região de Saúde;2704;1ª MACRORREGIAO DE SAUDE
2705002;Mata Grande;AL;Nordeste;270009;Delmiro Gouveia;2702;Arapiraca;27010;10ª Região de Saúde;2703;2ª MACRORREGIAO DE SAUDE
2705101;Matriz de Camaragibe;AL;Nordeste;270002;Porto Calvo - São Luís do Quitunde;2701;Maceió;27002;2ª Região de Saúde;2704;1ª MACRORREGIAO DE SAUDE
2705200;Messias;AL;Nordeste;270001;Maceió;2701;Maceió;27001;1ª Região de Saúde;2704;1ª MACRORREGIAO DE SAUDE
2705309;Minador do Negrão;AL;Nordeste;270008;Palmeira dos Índios;2702;Arapiraca;27008;8ª Região de Saúde;2703;2ª MACRORREGIAO DE SAUDE
2705408;Monteirópolis;AL;Nordeste;270011;Pão de Açúcar - Olho d'Água das Flores ¿ Batalha;2702;Arapiraca;27009;9ª Região de Saúde;2703;2ª MACRORREGIAO DE SAUDE
2705507;Murici;AL;Nordeste;270005;União dos Palmares;2701;Maceió;27003;3ª Região de Saúde;2704;1ª MACRORREGIAO DE SAUDE
2705606;Novo Lino;AL;Nordeste;270002;Porto Calvo - São Luís do Quitunde;2701;Maceió;27003;3ª Região de Saúde;2704;1ª MACRORREGIAO DE SAUDE
2705705;Olho d'Água das Flores;AL;Nordeste;270011;Pão de Açúcar - Olho d'Água das Flores ¿ Batalha;2702;Arapiraca;27009;9ª Região de Saúde;2703;2ª MACRORREGIAO DE SAUDE
2705804;Olho d'Água do Casado;AL;Nordeste;270009;Delmiro Gouveia;2702;Arapiraca;27010;10ª Região de Saúde;2703;2ª MACRORREGIAO DE SAUDE
2705903;Olho d'Água Grande;AL;Nordeste;270007;Arapiraca;2702;Arapiraca;27007;7ª Região de Saúde;2703;2ª MACRORREGIAO DE SAUDE
2706000;Olivença;AL;Nordeste;270010;Santana do Ipanema;2702;Arapiraca;27009;9ª Região de Saúde;2703;2ª MACRORREGIAO DE SAUDE
2706109;Ouro Branco;AL;Nordeste;270010;Santana do Ipanema;2702;Arapiraca;27009;9ª Região de Saúde;2703;2ª MACRORREGIAO DE SAUDE
2706208;Palestina;AL;Nordeste;270011;Pão de Açúcar - Olho d'Água das Flores ¿ Batalha;2702;Arapiraca;27009;9ª Região de Saúde;2703;2ª MACRORREGIAO DE SAUDE
2706307;Palmeira dos Índios;AL;Nordeste;270008;Palmeira dos Índios;2702;Arapiraca;27008;8ª Região de Saúde;2703;2ª MACRORREGIAO DE SAUDE
2706406;Pão de Açúcar;AL;Nordeste;270011;Pão de Açúcar - Olho d'Água das Flores ¿ Batalha;2702;Arapiraca;27009;9ª Região de Saúde;2703;2ª MACRORREGIAO DE SAUDE
2706422;Pariconha;AL;Nordeste;270009;Delmiro Gouveia;2702;Arapiraca;27010;10ª Região de Saúde;2703;2ª MACRORREGIAO DE SAUDE
2706448;Paripueira;AL;Nordeste;270001;Maceió;2701;Maceió;27001;1ª Região de Saúde;2704;1ª MACRORREGIAO DE SAUDE
2706505;Passo de Camaragibe;AL;Nordeste;270002;Porto Calvo - São Luís do Quitunde;2701;Maceió;27002;2ª Região de Saúde;2704;1ª MACRORREGIAO DE SAUDE
2706604;Paulo Jacinto;AL;Nordeste;270008;Palmeira dos Índios;2702;Arapiraca;27004;4ª Região de Saúde;2704;1ª MACRORREGIAO DE SAUDE
2706703;Penedo;AL;Nordeste;270003;Penedo;2701;Maceió;27006;6ª Região de Saúde;2704;1ª MACRORREGIAO DE SAUDE
2706802;Piaçabuçu;AL;Nordeste;270003;Penedo;2701;Maceió;27006;6ª Região de Saúde;2704;1ª MACRORREGIAO DE SAUDE
2706901;Pilar;AL;Nordeste;270001;Maceió;2701;Maceió;27001;1ª Região de Saúde;2704;1ª MACRORREGIAO DE SAUDE
2707008;Pindoba;AL;Nordeste;270006;Atalaia;2701;Maceió;27004;4ª Região de Saúde;2704;1ª MACRORREGIAO DE SAUDE
2707107;Piranhas;AL;Nordeste;270009;Delmiro Gouveia;2702;Arapiraca;27010;10ª Região de Saúde;2703;2ª MACRORREGIAO DE SAUDE
2707206;Poço das Trincheiras;AL;Nordeste;270010;Santana do Ipanema;2702;Arapiraca;27009;9ª Região de Saúde;2703;2ª MACRORREGIAO DE SAUDE
2707305;Porto Calvo;AL;Nordeste;270002;Porto Calvo - São Luís do Quitunde;2701;Maceió;27002;2ª Região de Saúde;2704;1ª MACRORREGIAO DE SAUDE
2707404;Porto de Pedras;AL;Nordeste;270002;Porto Calvo - São Luís do Quitunde;2701;Maceió;27002;2ª Região de Saúde;2704;1ª MACRORREGIAO DE SAUDE
2707503;Porto Real do Colégio;AL;Nordeste;270003;Penedo;2701;Maceió;27006;6ª Região de Saúde;2704;1ª MACRORREGIAO DE SAUDE
2707602;Quebrangulo;AL;Nordeste;270008;Palmeira dos Índios;2702;Arapiraca;27004;4ª Região de Saúde;2704;1ª MACRORREGIAO DE SAUDE
2707701;Rio Largo;AL;Nordeste;270001;Maceió;2701;Maceió;27001;1ª Região de Saúde;2704;1ª MACRORREGIAO DE SAUDE
2707800;Roteiro;AL;Nordeste;270004;São Miguel dos Campos;2701;Maceió;27005;5ª Região de Saúde;2704;1ª MACRORREGIAO DE SAUDE
2707909;Santa Luzia do Norte;AL;Nordeste;270001;Maceió;2701;Maceió;27001;1ª Região de Saúde;2704;1ª MACRORREGIAO DE SAUDE
2708006;Santana do Ipanema;AL;Nordeste;270010;Santana do Ipanema;2702;Arapiraca;27009;9ª Região de Saúde;2703;2ª MACRORREGIAO DE SAUDE
2708105;Santana do Mundaú;AL;Nordeste;270005;União dos Palmares;2701;Maceió;27003;3ª Região de Saúde;2704;1ª MACRORREGIAO DE SAUDE
2708204;São Brás;AL;Nordeste;270003;Penedo;2701;Maceió;27006;6ª Região de Saúde;2704;1ª MACRORREGIAO DE SAUDE
2708303;São José da Laje;AL;Nordeste;270005;União dos Palmares;2701;Maceió;27003;3ª Região de Saúde;2704;1ª MACRORREGIAO DE SAUDE
2708402;São José da Tapera;AL;Nordeste;270011;Pão de Açúcar - Olho d'Água das Flores ¿ Batalha;2702;Arapiraca;27009;9ª Região de Saúde;2703;2ª MACRORREGIAO DE SAUDE
2708501;São Luís do Quitunde;AL;Nordeste;270002;Porto Calvo - São Luís do Quitunde;2701;Maceió;27002;2ª Região de Saúde;2704;1ª MACRORREGIAO DE SAUDE
2708600;São Miguel dos Campos;AL;Nordeste;270004;São Miguel dos Campos;2701;Maceió;27005;5ª Região de Saúde;2704;1ª MACRORREGIAO DE SAUDE
2708709;São Miguel dos Milagres;AL;Nordeste;270002;Porto Calvo - São Luís do Quitunde;2701;Maceió;27002;2ª Região de Saúde;2704;1ª MACRORREGIAO DE SAUDE
2708808;São Sebastião;AL;Nordeste;270007;Arapiraca;2702;Arapiraca;27007;7ª Região de Saúde;2703;2ª MACRORREGIAO DE SAUDE
2708907;Satuba;AL;Nordeste;270001;Maceió;2701;Maceió;27001;1ª Região de Saúde;2704;1ª MACRORREGIAO DE SAUDE
2708956;Senador Rui Palmeira;AL;Nordeste;270010;Santana do Ipanema;2702;Arapiraca;27009;9ª Região de Saúde;2703;2ª MACRORREGIAO DE SAUDE
2709004;Tanque d'Arca;AL;Nordeste;270007;Arapiraca;2702;Arapiraca;27008;8ª Região de Saúde;2703;2ª MACRORREGIAO DE SAUDE
2709103;Taquarana;AL;Nordeste;270007;Arapiraca;2702;Arapiraca;27007;7ª Região de Saúde;2703;2ª MACRORREGIAO DE SAUDE
2709152;Teotônio Vilela;AL;Nordeste;270007;Arapiraca;2702;Arapiraca;27005;5ª Região de Saúde;2704;1ª MACRORREGIAO DE SAUDE
2709202;Traipu;AL;Nordeste;270007;Arapiraca;2702;Arapiraca;27007;7ª Região de Saúde;2703;2ª MACRORREGIAO DE SAUDE
2709301;União dos Palmares;AL;Nordeste;270005;União dos Palmares;2701;Maceió;27003;3ª Região de Saúde;2704;1ª MACRORREGIAO DE SAUDE
2709400;Viçosa;AL;Nordeste;270006;Atalaia;2701;Maceió;27004;4ª Região de Saúde;2704;1ª MACRORREGIAO DE SAUDE
2800100;Amparo do São Francisco;SE;Nordeste;280003;Propriá;2801;Aracaju;28007;Propriá;2801;MACRO UNICA
2800209;Aquidabã;SE;Nordeste;280003;Propriá;2801;Aracaju;28007;Propriá;2801;MACRO UNICA
2800308;Aracaju;SE;Nordeste;280001;Aracaju;2801;Aracaju;28001;Aracaju;2801;MACRO UNICA
2800407;Arauá;SE;Nordeste;280002;Estância;2801;Aracaju;28002;Estância;2801;MACRO UNICA
2800506;Areia Branca;SE;Nordeste;280004;Itabaiana;2802;Itabaiana;28003;Itabaiana;2801;MACRO UNICA
2800605;Barra dos Coqueiros;SE;Nordeste;280001;Aracaju;2801;Aracaju;28001;Aracaju;2801;MACRO UNICA
2800670;Boquim;SE;Nordeste;280002;Estância;2801;Aracaju;28002;Estância;2801;MACRO UNICA
2800704;Brejo Grande;SE;Nordeste;280003;Propriá;2801;Aracaju;28007;Propriá;2801;MACRO UNICA
2801009;Campo do Brito;SE;Nordeste;280004;Itabaiana;2802;Itabaiana;28003;Itabaiana;2801;MACRO UNICA
2801108;Canhoba;SE;Nordeste;280003;Propriá;2801;Aracaju;28007;Propriá;2801;MACRO UNICA
2801207;Canindé de São Francisco;SE;Nordeste;280006;Nossa Senhora da Glória;2802;Itabaiana;28005;Nossa Senhora da Glória;2801;MACRO UNICA
2801306;Capela;SE;Nordeste;280001;Aracaju;2801;Aracaju;28006;Nossa Senhora do Socorro;2801;MACRO UNICA
2801405;Carira;SE;Nordeste;280004;Itabaiana;2802;Itabaiana;28003;Itabaiana;2801;MACRO UNICA
2801504;Carmópolis;SE;Nordeste;280001;Aracaju;2801;Aracaju;28006;Nossa Senhora do Socorro;2801;MACRO UNICA
2801603;Cedro de São João;SE;Nordeste;280003;Propriá;2801;Aracaju;28007;Propriá;2801;MACRO UNICA
2801702;Cristinápolis;SE;Nordeste;280002;Estância;2801;Aracaju;28002;Estância;2801;MACRO UNICA
2801900;Cumbe;SE;Nordeste;280001;Aracaju;2801;Aracaju;28006;Nossa Senhora do Socorro;2801;MACRO UNICA
2802007;Divina Pastora;SE;Nordeste;280001;Aracaju;2801;Aracaju;28001;Aracaju;2801;MACRO UNICA
2802106;Estância;SE;Nordeste;280002;Estância;2801;Aracaju;28002;Estância;2801;MACRO UNICA
2802205;Feira Nova;SE;Nordeste;280006;Nossa Senhora da Glória;2802;Itabaiana;28005;Nossa Senhora da Glória;2801;MACRO UNICA
2802304;Frei Paulo;SE;Nordeste;280004;Itabaiana;2802;Itabaiana;28003;Itabaiana;2801;MACRO UNICA
2802403;Gararu;SE;Nordeste;280006;Nossa Senhora da Glória;2802;Itabaiana;28005;Nossa Senhora da Glória;2801;MACRO UNICA
2802502;General Maynard;SE;Nordeste;280001;Aracaju;2801;Aracaju;28006;Nossa Senhora do Socorro;2801;MACRO UNICA
2802601;Graccho Cardoso;SE;Nordeste;280006;Nossa Senhora da Glória;2802;Itabaiana;28005;Nossa Senhora da Glória;2801;MACRO UNICA
2802700;Ilha das Flores;SE;Nordeste;280003;Propriá;2801;Aracaju;28007;Propriá;2801;MACRO UNICA
2802809;Indiaroba;SE;Nordeste;280002;Estância;2801;Aracaju;28002;Estância;2801;MACRO UNICA
2802908;Itabaiana;SE;Nordeste;280004;Itabaiana;2802;Itabaiana;28003;Itabaiana;2801;MACRO UNICA
2803005;Itabaianinha;SE;Nordeste;280002;Estância;2801;Aracaju;28002;Estância;2801;MACRO UNICA
2803104;Itabi;SE;Nordeste;280006;Nossa Senhora da Glória;2802;Itabaiana;28005;Nossa Senhora da Glória;2801;MACRO UNICA
2803203;Itaporanga d'Ajuda;SE;Nordeste;280001;Aracaju;2801;Aracaju;28001;Aracaju;2801;MACRO UNICA
2803302;Japaratuba;SE;Nordeste;280001;Aracaju;2801;Aracaju;28006;Nossa Senhora do Socorro;2801;MACRO UNICA
2803401;Japoatã;SE;Nordeste;280003;Propriá;2801;Aracaju;28007;Propriá;2801;MACRO UNICA
2803500;Lagarto;SE;Nordeste;280005;Lagarto;2802;Itabaiana;28004;Lagarto;2801;MACRO UNICA
2803609;Laranjeiras;SE;Nordeste;280001;Aracaju;2801;Aracaju;28001;Aracaju;2801;MACRO UNICA
2803708;Macambira;SE;Nordeste;280004;Itabaiana;2802;Itabaiana;28003;Itabaiana;2801;MACRO UNICA
2803807;Malhada dos Bois;SE;Nordeste;280003;Propriá;2801;Aracaju;28007;Propriá;2801;MACRO UNICA
2803906;Malhador;SE;Nordeste;280004;Itabaiana;2802;Itabaiana;28003;Itabaiana;2801;MACRO UNICA
2804003;Maruim;SE;Nordeste;280001;Aracaju;2801;Aracaju;28006;Nossa Senhora do Socorro;2801;MACRO UNICA
2804102;Moita Bonita;SE;Nordeste;280004;Itabaiana;2802;Itabaiana;28003;Itabaiana;2801;MACRO UNICA
2804201;Monte Alegre de Sergipe;SE;Nordeste;280006;Nossa Senhora da Glória;2802;Itabaiana;28005;Nossa Senhora da Glória;2801;MACRO UNICA
2804300;Muribeca;SE;Nordeste;280003;Propriá;2801;Aracaju;28007;Propriá;2801;MACRO UNICA
2804409;Neópolis;SE;Nordeste;280003;Propriá;2801;Aracaju;28007;Propriá;2801;MACRO UNICA
2804458;Nossa Senhora Aparecida;SE;Nordeste;280004;Itabaiana;2802;Itabaiana;28003;Itabaiana;2801;MACRO UNICA
2804508;Nossa Senhora da Glória;SE;Nordeste;280006;Nossa Senhora da Glória;2802;Itabaiana;28005;Nossa Senhora da Glória;2801;MACRO UNICA
2804607;Nossa Senhora das Dores;SE;Nordeste;280001;Aracaju;2801;Aracaju;28006;Nossa Senhora do Socorro;2801;MACRO UNICA
2804706;Nossa Senhora de Lourdes;SE;Nordeste;280003;Propriá;2801;Aracaju;28007;Propriá;2801;MACRO UNICA
2804805;Nossa Senhora do Socorro;SE;Nordeste;280001;Aracaju;2801;Aracaju;28006;Nossa Senhora do Socorro;2801;MACRO UNICA
2804904;Pacatuba;SE;Nordeste;280003;Propriá;2801;Aracaju;28007;Propriá;2801;MACRO UNICA
2805000;Pedra Mole;SE;Nordeste;280004;Itabaiana;2802;Itabaiana;28003;Itabaiana;2801;MACRO UNICA
2805109;Pedrinhas;SE;Nordeste;280002;Estância;2801;Aracaju;28002;Estância;2801;MACRO UNICA
2805208;Pinhão;SE;Nordeste;280004;Itabaiana;2802;Itabaiana;28003;Itabaiana;2801;MACRO UNICA
2805307;Pirambu;SE;Nordeste;280001;Aracaju;2801;Aracaju;28006;Nossa Senhora do Socorro;2801;MACRO UNICA
2805406;Poço Redondo;SE;Nordeste;280006;Nossa Senhora da Glória;2802;Itabaiana;28005;Nossa Senhora da Glória;2801;MACRO UNICA
2805505;Poço Verde;SE;Nordeste;280005;Lagarto;2802;Itabaiana;28004;Lagarto;2801;MACRO UNICA
2805604;Porto da Folha;SE;Nordeste;280006;Nossa Senhora da Glória;2802;Itabaiana;28005;Nossa Senhora da Glória;2801;MACRO UNICA
2805703;Propriá;SE;Nordeste;280003;Propriá;2801;Aracaju;28007;Propriá;2801;MACRO UNICA
2805802;Riachão do Dantas;SE;Nordeste;280005;Lagarto;2802;Itabaiana;28004;Lagarto;2801;MACRO UNICA
2805901;Riachuelo;SE;Nordeste;280001;Aracaju;2801;Aracaju;28001;Aracaju;2801;MACRO UNICA
2806008;Ribeirópolis;SE;Nordeste;280004;Itabaiana;2802;Itabaiana;28003;Itabaiana;2801;MACRO UNICA
2806107;Rosário do Catete;SE;Nordeste;280001;Aracaju;2801;Aracaju;28006;Nossa Senhora do Socorro;2801;MACRO UNICA
2806206;Salgado;SE;Nordeste;280005;Lagarto;2802;Itabaiana;28004;Lagarto;2801;MACRO UNICA
2806305;Santa Luzia do Itanhy;SE;Nordeste;280002;Estância;2801;Aracaju;28002;Estância;2801;MACRO UNICA
2806404;Santana do São Francisco;SE;Nordeste;280003;Propriá;2801;Aracaju;28007;Propriá;2801;MACRO UNICA
2806503;Santa Rosa de Lima;SE;Nordeste;280001;Aracaju;2801;Aracaju;28001;Aracaju;2801;MACRO UNICA
2806602;Santo Amaro das Brotas;SE;Nordeste;280001;Aracaju;2801;Aracaju;28006;Nossa Senhora do Socorro;2801;MACRO UNICA
2806701;São Cristóvão;SE;Nordeste;280001;Aracaju;2801;Aracaju;28001;Aracaju;2801;MACRO UNICA
2806800;São Domingos;SE;Nordeste;280004;Itabaiana;2802;Itabaiana;28003;Itabaiana;2801;MACRO UNICA
2806909;São Francisco;SE;Nordeste;280003;Propriá;2801;Aracaju;28007;Propriá;2801;MACRO UNICA
2807006;São Miguel do Aleixo;SE;Nordeste;280004;Itabaiana;2802;Itabaiana;28003;Itabaiana;2801;MACRO UNICA
2807105;Simão Dias;SE;Nordeste;280005;Lagarto;2802;Itabaiana;28004;Lagarto;2801;MACRO UNICA
2807204;Siriri;SE;Nordeste;280001;Aracaju;2801;Aracaju;28006;Nossa Senhora do Socorro;2801;MACRO UNICA
2807303;Telha;SE;Nordeste;280003;Propriá;2801;Aracaju;28007;Propriá;2801;MACRO UNICA
2807402;Tobias Barreto;SE;Nordeste;280005;Lagarto;2802;Itabaiana;28004;Lagarto;2801;MACRO UNICA
2807501;Tomar do Geru;SE;Nordeste;280002;Estância;2801;Aracaju;28002;Estância;2801;MACRO UNICA
2807600;Umbaúba;SE;Nordeste;280002;Estância;2801;Aracaju;28002;Estância;2801;MACRO UNICA
2900108;Abaíra;BA;Nordeste;290013;Brumado;2904;Vitória da Conquista;29023;Seabra;2917;CENTRO-LESTE (NRS - FEIRA SANTANA)
2900207;Abaré;BA;Nordeste;290024;Paulo Afonso;2909;Paulo Afonso;29017;Paulo Afonso;2913;NORTE - (NRS - JUAZEIRO)
2900306;Acajutiba;BA;Nordeste;290002;Alagoinhas;2901;Salvador;29001;Alagoinhas;2914;NORDESTE (NRS - ALAGOINHAS)
2900355;Adustina;BA;Nordeste;290027;Cícero Dantas;2909;Paulo Afonso;29019;Ribeira do Pombal;2914;NORDESTE (NRS - ALAGOINHAS)
2900405;Água Fria;BA;Nordeste;290029;Feira de Santana;2910;Feira de Santana;29025;Serrinha;2917;CENTRO-LESTE (NRS - FEIRA SANTANA)
2900504;Érico Cardoso;BA;Nordeste;290013;Brumado;2904;Vitória da Conquista;29003;Brumado;2911;SUDOESTE (NBS - VITORIA CONQUISTA)
2900603;Aiquara;BA;Nordeste;290012;Jequié;2904;Vitória da Conquista;29015;Jequié;2910;SUL (NBS - ILHEUS)
2900702;Alagoinhas;BA;Nordeste;290002;Alagoinhas;2901;Salvador;29001;Alagoinhas;2914;NORDESTE (NRS - ALAGOINHAS)
2900801;Alcobaça;BA;Nordeste;290008;Teixeira de Freitas;2903;Ilhéus ¿ Itabuna;29026;Teixeira de Freitas;2916;EXTREMO SUL (NRS - TEIXEIRA FREITAS)
2900900;Almadina;BA;Nordeste;290007;Ilhéus ¿ Itabuna;2903;Ilhéus ¿ Itabuna;29012;Itabuna;2910;SUL (NBS - ILHEUS)
2901007;Amargosa;BA;Nordeste;290003;Santo Antônio de Jesus;2902;Santo Antônio de Jesus;29022;Santo Antônio de Jesus;2915;LESTE - (NRS - SALVADOR)
2901106;Amélia Rodrigues;BA;Nordeste;290029;Feira de Santana;2910;Feira de Santana;29006;Feira de Santana;2917;CENTRO-LESTE (NRS - FEIRA SANTANA)
2901155;América Dourada;BA;Nordeste;290020;Irecê;2907;Irecê;29010;Irecê;2918;CENTRO - NORTE (NRS - JACOBINA)
2901205;Anagé;BA;Nordeste;290011;Vitória da Conquista;2904;Vitória da Conquista;29028;Vitória da Conquista;2911;SUDOESTE (NBS - VITORIA CONQUISTA)
2901304;Andaraí;BA;Nordeste;290031;Itaberaba;2910;Feira de Santana;29011;Itaberaba;2917;CENTRO-LESTE (NRS - FEIRA SANTANA)
2901353;Andorinha;BA;Nordeste;290023;Senhor do Bonfim;2908;Juazeiro;29024;Senhor do Bonfim;2913;NORTE - (NRS - JUAZEIRO)
2901403;Angical;BA;Nordeste;290018;Barreiras;2906;Barreiras;29002;Barreiras;2912;OESTE (NBS - BARREIRAS)
2901502;Anguera;BA;Nordeste;290029;Feira de Santana;2910;Feira de Santana;29006;Feira de Santana;2917;CENTRO-LESTE (NRS - FEIRA SANTANA)
2901601;Antas;BA;Nordeste;290027;Cícero Dantas;2909;Paulo Afonso;29019;Ribeira do Pombal;2914;NORDESTE (NRS - ALAGOINHAS)
2901700;Antônio Cardoso;BA;Nordeste;290029;Feira de Santana;2910;Feira de Santana;29006;Feira de Santana;2917;CENTRO-LESTE (NRS - FEIRA SANTANA)
2901809;Antônio Gonçalves;BA;Nordeste;290023;Senhor do Bonfim;2908;Juazeiro;29024;Senhor do Bonfim;2913;NORTE - (NRS - JUAZEIRO)
2901908;Aporá;BA;Nordeste;290002;Alagoinhas;2901;Salvador;29001;Alagoinhas;2914;NORDESTE (NRS - ALAGOINHAS)
2901957;Apuarema;BA;Nordeste;290012;Jequié;2904;Vitória da Conquista;29015;Jequié;2910;SUL (NBS - ILHEUS)
2902005;Aracatu;BA;Nordeste;290013;Brumado;2904;Vitória da Conquista;29003;Brumado;2911;SUDOESTE (NBS - VITORIA CONQUISTA)
2902054;Araçás;BA;Nordeste;290002;Alagoinhas;2901;Salvador;29001;Alagoinhas;2914;NORDESTE (NRS - ALAGOINHAS)
2902104;Araci;BA;Nordeste;290033;Serrinha;2910;Feira de Santana;29025;Serrinha;2917;CENTRO-LESTE (NRS - FEIRA SANTANA)
2902203;Aramari;BA;Nordeste;290002;Alagoinhas;2901;Salvador;29001;Alagoinhas;2914;NORDESTE (NRS - ALAGOINHAS)
2902252;Arataca;BA;Nordeste;290010;Camacan;2903;Ilhéus ¿ Itabuna;29009;Ilhéus;2910;SUL (NBS - ILHEUS)
2902302;Aratuípe;BA;Nordeste;290006;Nazaré ¿ Maragogipe;2902;Santo Antônio de Jesus;29022;Santo Antônio de Jesus;2915;LESTE - (NRS - SALVADOR)
2902401;Aurelino Leal;BA;Nordeste;290007;Ilhéus ¿ Itabuna;2903;Ilhéus ¿ Itabuna;29012;Itabuna;2910;SUL (NBS - ILHEUS)
2902500;Baianópolis;BA;Nordeste;290018;Barreiras;2906;Barreiras;29002;Barreiras;2912;OESTE (NBS - BARREIRAS)
2902609;Baixa Grande;BA;Nordeste;290029;Feira de Santana;2910;Feira de Santana;29006;Feira de Santana;2917;CENTRO-LESTE (NRS - FEIRA SANTANA)
2902658;Banzaê;BA;Nordeste;290025;Ribeira do Pombal;2909;Paulo Afonso;29019;Ribeira do Pombal;2914;NORDESTE (NRS - ALAGOINHAS)
2902708;Barra;BA;Nordeste;290021;Xique-Xique ¿ Barra;2907;Irecê;29008;Ibotirama;2912;OESTE (NBS - BARREIRAS)
2902807;Barra da Estiva;BA;Nordeste;290011;Vitória da Conquista;2904;Vitória da Conquista;29003;Brumado;2911;SUDOESTE (NBS - VITORIA CONQUISTA)
2902906;Barra do Choça;BA;Nordeste;290011;Vitória da Conquista;2904;Vitória da Conquista;29028;Vitória da Conquista;2911;SUDOESTE (NBS - VITORIA CONQUISTA)
2903003;Barra do Mendes;BA;Nordeste;290020;Irecê;2907;Irecê;29010;Irecê;2918;CENTRO - NORTE (NRS - JACOBINA)
2903102;Barra do Rocha;BA;Nordeste;290014;Ipiaú;2904;Vitória da Conquista;29015;Jequié;2910;SUL (NBS - ILHEUS)
2903201;Barreiras;BA;Nordeste;290018;Barreiras;2906;Barreiras;29002;Barreiras;2912;OESTE (NBS - BARREIRAS)
2903235;Barro Alto;BA;Nordeste;290020;Irecê;2907;Irecê;29010;Irecê;2918;CENTRO - NORTE (NRS - JACOBINA)
2903276;Barrocas;BA;Nordeste;290033;Serrinha;2910;Feira de Santana;29025;Serrinha;2917;CENTRO-LESTE (NRS - FEIRA SANTANA)
2903300;Barro Preto;BA;Nordeste;290007;Ilhéus ¿ Itabuna;2903;Ilhéus ¿ Itabuna;29012;Itabuna;2910;SUL (NBS - ILHEUS)
2903409;Belmonte;BA;Nordeste;290009;Eunápolis - Porto Seguro;2903;Ilhéus ¿ Itabuna;29018;Porto Seguro;2916;EXTREMO SUL (NRS - TEIXEIRA FREITAS)
2903508;Belo Campo;BA;Nordeste;290011;Vitória da Conquista;2904;Vitória da Conquista;29028;Vitória da Conquista;2911;SUDOESTE (NBS - VITORIA CONQUISTA)
2903607;Biritinga;BA;Nordeste;290033;Serrinha;2910;Feira de Santana;29025;Serrinha;2917;CENTRO-LESTE (NRS - FEIRA SANTANA)
2903706;Boa Nova;BA;Nordeste;290011;Vitória da Conquista;2904;Vitória da Conquista;29015;Jequié;2910;SUL (NBS - ILHEUS)
2903805;Boa Vista do Tupim;BA;Nordeste;290031;Itaberaba;2910;Feira de Santana;29011;Itaberaba;2917;CENTRO-LESTE (NRS - FEIRA SANTANA)
2903904;Bom Jesus da Lapa;BA;Nordeste;290017;Bom Jesus da Lapa;2905;Guanambi;29021;Santa Maria da Vitória;2912;OESTE (NBS - BARREIRAS)
2903953;Bom Jesus da Serra;BA;Nordeste;290011;Vitória da Conquista;2904;Vitória da Conquista;29028;Vitória da Conquista;2911;SUDOESTE (NBS - VITORIA CONQUISTA)
2904001;Boninal;BA;Nordeste;290034;Seabra;2910;Feira de Santana;29023;Seabra;2917;CENTRO-LESTE (NRS - FEIRA SANTANA)
2904050;Bonito;BA;Nordeste;290020;Irecê;2907;Irecê;29011;Itaberaba;2917;CENTRO-LESTE (NRS - FEIRA SANTANA)
2904100;Boquira;BA;Nordeste;290017;Bom Jesus da Lapa;2905;Guanambi;29003;Brumado;2911;SUDOESTE (NBS - VITORIA CONQUISTA)
2904209;Botuporã;BA;Nordeste;290016;Guanambi;2905;Guanambi;29007;Guanambi;2911;SUDOESTE (NBS - VITORIA CONQUISTA)
2904308;Brejões;BA;Nordeste;290003;Santo Antônio de Jesus;2902;Santo Antônio de Jesus;29015;Jequié;2910;SUL (NBS - ILHEUS)
2904407;Brejolândia;BA;Nordeste;290018;Barreiras;2906;Barreiras;29002;Barreiras;2912;OESTE (NBS - BARREIRAS)
2904506;Brotas de Macaúbas;BA;Nordeste;290021;Xique-Xique ¿ Barra;2907;Irecê;29008;Ibotirama;2912;OESTE (NBS - BARREIRAS)
2904605;Brumado;BA;Nordeste;290013;Brumado;2904;Vitória da Conquista;29003;Brumado;2911;SUDOESTE (NBS - VITORIA CONQUISTA)
2904704;Buerarema;BA;Nordeste;290007;Ilhéus ¿ Itabuna;2903;Ilhéus ¿ Itabuna;29012;Itabuna;2910;SUL (NBS - ILHEUS)
2904753;Buritirama;BA;Nordeste;290021;Xique-Xique ¿ Barra;2907;Irecê;29008;Ibotirama;2912;OESTE (NBS - BARREIRAS)
2904803;Caatiba;BA;Nordeste;290011;Vitória da Conquista;2904;Vitória da Conquista;29013;Itapetinga;2911;SUDOESTE (NBS - VITORIA CONQUISTA)
2904852;Cabaceiras do Paraguaçu;BA;Nordeste;290004;Cruz das Almas;2902;Santo Antônio de Jesus;29005;Cruz das Almas;2915;LESTE - (NRS - SALVADOR)
2904902;Cachoeira;BA;Nordeste;290004;Cruz das Almas;2902;Santo Antônio de Jesus;29005;Cruz das Almas;2915;LESTE - (NRS - SALVADOR)
2905008;Caculé;BA;Nordeste;290016;Guanambi;2905;Guanambi;29007;Guanambi;2911;SUDOESTE (NBS - VITORIA CONQUISTA)
2905107;Caém;BA;Nordeste;290030;Jacobina;2910;Feira de Santana;29014;Jacobina;2918;CENTRO - NORTE (NRS - JACOBINA)
2905156;Caetanos;BA;Nordeste;290011;Vitória da Conquista;2904;Vitória da Conquista;29028;Vitória da Conquista;2911;SUDOESTE (NBS - VITORIA CONQUISTA)
2905206;Caetité;BA;Nordeste;290016;Guanambi;2905;Guanambi;29007;Guanambi;2911;SUDOESTE (NBS - VITORIA CONQUISTA)
2905305;Cafarnaum;BA;Nordeste;290020;Irecê;2907;Irecê;29010;Irecê;2918;CENTRO - NORTE (NRS - JACOBINA)
2905404;Cairu;BA;Nordeste;290005;Valença;2902;Santo Antônio de Jesus;29027;Valença;2910;SUL (NBS - ILHEUS)
2905503;Caldeirão Grande;BA;Nordeste;290030;Jacobina;2910;Feira de Santana;29014;Jacobina;2918;CENTRO - NORTE (NRS - JACOBINA)
2905602;Camacan;BA;Nordeste;290010;Camacan;2903;Ilhéus ¿ Itabuna;29012;Itabuna;2910;SUL (NBS - ILHEUS)
2905701;Camaçari;BA;Nordeste;290001;Salvador;2901;Salvador;29004;Camaçari;2915;LESTE - (NRS - SALVADOR)
2905800;Camamu;BA;Nordeste;290005;Valença;2902;Santo Antônio de Jesus;29027;Valença;2910;SUL (NBS - ILHEUS)
2905909;Campo Alegre de Lourdes;BA;Nordeste;290022;Juazeiro;2908;Juazeiro;29016;Juazeiro;2913;NORTE - (NRS - JUAZEIRO)
2906006;Campo Formoso;BA;Nordeste;290023;Senhor do Bonfim;2908;Juazeiro;29024;Senhor do Bonfim;2913;NORTE - (NRS - JUAZEIRO)
2906105;Canápolis;BA;Nordeste;290019;Santa Maria da Vitoria;2906;Barreiras;29021;Santa Maria da Vitória;2912;OESTE (NBS - BARREIRAS)
2906204;Canarana;BA;Nordeste;290020;Irecê;2907;Irecê;29010;Irecê;2918;CENTRO - NORTE (NRS - JACOBINA)
2906303;Canavieiras;BA;Nordeste;290010;Camacan;2903;Ilhéus ¿ Itabuna;29009;Ilhéus;2910;SUL (NBS - ILHEUS)
2906402;Candeal;BA;Nordeste;290029;Feira de Santana;2910;Feira de Santana;29006;Feira de Santana;2917;CENTRO-LESTE (NRS - FEIRA SANTANA)
2906501;Candeias;BA;Nordeste;290001;Salvador;2901;Salvador;29020;Salvador;2915;LESTE - (NRS - SALVADOR)
2906600;Candiba;BA;Nordeste;290016;Guanambi;2905;Guanambi;29007;Guanambi;2911;SUDOESTE (NBS - VITORIA CONQUISTA)
2906709;Cândido Sales;BA;Nordeste;290011;Vitória da Conquista;2904;Vitória da Conquista;29028;Vitória da Conquista;2911;SUDOESTE (NBS - VITORIA CONQUISTA)
2906808;Cansanção;BA;Nordeste;290026;Euclides da Cunha;2909;Paulo Afonso;29025;Serrinha;2917;CENTRO-LESTE (NRS - FEIRA SANTANA)
2906824;Canudos;BA;Nordeste;290026;Euclides da Cunha;2909;Paulo Afonso;29016;Juazeiro;2913;NORTE - (NRS - JUAZEIRO)
2906857;Capela do Alto Alegre;BA;Nordeste;290029;Feira de Santana;2910;Feira de Santana;29006;Feira de Santana;2917;CENTRO-LESTE (NRS - FEIRA SANTANA)
2906873;Capim Grosso;BA;Nordeste;290030;Jacobina;2910;Feira de Santana;29014;Jacobina;2918;CENTRO - NORTE (NRS - JACOBINA)
2906899;Caraíbas;BA;Nordeste;290011;Vitória da Conquista;2904;Vitória da Conquista;29028;Vitória da Conquista;2911;SUDOESTE (NBS - VITORIA CONQUISTA)
2906907;Caravelas;BA;Nordeste;290008;Teixeira de Freitas;2903;Ilhéus ¿ Itabuna;29026;Teixeira de Freitas;2916;EXTREMO SUL (NRS - TEIXEIRA FREITAS)
2907004;Cardeal da Silva;BA;Nordeste;290002;Alagoinhas;2901;Salvador;29001;Alagoinhas;2914;NORDESTE (NRS - ALAGOINHAS)
2907103;Carinhanha;BA;Nordeste;290016;Guanambi;2905;Guanambi;29007;Guanambi;2911;SUDOESTE (NBS - VITORIA CONQUISTA)
2907202;Casa Nova;BA;Nordeste;290022;Juazeiro;2908;Juazeiro;29016;Juazeiro;2913;NORTE - (NRS - JUAZEIRO)
2907301;Castro Alves;BA;Nordeste;290004;Cruz das Almas;2902;Santo Antônio de Jesus;29022;Santo Antônio de Jesus;2915;LESTE - (NRS - SALVADOR)
2907400;Catolândia;BA;Nordeste;290018;Barreiras;2906;Barreiras;29002;Barreiras;2912;OESTE (NBS - BARREIRAS)
2907509;Catu;BA;Nordeste;290001;Salvador;2901;Salvador;29001;Alagoinhas;2914;NORDESTE (NRS - ALAGOINHAS)
2907558;Caturama;BA;Nordeste;290013;Brumado;2904;Vitória da Conquista;29003;Brumado;2911;SUDOESTE (NBS - VITORIA CONQUISTA)
2907608;Central;BA;Nordeste;290020;Irecê;2907;Irecê;29010;Irecê;2918;CENTRO - NORTE (NRS - JACOBINA)
2907707;Chorrochó;BA;Nordeste;290024;Paulo Afonso;2909;Paulo Afonso;29017;Paulo Afonso;2913;NORTE - (NRS - JUAZEIRO)
2907806;Cícero Dantas;BA;Nordeste;290027;Cícero Dantas;2909;Paulo Afonso;29019;Ribeira do Pombal;2914;NORDESTE (NRS - ALAGOINHAS)
2907905;Cipó;BA;Nordeste;290025;Ribeira do Pombal;2909;Paulo Afonso;29019;Ribeira do Pombal;2914;NORDESTE (NRS - ALAGOINHAS)
2908002;Coaraci;BA;Nordeste;290007;Ilhéus ¿ Itabuna;2903;Ilhéus ¿ Itabuna;29012;Itabuna;2910;SUL (NBS - ILHEUS)
2908101;Cocos;BA;Nordeste;290019;Santa Maria da Vitoria;2906;Barreiras;29021;Santa Maria da Vitória;2912;OESTE (NBS - BARREIRAS)
2908200;Conceição da Feira;BA;Nordeste;290029;Feira de Santana;2910;Feira de Santana;29005;Cruz das Almas;2915;LESTE - (NRS - SALVADOR)
2908309;Conceição do Almeida;BA;Nordeste;290004;Cruz das Almas;2902;Santo Antônio de Jesus;29022;Santo Antônio de Jesus;2915;LESTE - (NRS - SALVADOR)
2908408;Conceição do Coité;BA;Nordeste;290032;Conceição do Coité;2910;Feira de Santana;29025;Serrinha;2917;CENTRO-LESTE (NRS - FEIRA SANTANA)
2908507;Conceição do Jacuípe;BA;Nordeste;290029;Feira de Santana;2910;Feira de Santana;29006;Feira de Santana;2917;CENTRO-LESTE (NRS - FEIRA SANTANA)
2908606;Conde;BA;Nordeste;290002;Alagoinhas;2901;Salvador;29004;Camaçari;2915;LESTE - (NRS - SALVADOR)
2908705;Condeúba;BA;Nordeste;290011;Vitória da Conquista;2904;Vitória da Conquista;29028;Vitória da Conquista;2911;SUDOESTE (NBS - VITORIA CONQUISTA)
2908804;Contendas do Sincorá;BA;Nordeste;290011;Vitória da Conquista;2904;Vitória da Conquista;29003;Brumado;2911;SUDOESTE (NBS - VITORIA CONQUISTA)
2908903;Coração de Maria;BA;Nordeste;290029;Feira de Santana;2910;Feira de Santana;29006;Feira de Santana;2917;CENTRO-LESTE (NRS - FEIRA SANTANA)
2909000;Cordeiros;BA;Nordeste;290011;Vitória da Conquista;2904;Vitória da Conquista;29028;Vitória da Conquista;2911;SUDOESTE (NBS - VITORIA CONQUISTA)
2909109;Coribe;BA;Nordeste;290019;Santa Maria da Vitoria;2906;Barreiras;29021;Santa Maria da Vitória;2912;OESTE (NBS - BARREIRAS)
2909208;Coronel João Sá;BA;Nordeste;290028;Jeremoabo;2909;Paulo Afonso;29019;Ribeira do Pombal;2914;NORDESTE (NRS - ALAGOINHAS)
2909307;Correntina;BA;Nordeste;290019;Santa Maria da Vitoria;2906;Barreiras;29021;Santa Maria da Vitória;2912;OESTE (NBS - BARREIRAS)
2909406;Cotegipe;BA;Nordeste;290018;Barreiras;2906;Barreiras;29002;Barreiras;2912;OESTE (NBS - BARREIRAS)
2909505;Cravolândia;BA;Nordeste;290012;Jequié;2904;Vitória da Conquista;29015;Jequié;2910;SUL (NBS - ILHEUS)
2909604;Crisópolis;BA;Nordeste;290002;Alagoinhas;2901;Salvador;29001;Alagoinhas;2914;NORDESTE (NRS - ALAGOINHAS)
2909703;Cristópolis;BA;Nordeste;290018;Barreiras;2906;Barreiras;29002;Barreiras;2912;OESTE (NBS - BARREIRAS)
2909802;Cruz das Almas;BA;Nordeste;290004;Cruz das Almas;2902;Santo Antônio de Jesus;29005;Cruz das Almas;2915;LESTE - (NRS - SALVADOR)
2909901;Curaçá;BA;Nordeste;290022;Juazeiro;2908;Juazeiro;29016;Juazeiro;2913;NORTE - (NRS - JUAZEIRO)
2910008;Dário Meira;BA;Nordeste;290014;Ipiaú;2904;Vitória da Conquista;29015;Jequié;2910;SUL (NBS - ILHEUS)
2910057;Dias d'Ávila;BA;Nordeste;290001;Salvador;2901;Salvador;29004;Camaçari;2915;LESTE - (NRS - SALVADOR)
2910107;Dom Basílio;BA;Nordeste;290013;Brumado;2904;Vitória da Conquista;29003;Brumado;2911;SUDOESTE (NBS - VITORIA CONQUISTA)
2910206;Dom Macedo Costa;BA;Nordeste;290003;Santo Antônio de Jesus;2902;Santo Antônio de Jesus;29022;Santo Antônio de Jesus;2915;LESTE - (NRS - SALVADOR)
2910305;Elísio Medrado;BA;Nordeste;290003;Santo Antônio de Jesus;2902;Santo Antônio de Jesus;29022;Santo Antônio de Jesus;2915;LESTE - (NRS - SALVADOR)
2910404;Encruzilhada;BA;Nordeste;290011;Vitória da Conquista;2904;Vitória da Conquista;29028;Vitória da Conquista;2911;SUDOESTE (NBS - VITORIA CONQUISTA)
2910503;Entre Rios;BA;Nordeste;290002;Alagoinhas;2901;Salvador;29001;Alagoinhas;2914;NORDESTE (NRS - ALAGOINHAS)
2910602;Esplanada;BA;Nordeste;290002;Alagoinhas;2901;Salvador;29001;Alagoinhas;2914;NORDESTE (NRS - ALAGOINHAS)
2910701;Euclides da Cunha;BA;Nordeste;290026;Euclides da Cunha;2909;Paulo Afonso;29025;Serrinha;2917;CENTRO-LESTE (NRS - FEIRA SANTANA)
2910727;Eunápolis;BA;Nordeste;290009;Eunápolis - Porto Seguro;2903;Ilhéus ¿ Itabuna;29018;Porto Seguro;2916;EXTREMO SUL (NRS - TEIXEIRA FREITAS)
2910750;Fátima;BA;Nordeste;290027;Cícero Dantas;2909;Paulo Afonso;29019;Ribeira do Pombal;2914;NORDESTE (NRS - ALAGOINHAS)
2910776;Feira da Mata;BA;Nordeste;290016;Guanambi;2905;Guanambi;29007;Guanambi;2911;SUDOESTE (NBS - VITORIA CONQUISTA)
2910800;Feira de Santana;BA;Nordeste;290029;Feira de Santana;2910;Feira de Santana;29006;Feira de Santana;2917;CENTRO-LESTE (NRS - FEIRA SANTANA)
2910859;Filadélfia;BA;Nordeste;290023;Senhor do Bonfim;2908;Juazeiro;29024;Senhor do Bonfim;2913;NORTE - (NRS - JUAZEIRO)
2910909;Firmino Alves;BA;Nordeste;290007;Ilhéus ¿ Itabuna;2903;Ilhéus ¿ Itabuna;29013;Itapetinga;2911;SUDOESTE (NBS - VITORIA CONQUISTA)
2911006;Floresta Azul;BA;Nordeste;290007;Ilhéus ¿ Itabuna;2903;Ilhéus ¿ Itabuna;29012;Itabuna;2910;SUL (NBS - ILHEUS)
2911105;Formosa do Rio Preto;BA;Nordeste;290018;Barreiras;2906;Barreiras;29002;Barreiras;2912;OESTE (NBS - BARREIRAS)
2911204;Gandu;BA;Nordeste;290014;Ipiaú;2904;Vitória da Conquista;29027;Valença;2910;SUL (NBS - ILHEUS)
2911253;Gavião;BA;Nordeste;290029;Feira de Santana;2910;Feira de Santana;29006;Feira de Santana;2917;CENTRO-LESTE (NRS - FEIRA SANTANA)
2911303;Gentio do Ouro;BA;Nordeste;290021;Xique-Xique ¿ Barra;2907;Irecê;29010;Irecê;2918;CENTRO - NORTE (NRS - JACOBINA)
2911402;Glória;BA;Nordeste;290024;Paulo Afonso;2909;Paulo Afonso;29017;Paulo Afonso;2913;NORTE - (NRS - JUAZEIRO)
2911501;Gongogi;BA;Nordeste;290014;Ipiaú;2904;Vitória da Conquista;29012;Itabuna;2910;SUL (NBS - ILHEUS)
2911600;Governador Mangabeira;BA;Nordeste;290004;Cruz das Almas;2902;Santo Antônio de Jesus;29005;Cruz das Almas;2915;LESTE - (NRS - SALVADOR)
2911659;Guajeru;BA;Nordeste;290016;Guanambi;2905;Guanambi;29003;Brumado;2911;SUDOESTE (NBS - VITORIA CONQUISTA)
2911709;Guanambi;BA;Nordeste;290016;Guanambi;2905;Guanambi;29007;Guanambi;2911;SUDOESTE (NBS - VITORIA CONQUISTA)
2911808;Guaratinga;BA;Nordeste;290009;Eunápolis - Porto Seguro;2903;Ilhéus ¿ Itabuna;29018;Porto Seguro;2916;EXTREMO SUL (NRS - TEIXEIRA FREITAS)
2911857;Heliópolis;BA;Nordeste;290027;Cícero Dantas;2909;Paulo Afonso;29019;Ribeira do Pombal;2914;NORDESTE (NRS - ALAGOINHAS)
2911907;Iaçu;BA;Nordeste;290031;Itaberaba;2910;Feira de Santana;29011;Itaberaba;2917;CENTRO-LESTE (NRS - FEIRA SANTANA)
2912004;Ibiassucê;BA;Nordeste;290016;Guanambi;2905;Guanambi;29007;Guanambi;2911;SUDOESTE (NBS - VITORIA CONQUISTA)
2912103;Ibicaraí;BA;Nordeste;290007;Ilhéus ¿ Itabuna;2903;Ilhéus ¿ Itabuna;29012;Itabuna;2910;SUL (NBS - ILHEUS)
2912202;Ibicoara;BA;Nordeste;290011;Vitória da Conquista;2904;Vitória da Conquista;29003;Brumado;2911;SUDOESTE (NBS - VITORIA CONQUISTA)
2912301;Ibicuí;BA;Nordeste;290007;Ilhéus ¿ Itabuna;2903;Ilhéus ¿ Itabuna;29013;Itapetinga;2911;SUDOESTE (NBS - VITORIA CONQUISTA)
2912400;Ibipeba;BA;Nordeste;290020;Irecê;2907;Irecê;29010;Irecê;2918;CENTRO - NORTE (NRS - JACOBINA)
2912509;Ibipitanga;BA;Nordeste;290017;Bom Jesus da Lapa;2905;Guanambi;29003;Brumado;2911;SUDOESTE (NBS - VITORIA CONQUISTA)
2912608;Ibiquera;BA;Nordeste;290031;Itaberaba;2910;Feira de Santana;29011;Itaberaba;2917;CENTRO-LESTE (NRS - FEIRA SANTANA)
2912707;Ibirapitanga;BA;Nordeste;290007;Ilhéus ¿ Itabuna;2903;Ilhéus ¿ Itabuna;29012;Itabuna;2910;SUL (NBS - ILHEUS)
2912806;Ibirapuã;BA;Nordeste;290008;Teixeira de Freitas;2903;Ilhéus ¿ Itabuna;29026;Teixeira de Freitas;2916;EXTREMO SUL (NRS - TEIXEIRA FREITAS)
2912905;Ibirataia;BA;Nordeste;290014;Ipiaú;2904;Vitória da Conquista;29015;Jequié;2910;SUL (NBS - ILHEUS)
2913002;Ibitiara;BA;Nordeste;290034;Seabra;2910;Feira de Santana;29023;Seabra;2917;CENTRO-LESTE (NRS - FEIRA SANTANA)
2913101;Ibititá;BA;Nordeste;290020;Irecê;2907;Irecê;29010;Irecê;2918;CENTRO - NORTE (NRS - JACOBINA)
2913200;Ibotirama;BA;Nordeste;290021;Xique-Xique ¿ Barra;2907;Irecê;29008;Ibotirama;2912;OESTE (NBS - BARREIRAS)
2913309;Ichu;BA;Nordeste;290029;Feira de Santana;2910;Feira de Santana;29006;Feira de Santana;2917;CENTRO-LESTE (NRS - FEIRA SANTANA)
2913408;Igaporã;BA;Nordeste;290016;Guanambi;2905;Guanambi;29007;Guanambi;2911;SUDOESTE (NBS - VITORIA CONQUISTA)
2913457;Igrapiúna;BA;Nordeste;290005;Valença;2902;Santo Antônio de Jesus;29027;Valença;2910;SUL (NBS - ILHEUS)
2913507;Iguaí;BA;Nordeste;290011;Vitória da Conquista;2904;Vitória da Conquista;29013;Itapetinga;2911;SUDOESTE (NBS - VITORIA CONQUISTA)
2913606;Ilhéus;BA;Nordeste;290007;Ilhéus ¿ Itabuna;2903;Ilhéus ¿ Itabuna;29009;Ilhéus;2910;SUL (NBS - ILHEUS)
2913705;Inhambupe;BA;Nordeste;290002;Alagoinhas;2901;Salvador;29001;Alagoinhas;2914;NORDESTE (NRS - ALAGOINHAS)
2913804;Ipecaetá;BA;Nordeste;290029;Feira de Santana;2910;Feira de Santana;29006;Feira de Santana;2917;CENTRO-LESTE (NRS - FEIRA SANTANA)
2913903;Ipiaú;BA;Nordeste;290014;Ipiaú;2904;Vitória da Conquista;29015;Jequié;2910;SUL (NBS - ILHEUS)
2914000;Ipirá;BA;Nordeste;290029;Feira de Santana;2910;Feira de Santana;29006;Feira de Santana;2917;CENTRO-LESTE (NRS - FEIRA SANTANA)
2914109;Ipupiara;BA;Nordeste;290021;Xique-Xique ¿ Barra;2907;Irecê;29008;Ibotirama;2912;OESTE (NBS - BARREIRAS)
2914208;Irajuba;BA;Nordeste;290012;Jequié;2904;Vitória da Conquista;29015;Jequié;2910;SUL (NBS - ILHEUS)
2914307;Iramaia;BA;Nordeste;290011;Vitória da Conquista;2904;Vitória da Conquista;29015;Jequié;2910;SUL (NBS - ILHEUS)
2914406;Iraquara;BA;Nordeste;290034;Seabra;2910;Feira de Santana;29023;Seabra;2917;CENTRO-LESTE (NRS - FEIRA SANTANA)
2914505;Irará;BA;Nordeste;290029;Feira de Santana;2910;Feira de Santana;29006;Feira de Santana;2917;CENTRO-LESTE (NRS - FEIRA SANTANA)
2914604;Irecê;BA;Nordeste;290020;Irecê;2907;Irecê;29010;Irecê;2918;CENTRO - NORTE (NRS - JACOBINA)
2914653;Itabela;BA;Nordeste;290009;Eunápolis - Porto Seguro;2903;Ilhéus ¿ Itabuna;29018;Porto Seguro;2916;EXTREMO SUL (NRS - TEIXEIRA FREITAS)
2914703;Itaberaba;BA;Nordeste;290031;Itaberaba;2910;Feira de Santana;29011;Itaberaba;2917;CENTRO-LESTE (NRS - FEIRA SANTANA)
2914802;Itabuna;BA;Nordeste;290007;Ilhéus ¿ Itabuna;2903;Ilhéus ¿ Itabuna;29012;Itabuna;2910;SUL (NBS - ILHEUS)
2914901;Itacaré;BA;Nordeste;290007;Ilhéus ¿ Itabuna;2903;Ilhéus ¿ Itabuna;29009;Ilhéus;2910;SUL (NBS - ILHEUS)
2915007;Itaeté;BA;Nordeste;290031;Itaberaba;2910;Feira de Santana;29011;Itaberaba;2917;CENTRO-LESTE (NRS - FEIRA SANTANA)
2915106;Itagi;BA;Nordeste;290012;Jequié;2904;Vitória da Conquista;29015;Jequié;2910;SUL (NBS - ILHEUS)
2915205;Itagibá;BA;Nordeste;290014;Ipiaú;2904;Vitória da Conquista;29015;Jequié;2910;SUL (NBS - ILHEUS)
2915304;Itagimirim;BA;Nordeste;290009;Eunápolis - Porto Seguro;2903;Ilhéus ¿ Itabuna;29018;Porto Seguro;2916;EXTREMO SUL (NRS - TEIXEIRA FREITAS)
2915353;Itaguaçu da Bahia;BA;Nordeste;290020;Irecê;2907;Irecê;29010;Irecê;2918;CENTRO - NORTE (NRS - JACOBINA)
2915403;Itaju do Colônia;BA;Nordeste;290007;Ilhéus ¿ Itabuna;2903;Ilhéus ¿ Itabuna;29012;Itabuna;2910;SUL (NBS - ILHEUS)
2915502;Itajuípe;BA;Nordeste;290007;Ilhéus ¿ Itabuna;2903;Ilhéus ¿ Itabuna;29012;Itabuna;2910;SUL (NBS - ILHEUS)
2915601;Itamaraju;BA;Nordeste;290008;Teixeira de Freitas;2903;Ilhéus ¿ Itabuna;29026;Teixeira de Freitas;2916;EXTREMO SUL (NRS - TEIXEIRA FREITAS)
2915700;Itamari;BA;Nordeste;290014;Ipiaú;2904;Vitória da Conquista;29015;Jequié;2910;SUL (NBS - ILHEUS)
2915809;Itambé;BA;Nordeste;290011;Vitória da Conquista;2904;Vitória da Conquista;29013;Itapetinga;2911;SUDOESTE (NBS - VITORIA CONQUISTA)
2915908;Itanagra;BA;Nordeste;290001;Salvador;2901;Salvador;29001;Alagoinhas;2914;NORDESTE (NRS - ALAGOINHAS)
2916005;Itanhém;BA;Nordeste;290008;Teixeira de Freitas;2903;Ilhéus ¿ Itabuna;29026;Teixeira de Freitas;2916;EXTREMO SUL (NRS - TEIXEIRA FREITAS)
2916104;Itaparica;BA;Nordeste;290006;Nazaré ¿ Maragogipe;2902;Santo Antônio de Jesus;29020;Salvador;2915;LESTE - (NRS - SALVADOR)
2916203;Itapé;BA;Nordeste;290007;Ilhéus ¿ Itabuna;2903;Ilhéus ¿ Itabuna;29012;Itabuna;2910;SUL (NBS - ILHEUS)
2916302;Itapebi;BA;Nordeste;290009;Eunápolis - Porto Seguro;2903;Ilhéus ¿ Itabuna;29018;Porto Seguro;2916;EXTREMO SUL (NRS - TEIXEIRA FREITAS)
2916401;Itapetinga;BA;Nordeste;290015;Itapetinga;2904;Vitória da Conquista;29013;Itapetinga;2911;SUDOESTE (NBS - VITORIA CONQUISTA)
2916500;Itapicuru;BA;Nordeste;290002;Alagoinhas;2901;Salvador;29001;Alagoinhas;2914;NORDESTE (NRS - ALAGOINHAS)
2916609;Itapitanga;BA;Nordeste;290007;Ilhéus ¿ Itabuna;2903;Ilhéus ¿ Itabuna;29012;Itabuna;2910;SUL (NBS - ILHEUS)
2916708;Itaquara;BA;Nordeste;290012;Jequié;2904;Vitória da Conquista;29015;Jequié;2910;SUL (NBS - ILHEUS)
2916807;Itarantim;BA;Nordeste;290015;Itapetinga;2904;Vitória da Conquista;29013;Itapetinga;2911;SUDOESTE (NBS - VITORIA CONQUISTA)
2916856;Itatim;BA;Nordeste;290004;Cruz das Almas;2902;Santo Antônio de Jesus;29022;Santo Antônio de Jesus;2915;LESTE - (NRS - SALVADOR)
2916906;Itiruçu;BA;Nordeste;290012;Jequié;2904;Vitória da Conquista;29015;Jequié;2910;SUL (NBS - ILHEUS)
2917003;Itiúba;BA;Nordeste;290023;Senhor do Bonfim;2908;Juazeiro;29024;Senhor do Bonfim;2913;NORTE - (NRS - JUAZEIRO)
2917102;Itororó;BA;Nordeste;290015;Itapetinga;2904;Vitória da Conquista;29013;Itapetinga;2911;SUDOESTE (NBS - VITORIA CONQUISTA)
2917201;Ituaçu;BA;Nordeste;290011;Vitória da Conquista;2904;Vitória da Conquista;29003;Brumado;2911;SUDOESTE (NBS - VITORIA CONQUISTA)
2917300;Ituberá;BA;Nordeste;290005;Valença;2902;Santo Antônio de Jesus;29027;Valença;2910;SUL (NBS - ILHEUS)
2917334;Iuiu;BA;Nordeste;290016;Guanambi;2905;Guanambi;29007;Guanambi;2911;SUDOESTE (NBS - VITORIA CONQUISTA)
2917359;Jaborandi;BA;Nordeste;290019;Santa Maria da Vitoria;2906;Barreiras;29021;Santa Maria da Vitória;2912;OESTE (NBS - BARREIRAS)
2917409;Jacaraci;BA;Nordeste;290016;Guanambi;2905;Guanambi;29007;Guanambi;2911;SUDOESTE (NBS - VITORIA CONQUISTA)
2917508;Jacobina;BA;Nordeste;290030;Jacobina;2910;Feira de Santana;29014;Jacobina;2918;CENTRO - NORTE (NRS - JACOBINA)
2917607;Jaguaquara;BA;Nordeste;290012;Jequié;2904;Vitória da Conquista;29015;Jequié;2910;SUL (NBS - ILHEUS)
2917706;Jaguarari;BA;Nordeste;290023;Senhor do Bonfim;2908;Juazeiro;29024;Senhor do Bonfim;2913;NORTE - (NRS - JUAZEIRO)
2917805;Jaguaripe;BA;Nordeste;290006;Nazaré ¿ Maragogipe;2902;Santo Antônio de Jesus;29022;Santo Antônio de Jesus;2915;LESTE - (NRS - SALVADOR)
2917904;Jandaíra;BA;Nordeste;290002;Alagoinhas;2901;Salvador;29001;Alagoinhas;2914;NORDESTE (NRS - ALAGOINHAS)
2918001;Jequié;BA;Nordeste;290012;Jequié;2904;Vitória da Conquista;29015;Jequié;2910;SUL (NBS - ILHEUS)
2918100;Jeremoabo;BA;Nordeste;290028;Jeremoabo;2909;Paulo Afonso;29017;Paulo Afonso;2913;NORTE - (NRS - JUAZEIRO)
2918209;Jiquiriçá;BA;Nordeste;290003;Santo Antônio de Jesus;2902;Santo Antônio de Jesus;29022;Santo Antônio de Jesus;2915;LESTE - (NRS - SALVADOR)
2918308;Jitaúna;BA;Nordeste;290012;Jequié;2904;Vitória da Conquista;29015;Jequié;2910;SUL (NBS - ILHEUS)
2918357;João Dourado;BA;Nordeste;290020;Irecê;2907;Irecê;29010;Irecê;2918;CENTRO - NORTE (NRS - JACOBINA)
2918407;Juazeiro;BA;Nordeste;290022;Juazeiro;2908;Juazeiro;29016;Juazeiro;2913;NORTE - (NRS - JUAZEIRO)
2918456;Jucuruçu;BA;Nordeste;290008;Teixeira de Freitas;2903;Ilhéus ¿ Itabuna;29026;Teixeira de Freitas;2916;EXTREMO SUL (NRS - TEIXEIRA FREITAS)
2918506;Jussara;BA;Nordeste;290020;Irecê;2907;Irecê;29010;Irecê;2918;CENTRO - NORTE (NRS - JACOBINA)
2918555;Jussari;BA;Nordeste;290010;Camacan;2903;Ilhéus ¿ Itabuna;29012;Itabuna;2910;SUL (NBS - ILHEUS)
2918605;Jussiape;BA;Nordeste;290013;Brumado;2904;Vitória da Conquista;29003;Brumado;2911;SUDOESTE (NBS - VITORIA CONQUISTA)
2918704;Lafaiete Coutinho;BA;Nordeste;290012;Jequié;2904;Vitória da Conquista;29015;Jequié;2910;SUL (NBS - ILHEUS)
2918753;Lagoa Real;BA;Nordeste;290016;Guanambi;2905;Guanambi;29007;Guanambi;2911;SUDOESTE (NBS - VITORIA CONQUISTA)
2918803;Laje;BA;Nordeste;290003;Santo Antônio de Jesus;2902;Santo Antônio de Jesus;29022;Santo Antônio de Jesus;2915;LESTE - (NRS - SALVADOR)
2918902;Lajedão;BA;Nordeste;290008;Teixeira de Freitas;2903;Ilhéus ¿ Itabuna;29026;Teixeira de Freitas;2916;EXTREMO SUL (NRS - TEIXEIRA FREITAS)
2919009;Lajedinho;BA;Nordeste;290031;Itaberaba;2910;Feira de Santana;29011;Itaberaba;2917;CENTRO-LESTE (NRS - FEIRA SANTANA)
2919058;Lajedo do Tabocal;BA;Nordeste;290012;Jequié;2904;Vitória da Conquista;29015;Jequié;2910;SUL (NBS - ILHEUS)
2919108;Lamarão;BA;Nordeste;290029;Feira de Santana;2910;Feira de Santana;29025;Serrinha;2917;CENTRO-LESTE (NRS - FEIRA SANTANA)
2919157;Lapão;BA;Nordeste;290020;Irecê;2907;Irecê;29010;Irecê;2918;CENTRO - NORTE (NRS - JACOBINA)
2919207;Lauro de Freitas;BA;Nordeste;290001;Salvador;2901;Salvador;29020;Salvador;2915;LESTE - (NRS - SALVADOR)
2919306;Lençóis;BA;Nordeste;290034;Seabra;2910;Feira de Santana;29023;Seabra;2917;CENTRO-LESTE (NRS - FEIRA SANTANA)
2919405;Licínio de Almeida;BA;Nordeste;290016;Guanambi;2905;Guanambi;29007;Guanambi;2911;SUDOESTE (NBS - VITORIA CONQUISTA)
2919504;Livramento de Nossa Senhora;BA;Nordeste;290013;Brumado;2904;Vitória da Conquista;29003;Brumado;2911;SUDOESTE (NBS - VITORIA CONQUISTA)
2919553;Luís Eduardo Magalhães;BA;Nordeste;290018;Barreiras;2906;Barreiras;29002;Barreiras;2912;OESTE (NBS - BARREIRAS)
2919603;Macajuba;BA;Nordeste;290029;Feira de Santana;2910;Feira de Santana;29011;Itaberaba;2917;CENTRO-LESTE (NRS - FEIRA SANTANA)
2919702;Macarani;BA;Nordeste;290015;Itapetinga;2904;Vitória da Conquista;29013;Itapetinga;2911;SUDOESTE (NBS - VITORIA CONQUISTA)
2919801;Macaúbas;BA;Nordeste;290017;Bom Jesus da Lapa;2905;Guanambi;29003;Brumado;2911;SUDOESTE (NBS - VITORIA CONQUISTA)
2919900;Macururé;BA;Nordeste;290024;Paulo Afonso;2909;Paulo Afonso;29017;Paulo Afonso;2913;NORTE - (NRS - JUAZEIRO)
2919926;Madre de Deus;BA;Nordeste;290001;Salvador;2901;Salvador;29020;Salvador;2915;LESTE - (NRS - SALVADOR)
2919959;Maetinga;BA;Nordeste;290011;Vitória da Conquista;2904;Vitória da Conquista;29028;Vitória da Conquista;2911;SUDOESTE (NBS - VITORIA CONQUISTA)
2920007;Maiquinique;BA;Nordeste;290015;Itapetinga;2904;Vitória da Conquista;29013;Itapetinga;2911;SUDOESTE (NBS - VITORIA CONQUISTA)
2920106;Mairi;BA;Nordeste;290029;Feira de Santana;2910;Feira de Santana;29014;Jacobina;2918;CENTRO - NORTE (NRS - JACOBINA)
2920205;Malhada;BA;Nordeste;290016;Guanambi;2905;Guanambi;29007;Guanambi;2911;SUDOESTE (NBS - VITORIA CONQUISTA)
2920304;Malhada de Pedras;BA;Nordeste;290013;Brumado;2904;Vitória da Conquista;29003;Brumado;2911;SUDOESTE (NBS - VITORIA CONQUISTA)
2920403;Manoel Vitorino;BA;Nordeste;290012;Jequié;2904;Vitória da Conquista;29015;Jequié;2910;SUL (NBS - ILHEUS)
2920452;Mansidão;BA;Nordeste;290018;Barreiras;2906;Barreiras;29002;Barreiras;2912;OESTE (NBS - BARREIRAS)
2920502;Maracás;BA;Nordeste;290012;Jequié;2904;Vitória da Conquista;29015;Jequié;2910;SUL (NBS - ILHEUS)
2920601;Maragogipe;BA;Nordeste;290006;Nazaré ¿ Maragogipe;2902;Santo Antônio de Jesus;29005;Cruz das Almas;2915;LESTE - (NRS - SALVADOR)
2920700;Maraú;BA;Nordeste;290007;Ilhéus ¿ Itabuna;2903;Ilhéus ¿ Itabuna;29012;Itabuna;2910;SUL (NBS - ILHEUS)
2920809;Marcionílio Souza;BA;Nordeste;290031;Itaberaba;2910;Feira de Santana;29011;Itaberaba;2917;CENTRO-LESTE (NRS - FEIRA SANTANA)
2920908;Mascote;BA;Nordeste;290010;Camacan;2903;Ilhéus ¿ Itabuna;29009;Ilhéus;2910;SUL (NBS - ILHEUS)
2921005;Mata de São João;BA;Nordeste;290001;Salvador;2901;Salvador;29004;Camaçari;2915;LESTE - (NRS - SALVADOR)
2921054;Matina;BA;Nordeste;290016;Guanambi;2905;Guanambi;29007;Guanambi;2911;SUDOESTE (NBS - VITORIA CONQUISTA)
2921104;Medeiros Neto;BA;Nordeste;290008;Teixeira de Freitas;2903;Ilhéus ¿ Itabuna;29026;Teixeira de Freitas;2916;EXTREMO SUL (NRS - TEIXEIRA FREITAS)
2921203;Miguel Calmon;BA;Nordeste;290030;Jacobina;2910;Feira de Santana;29014;Jacobina;2918;CENTRO - NORTE (NRS - JACOBINA)
2921302;Milagres;BA;Nordeste;290003;Santo Antônio de Jesus;2902;Santo Antônio de Jesus;29022;Santo Antônio de Jesus;2915;LESTE - (NRS - SALVADOR)
2921401;Mirangaba;BA;Nordeste;290030;Jacobina;2910;Feira de Santana;29014;Jacobina;2918;CENTRO - NORTE (NRS - JACOBINA)
2921450;Mirante;BA;Nordeste;290011;Vitória da Conquista;2904;Vitória da Conquista;29028;Vitória da Conquista;2911;SUDOESTE (NBS - VITORIA CONQUISTA)
2921500;Monte Santo;BA;Nordeste;290026;Euclides da Cunha;2909;Paulo Afonso;29025;Serrinha;2917;CENTRO-LESTE (NRS - FEIRA SANTANA)
2921609;Morpará;BA;Nordeste;290021;Xique-Xique ¿ Barra;2907;Irecê;29008;Ibotirama;2912;OESTE (NBS - BARREIRAS)
2921708;Morro do Chapéu;BA;Nordeste;290020;Irecê;2907;Irecê;29014;Jacobina;2918;CENTRO - NORTE (NRS - JACOBINA)
2921807;Mortugaba;BA;Nordeste;290016;Guanambi;2905;Guanambi;29007;Guanambi;2911;SUDOESTE (NBS - VITORIA CONQUISTA)
2921906;Mucugê;BA;Nordeste;290034;Seabra;2910;Feira de Santana;29023;Seabra;2917;CENTRO-LESTE (NRS - FEIRA SANTANA)
2922003;Mucuri;BA;Nordeste;290008;Teixeira de Freitas;2903;Ilhéus ¿ Itabuna;29026;Teixeira de Freitas;2916;EXTREMO SUL (NRS - TEIXEIRA FREITAS)
2922052;Mulungu do Morro;BA;Nordeste;290020;Irecê;2907;Irecê;29010;Irecê;2918;CENTRO - NORTE (NRS - JACOBINA)
2922102;Mundo Novo;BA;Nordeste;290029;Feira de Santana;2910;Feira de Santana;29006;Feira de Santana;2917;CENTRO-LESTE (NRS - FEIRA SANTANA)
2922201;Muniz Ferreira;BA;Nordeste;290003;Santo Antônio de Jesus;2902;Santo Antônio de Jesus;29022;Santo Antônio de Jesus;2915;LESTE - (NRS - SALVADOR)
2922250;Muquém do São Francisco;BA;Nordeste;290021;Xique-Xique ¿ Barra;2907;Irecê;29008;Ibotirama;2912;OESTE (NBS - BARREIRAS)
2922300;Muritiba;BA;Nordeste;290004;Cruz das Almas;2902;Santo Antônio de Jesus;29005;Cruz das Almas;2915;LESTE - (NRS - SALVADOR)
2922409;Mutuípe;BA;Nordeste;290003;Santo Antônio de Jesus;2902;Santo Antônio de Jesus;29022;Santo Antônio de Jesus;2915;LESTE - (NRS - SALVADOR)
2922508;Nazaré;BA;Nordeste;290006;Nazaré ¿ Maragogipe;2902;Santo Antônio de Jesus;29022;Santo Antônio de Jesus;2915;LESTE - (NRS - SALVADOR)
2922607;Nilo Peçanha;BA;Nordeste;290005;Valença;2902;Santo Antônio de Jesus;29027;Valença;2910;SUL (NBS - ILHEUS)
2922656;Nordestina;BA;Nordeste;290032;Conceição do Coité;2910;Feira de Santana;29025;Serrinha;2917;CENTRO-LESTE (NRS - FEIRA SANTANA)
2922706;Nova Canaã;BA;Nordeste;290011;Vitória da Conquista;2904;Vitória da Conquista;29013;Itapetinga;2911;SUDOESTE (NBS - VITORIA CONQUISTA)
2922730;Nova Fátima;BA;Nordeste;290029;Feira de Santana;2910;Feira de Santana;29006;Feira de Santana;2917;CENTRO-LESTE (NRS - FEIRA SANTANA)
2922755;Nova Ibiá;BA;Nordeste;290014;Ipiaú;2904;Vitória da Conquista;29027;Valença;2910;SUL (NBS - ILHEUS)
2922805;Nova Itarana;BA;Nordeste;290003;Santo Antônio de Jesus;2902;Santo Antônio de Jesus;29015;Jequié;2910;SUL (NBS - ILHEUS)
2922854;Nova Redenção;BA;Nordeste;290031;Itaberaba;2910;Feira de Santana;29011;Itaberaba;2917;CENTRO-LESTE (NRS - FEIRA SANTANA)
2922904;Nova Soure;BA;Nordeste;290025;Ribeira do Pombal;2909;Paulo Afonso;29019;Ribeira do Pombal;2914;NORDESTE (NRS - ALAGOINHAS)
2923001;Nova Viçosa;BA;Nordeste;290008;Teixeira de Freitas;2903;Ilhéus ¿ Itabuna;29026;Teixeira de Freitas;2916;EXTREMO SUL (NRS - TEIXEIRA FREITAS)
2923035;Novo Horizonte;BA;Nordeste;290034;Seabra;2910;Feira de Santana;29023;Seabra;2917;CENTRO-LESTE (NRS - FEIRA SANTANA)
2923050;Novo Triunfo;BA;Nordeste;290028;Jeremoabo;2909;Paulo Afonso;29019;Ribeira do Pombal;2914;NORDESTE (NRS - ALAGOINHAS)
2923100;Olindina;BA;Nordeste;290025;Ribeira do Pombal;2909;Paulo Afonso;29019;Ribeira do Pombal;2914;NORDESTE (NRS - ALAGOINHAS)
2923209;Oliveira dos Brejinhos;BA;Nordeste;290021;Xique-Xique ¿ Barra;2907;Irecê;29008;Ibotirama;2912;OESTE (NBS - BARREIRAS)
2923308;Ouriçangas;BA;Nordeste;290029;Feira de Santana;2910;Feira de Santana;29001;Alagoinhas;2914;NORDESTE (NRS - ALAGOINHAS)
2923357;Ourolândia;BA;Nordeste;290030;Jacobina;2910;Feira de Santana;29014;Jacobina;2918;CENTRO - NORTE (NRS - JACOBINA)
2923407;Palmas de Monte Alto;BA;Nordeste;290016;Guanambi;2905;Guanambi;29007;Guanambi;2911;SUDOESTE (NBS - VITORIA CONQUISTA)
2923506;Palmeiras;BA;Nordeste;290034;Seabra;2910;Feira de Santana;29023;Seabra;2917;CENTRO-LESTE (NRS - FEIRA SANTANA)
2923605;Paramirim;BA;Nordeste;290013;Brumado;2904;Vitória da Conquista;29003;Brumado;2911;SUDOESTE (NBS - VITORIA CONQUISTA)
2923704;Paratinga;BA;Nordeste;290017;Bom Jesus da Lapa;2905;Guanambi;29008;Ibotirama;2912;OESTE (NBS - BARREIRAS)
2923803;Paripiranga;BA;Nordeste;290027;Cícero Dantas;2909;Paulo Afonso;29019;Ribeira do Pombal;2914;NORDESTE (NRS - ALAGOINHAS)
2923902;Pau Brasil;BA;Nordeste;290010;Camacan;2903;Ilhéus ¿ Itabuna;29012;Itabuna;2910;SUL (NBS - ILHEUS)
2924009;Paulo Afonso;BA;Nordeste;290024;Paulo Afonso;2909;Paulo Afonso;29017;Paulo Afonso;2913;NORTE - (NRS - JUAZEIRO)
2924058;Pé de Serra;BA;Nordeste;290029;Feira de Santana;2910;Feira de Santana;29006;Feira de Santana;2917;CENTRO-LESTE (NRS - FEIRA SANTANA)
2924108;Pedrão;BA;Nordeste;290002;Alagoinhas;2901;Salvador;29001;Alagoinhas;2914;NORDESTE (NRS - ALAGOINHAS)
2924207;Pedro Alexandre;BA;Nordeste;290028;Jeremoabo;2909;Paulo Afonso;29017;Paulo Afonso;2913;NORTE - (NRS - JUAZEIRO)
2924306;Piatã;BA;Nordeste;290034;Seabra;2910;Feira de Santana;29023;Seabra;2917;CENTRO-LESTE (NRS - FEIRA SANTANA)
2924405;Pilão Arcado;BA;Nordeste;290022;Juazeiro;2908;Juazeiro;29016;Juazeiro;2913;NORTE - (NRS - JUAZEIRO)
2924504;Pindaí;BA;Nordeste;290016;Guanambi;2905;Guanambi;29007;Guanambi;2911;SUDOESTE (NBS - VITORIA CONQUISTA)
2924603;Pindobaçu;BA;Nordeste;290023;Senhor do Bonfim;2908;Juazeiro;29024;Senhor do Bonfim;2913;NORTE - (NRS - JUAZEIRO)
2924652;Pintadas;BA;Nordeste;290029;Feira de Santana;2910;Feira de Santana;29006;Feira de Santana;2917;CENTRO-LESTE (NRS - FEIRA SANTANA)
2924678;Piraí do Norte;BA;Nordeste;290014;Ipiaú;2904;Vitória da Conquista;29027;Valença;2910;SUL (NBS - ILHEUS)
2924702;Piripá;BA;Nordeste;290011;Vitória da Conquista;2904;Vitória da Conquista;29028;Vitória da Conquista;2911;SUDOESTE (NBS - VITORIA CONQUISTA)
2924801;Piritiba;BA;Nordeste;290030;Jacobina;2910;Feira de Santana;29014;Jacobina;2918;CENTRO - NORTE (NRS - JACOBINA)
2924900;Planaltino;BA;Nordeste;290012;Jequié;2904;Vitória da Conquista;29015;Jequié;2910;SUL (NBS - ILHEUS)
2925006;Planalto;BA;Nordeste;290011;Vitória da Conquista;2904;Vitória da Conquista;29028;Vitória da Conquista;2911;SUDOESTE (NBS - VITORIA CONQUISTA)
2925105;Poções;BA;Nordeste;290011;Vitória da Conquista;2904;Vitória da Conquista;29028;Vitória da Conquista;2911;SUDOESTE (NBS - VITORIA CONQUISTA)
2925204;Pojuca;BA;Nordeste;290001;Salvador;2901;Salvador;29004;Camaçari;2915;LESTE - (NRS - SALVADOR)
2925253;Ponto Novo;BA;Nordeste;290023;Senhor do Bonfim;2908;Juazeiro;29024;Senhor do Bonfim;2913;NORTE - (NRS - JUAZEIRO)
2925303;Porto Seguro;BA;Nordeste;290009;Eunápolis - Porto Seguro;2903;Ilhéus ¿ Itabuna;29018;Porto Seguro;2916;EXTREMO SUL (NRS - TEIXEIRA FREITAS)
2925402;Potiraguá;BA;Nordeste;290015;Itapetinga;2904;Vitória da Conquista;29013;Itapetinga;2911;SUDOESTE (NBS - VITORIA CONQUISTA)
2925501;Prado;BA;Nordeste;290008;Teixeira de Freitas;2903;Ilhéus ¿ Itabuna;29026;Teixeira de Freitas;2916;EXTREMO SUL (NRS - TEIXEIRA FREITAS)
2925600;Presidente Dutra;BA;Nordeste;290020;Irecê;2907;Irecê;29010;Irecê;2918;CENTRO - NORTE (NRS - JACOBINA)
2925709;Presidente Jânio Quadros;BA;Nordeste;290011;Vitória da Conquista;2904;Vitória da Conquista;29028;Vitória da Conquista;2911;SUDOESTE (NBS - VITORIA CONQUISTA)
2925758;Presidente Tancredo Neves;BA;Nordeste;290005;Valença;2902;Santo Antônio de Jesus;29022;Santo Antônio de Jesus;2915;LESTE - (NRS - SALVADOR)
2925808;Queimadas;BA;Nordeste;290032;Conceição do Coité;2910;Feira de Santana;29025;Serrinha;2917;CENTRO-LESTE (NRS - FEIRA SANTANA)
2925907;Quijingue;BA;Nordeste;290026;Euclides da Cunha;2909;Paulo Afonso;29025;Serrinha;2917;CENTRO-LESTE (NRS - FEIRA SANTANA)
2925931;Quixabeira;BA;Nordeste;290030;Jacobina;2910;Feira de Santana;29014;Jacobina;2918;CENTRO - NORTE (NRS - JACOBINA)
2925956;Rafael Jambeiro;BA;Nordeste;290029;Feira de Santana;2910;Feira de Santana;29006;Feira de Santana;2917;CENTRO-LESTE (NRS - FEIRA SANTANA)
2926004;Remanso;BA;Nordeste;290022;Juazeiro;2908;Juazeiro;29016;Juazeiro;2913;NORTE - (NRS - JUAZEIRO)
2926103;Retirolândia;BA;Nordeste;290032;Conceição do Coité;2910;Feira de Santana;29025;Serrinha;2917;CENTRO-LESTE (NRS - FEIRA SANTANA)
2926202;Riachão das Neves;BA;Nordeste;290018;Barreiras;2906;Barreiras;29002;Barreiras;2912;OESTE (NBS - BARREIRAS)
2926301;Riachão do Jacuípe;BA;Nordeste;290029;Feira de Santana;2910;Feira de Santana;29006;Feira de Santana;2917;CENTRO-LESTE (NRS - FEIRA SANTANA)
2926400;Riacho de Santana;BA;Nordeste;290016;Guanambi;2905;Guanambi;29007;Guanambi;2911;SUDOESTE (NBS - VITORIA CONQUISTA)
2926509;Ribeira do Amparo;BA;Nordeste;290025;Ribeira do Pombal;2909;Paulo Afonso;29019;Ribeira do Pombal;2914;NORDESTE (NRS - ALAGOINHAS)
2926608;Ribeira do Pombal;BA;Nordeste;290025;Ribeira do Pombal;2909;Paulo Afonso;29019;Ribeira do Pombal;2914;NORDESTE (NRS - ALAGOINHAS)
2926657;Ribeirão do Largo;BA;Nordeste;290011;Vitória da Conquista;2904;Vitória da Conquista;29028;Vitória da Conquista;2911;SUDOESTE (NBS - VITORIA CONQUISTA)
2926707;Rio de Contas;BA;Nordeste;290013;Brumado;2904;Vitória da Conquista;29003;Brumado;2911;SUDOESTE (NBS - VITORIA CONQUISTA)
2926806;Rio do Antônio;BA;Nordeste;290016;Guanambi;2905;Guanambi;29007;Guanambi;2911;SUDOESTE (NBS - VITORIA CONQUISTA)
2926905;Rio do Pires;BA;Nordeste;290013;Brumado;2904;Vitória da Conquista;29003;Brumado;2911;SUDOESTE (NBS - VITORIA CONQUISTA)
2927002;Rio Real;BA;Nordeste;290002;Alagoinhas;2901;Salvador;29001;Alagoinhas;2914;NORDESTE (NRS - ALAGOINHAS)
2927101;Rodelas;BA;Nordeste;290024;Paulo Afonso;2909;Paulo Afonso;29017;Paulo Afonso;2913;NORTE - (NRS - JUAZEIRO)
2927200;Ruy Barbosa;BA;Nordeste;290031;Itaberaba;2910;Feira de Santana;29011;Itaberaba;2917;CENTRO-LESTE (NRS - FEIRA SANTANA)
2927309;Salinas da Margarida;BA;Nordeste;290006;Nazaré ¿ Maragogipe;2902;Santo Antônio de Jesus;29022;Santo Antônio de Jesus;2915;LESTE - (NRS - SALVADOR)
2927408;Salvador;BA;Nordeste;290001;Salvador;2901;Salvador;29020;Salvador;2915;LESTE - (NRS - SALVADOR)
2927507;Santa Bárbara;BA;Nordeste;290029;Feira de Santana;2910;Feira de Santana;29006;Feira de Santana;2917;CENTRO-LESTE (NRS - FEIRA SANTANA)
2927606;Santa Brígida;BA;Nordeste;290024;Paulo Afonso;2909;Paulo Afonso;29017;Paulo Afonso;2913;NORTE - (NRS - JUAZEIRO)
2927705;Santa Cruz Cabrália;BA;Nordeste;290009;Eunápolis - Porto Seguro;2903;Ilhéus ¿ Itabuna;29018;Porto Seguro;2916;EXTREMO SUL (NRS - TEIXEIRA FREITAS)
2927804;Santa Cruz da Vitória;BA;Nordeste;290007;Ilhéus ¿ Itabuna;2903;Ilhéus ¿ Itabuna;29012;Itabuna;2910;SUL (NBS - ILHEUS)
2927903;Santa Inês;BA;Nordeste;290012;Jequié;2904;Vitória da Conquista;29015;Jequié;2910;SUL (NBS - ILHEUS)
2928000;Santaluz;BA;Nordeste;290032;Conceição do Coité;2910;Feira de Santana;29025;Serrinha;2917;CENTRO-LESTE (NRS - FEIRA SANTANA)
2928059;Santa Luzia;BA;Nordeste;290010;Camacan;2903;Ilhéus ¿ Itabuna;29009;Ilhéus;2910;SUL (NBS - ILHEUS)
2928109;Santa Maria da Vitória;BA;Nordeste;290019;Santa Maria da Vitoria;2906;Barreiras;29021;Santa Maria da Vitória;2912;OESTE (NBS - BARREIRAS)
2928208;Santana;BA;Nordeste;290018;Barreiras;2906;Barreiras;29021;Santa Maria da Vitória;2912;OESTE (NBS - BARREIRAS)
2928307;Santanópolis;BA;Nordeste;290029;Feira de Santana;2910;Feira de Santana;29006;Feira de Santana;2917;CENTRO-LESTE (NRS - FEIRA SANTANA)
2928406;Santa Rita de Cássia;BA;Nordeste;290018;Barreiras;2906;Barreiras;29002;Barreiras;2912;OESTE (NBS - BARREIRAS)
2928505;Santa Terezinha;BA;Nordeste;290004;Cruz das Almas;2902;Santo Antônio de Jesus;29022;Santo Antônio de Jesus;2915;LESTE - (NRS - SALVADOR)
2928604;Santo Amaro;BA;Nordeste;290001;Salvador;2901;Salvador;29020;Salvador;2915;LESTE - (NRS - SALVADOR)
2928703;Santo Antônio de Jesus;BA;Nordeste;290003;Santo Antônio de Jesus;2902;Santo Antônio de Jesus;29022;Santo Antônio de Jesus;2915;LESTE - (NRS - SALVADOR)
2928802;Santo Estêvão;BA;Nordeste;290029;Feira de Santana;2910;Feira de Santana;29006;Feira de Santana;2917;CENTRO-LESTE (NRS - FEIRA SANTANA)
2928901;São Desidério;BA;Nordeste;290018;Barreiras;2906;Barreiras;29002;Barreiras;2912;OESTE (NBS - BARREIRAS)
2928950;São Domingos;BA;Nordeste;290032;Conceição do Coité;2910;Feira de Santana;29025;Serrinha;2917;CENTRO-LESTE (NRS - FEIRA SANTANA)
2929008;São Félix;BA;Nordeste;290004;Cruz das Almas;2902;Santo Antônio de Jesus;29005;Cruz das Almas;2915;LESTE - (NRS - SALVADOR)
2929057;São Félix do Coribe;BA;Nordeste;290019;Santa Maria da Vitoria;2906;Barreiras;29021;Santa Maria da Vitória;2912;OESTE (NBS - BARREIRAS)
2929107;São Felipe;BA;Nordeste;290004;Cruz das Almas;2902;Santo Antônio de Jesus;29022;Santo Antônio de Jesus;2915;LESTE - (NRS - SALVADOR)
2929206;São Francisco do Conde;BA;Nordeste;290001;Salvador;2901;Salvador;29020;Salvador;2915;LESTE - (NRS - SALVADOR)
2929255;São Gabriel;BA;Nordeste;290020;Irecê;2907;Irecê;29010;Irecê;2918;CENTRO - NORTE (NRS - JACOBINA)
2929305;São Gonçalo dos Campos;BA;Nordeste;290029;Feira de Santana;2910;Feira de Santana;29006;Feira de Santana;2917;CENTRO-LESTE (NRS - FEIRA SANTANA)
2929354;São José da Vitória;BA;Nordeste;290007;Ilhéus ¿ Itabuna;2903;Ilhéus ¿ Itabuna;29012;Itabuna;2910;SUL (NBS - ILHEUS)
2929370;São José do Jacuípe;BA;Nordeste;290030;Jacobina;2910;Feira de Santana;29014;Jacobina;2918;CENTRO - NORTE (NRS - JACOBINA)
2929404;São Miguel das Matas;BA;Nordeste;290003;Santo Antônio de Jesus;2902;Santo Antônio de Jesus;29022;Santo Antônio de Jesus;2915;LESTE - (NRS - SALVADOR)
2929503;São Sebastião do Passé;BA;Nordeste;290001;Salvador;2901;Salvador;29020;Salvador;2915;LESTE - (NRS - SALVADOR)
2929602;Sapeaçu;BA;Nordeste;290004;Cruz das Almas;2902;Santo Antônio de Jesus;29005;Cruz das Almas;2915;LESTE - (NRS - SALVADOR)
2929701;Sátiro Dias;BA;Nordeste;290002;Alagoinhas;2901;Salvador;29001;Alagoinhas;2914;NORDESTE (NRS - ALAGOINHAS)
2929750;Saubara;BA;Nordeste;290001;Salvador;2901;Salvador;29020;Salvador;2915;LESTE - (NRS - SALVADOR)
2929800;Saúde;BA;Nordeste;290030;Jacobina;2910;Feira de Santana;29014;Jacobina;2918;CENTRO - NORTE (NRS - JACOBINA)
2929909;Seabra;BA;Nordeste;290034;Seabra;2910;Feira de Santana;29023;Seabra;2917;CENTRO-LESTE (NRS - FEIRA SANTANA)
2930006;Sebastião Laranjeiras;BA;Nordeste;290016;Guanambi;2905;Guanambi;29007;Guanambi;2911;SUDOESTE (NBS - VITORIA CONQUISTA)
2930105;Senhor do Bonfim;BA;Nordeste;290023;Senhor do Bonfim;2908;Juazeiro;29024;Senhor do Bonfim;2913;NORTE - (NRS - JUAZEIRO)
2930154;Serra do Ramalho;BA;Nordeste;290017;Bom Jesus da Lapa;2905;Guanambi;29021;Santa Maria da Vitória;2912;OESTE (NBS - BARREIRAS)
2930204;Sento Sé;BA;Nordeste;290022;Juazeiro;2908;Juazeiro;29016;Juazeiro;2913;NORTE - (NRS - JUAZEIRO)
2930303;Serra Dourada;BA;Nordeste;290018;Barreiras;2906;Barreiras;29021;Santa Maria da Vitória;2912;OESTE (NBS - BARREIRAS)
2930402;Serra Preta;BA;Nordeste;290029;Feira de Santana;2910;Feira de Santana;29006;Feira de Santana;2917;CENTRO-LESTE (NRS - FEIRA SANTANA)
2930501;Serrinha;BA;Nordeste;290033;Serrinha;2910;Feira de Santana;29025;Serrinha;2917;CENTRO-LESTE (NRS - FEIRA SANTANA)
2930600;Serrolândia;BA;Nordeste;290030;Jacobina;2910;Feira de Santana;29014;Jacobina;2918;CENTRO - NORTE (NRS - JACOBINA)
2930709;Simões Filho;BA;Nordeste;290001;Salvador;2901;Salvador;29004;Camaçari;2915;LESTE - (NRS - SALVADOR)
2930758;Sítio do Mato;BA;Nordeste;290017;Bom Jesus da Lapa;2905;Guanambi;29021;Santa Maria da Vitória;2912;OESTE (NBS - BARREIRAS)
2930766;Sítio do Quinto;BA;Nordeste;290028;Jeremoabo;2909;Paulo Afonso;29019;Ribeira do Pombal;2914;NORDESTE (NRS - ALAGOINHAS)
2930774;Sobradinho;BA;Nordeste;290022;Juazeiro;2908;Juazeiro;29016;Juazeiro;2913;NORTE - (NRS - JUAZEIRO)
2930808;Souto Soares;BA;Nordeste;290034;Seabra;2910;Feira de Santana;29023;Seabra;2917;CENTRO-LESTE (NRS - FEIRA SANTANA)
2930907;Tabocas do Brejo Velho;BA;Nordeste;290018;Barreiras;2906;Barreiras;29002;Barreiras;2912;OESTE (NBS - BARREIRAS)
2931004;Tanhaçu;BA;Nordeste;290011;Vitória da Conquista;2904;Vitória da Conquista;29003;Brumado;2911;SUDOESTE (NBS - VITORIA CONQUISTA)
2931053;Tanque Novo;BA;Nordeste;290016;Guanambi;2905;Guanambi;29007;Guanambi;2911;SUDOESTE (NBS - VITORIA CONQUISTA)
2931103;Tanquinho;BA;Nordeste;290029;Feira de Santana;2910;Feira de Santana;29006;Feira de Santana;2917;CENTRO-LESTE (NRS - FEIRA SANTANA)
2931202;Taperoá;BA;Nordeste;290005;Valença;2902;Santo Antônio de Jesus;29027;Valença;2910;SUL (NBS - ILHEUS)
2931301;Tapiramutá;BA;Nordeste;290030;Jacobina;2910;Feira de Santana;29014;Jacobina;2918;CENTRO - NORTE (NRS - JACOBINA)
2931350;Teixeira de Freitas;BA;Nordeste;290008;Teixeira de Freitas;2903;Ilhéus ¿ Itabuna;29026;Teixeira de Freitas;2916;EXTREMO SUL (NRS - TEIXEIRA FREITAS)
2931400;Teodoro Sampaio;BA;Nordeste;290002;Alagoinhas;2901;Salvador;29006;Feira de Santana;2917;CENTRO-LESTE (NRS - FEIRA SANTANA)
2931509;Teofilândia;BA;Nordeste;290033;Serrinha;2910;Feira de Santana;29025;Serrinha;2917;CENTRO-LESTE (NRS - FEIRA SANTANA)
2931608;Teolândia;BA;Nordeste;290014;Ipiaú;2904;Vitória da Conquista;29022;Santo Antônio de Jesus;2915;LESTE - (NRS - SALVADOR)
2931707;Terra Nova;BA;Nordeste;290001;Salvador;2901;Salvador;29006;Feira de Santana;2917;CENTRO-LESTE (NRS - FEIRA SANTANA)
2931806;Tremedal;BA;Nordeste;290011;Vitória da Conquista;2904;Vitória da Conquista;29028;Vitória da Conquista;2911;SUDOESTE (NBS - VITORIA CONQUISTA)
2931905;Tucano;BA;Nordeste;290025;Ribeira do Pombal;2909;Paulo Afonso;29019;Ribeira do Pombal;2914;NORDESTE (NRS - ALAGOINHAS)
2932002;Uauá;BA;Nordeste;290022;Juazeiro;2908;Juazeiro;29016;Juazeiro;2913;NORTE - (NRS - JUAZEIRO)
2932101;Ubaíra;BA;Nordeste;290003;Santo Antônio de Jesus;2902;Santo Antônio de Jesus;29022;Santo Antônio de Jesus;2915;LESTE - (NRS - SALVADOR)
2932200;Ubaitaba;BA;Nordeste;290007;Ilhéus ¿ Itabuna;2903;Ilhéus ¿ Itabuna;29012;Itabuna;2910;SUL (NBS - ILHEUS)
2932309;Ubatã;BA;Nordeste;290014;Ipiaú;2904;Vitória da Conquista;29012;Itabuna;2910;SUL (NBS - ILHEUS)
2932408;Uibaí;BA;Nordeste;290020;Irecê;2907;Irecê;29010;Irecê;2918;CENTRO - NORTE (NRS - JACOBINA)
2932457;Umburanas;BA;Nordeste;290030;Jacobina;2910;Feira de Santana;29014;Jacobina;2918;CENTRO - NORTE (NRS - JACOBINA)
2932507;Una;BA;Nordeste;290010;Camacan;2903;Ilhéus ¿ Itabuna;29009;Ilhéus;2910;SUL (NBS - ILHEUS)
2932606;Urandi;BA;Nordeste;290016;Guanambi;2905;Guanambi;29007;Guanambi;2911;SUDOESTE (NBS - VITORIA CONQUISTA)
2932705;Uruçuca;BA;Nordeste;290007;Ilhéus ¿ Itabuna;2903;Ilhéus ¿ Itabuna;29009;Ilhéus;2910;SUL (NBS - ILHEUS)
2932804;Utinga;BA;Nordeste;290031;Itaberaba;2910;Feira de Santana;29011;Itaberaba;2917;CENTRO-LESTE (NRS - FEIRA SANTANA)
2932903;Valença;BA;Nordeste;290005;Valença;2902;Santo Antônio de Jesus;29027;Valença;2910;SUL (NBS - ILHEUS)
2933000;Valente;BA;Nordeste;290032;Conceição do Coité;2910;Feira de Santana;29025;Serrinha;2917;CENTRO-LESTE (NRS - FEIRA SANTANA)
2933059;Várzea da Roça;BA;Nordeste;290029;Feira de Santana;2910;Feira de Santana;29014;Jacobina;2918;CENTRO - NORTE (NRS - JACOBINA)
2933109;Várzea do Poço;BA;Nordeste;290030;Jacobina;2910;Feira de Santana;29014;Jacobina;2918;CENTRO - NORTE (NRS - JACOBINA)
2933158;Várzea Nova;BA;Nordeste;290030;Jacobina;2910;Feira de Santana;29014;Jacobina;2918;CENTRO - NORTE (NRS - JACOBINA)
2933174;Varzedo;BA;Nordeste;290003;Santo Antônio de Jesus;2902;Santo Antônio de Jesus;29022;Santo Antônio de Jesus;2915;LESTE - (NRS - SALVADOR)
2933208;Vera Cruz;BA;Nordeste;290006;Nazaré ¿ Maragogipe;2902;Santo Antônio de Jesus;29020;Salvador;2915;LESTE - (NRS - SALVADOR)
2933257;Vereda;BA;Nordeste;290008;Teixeira de Freitas;2903;Ilhéus ¿ Itabuna;29026;Teixeira de Freitas;2916;EXTREMO SUL (NRS - TEIXEIRA FREITAS)
2933307;Vitória da Conquista;BA;Nordeste;290011;Vitória da Conquista;2904;Vitória da Conquista;29028;Vitória da Conquista;2911;SUDOESTE (NBS - VITORIA CONQUISTA)
2933406;Wagner;BA;Nordeste;290031;Itaberaba;2910;Feira de Santana;29011;Itaberaba;2917;CENTRO-LESTE (NRS - FEIRA SANTANA)
2933455;Wanderley;BA;Nordeste;290018;Barreiras;2906;Barreiras;29002;Barreiras;2912;OESTE (NBS - BARREIRAS)
2933505;Wenceslau Guimarães;BA;Nordeste;290014;Ipiaú;2904;Vitória da Conquista;29027;Valença;2910;SUL (NBS - ILHEUS)
2933604;Xique-Xique;BA;Nordeste;290021;Xique-Xique ¿ Barra;2907;Irecê;29010;Irecê;2918;CENTRO - NORTE (NRS - JACOBINA)
3100104;Abadia dos Dourados;MG;Sudeste;310061;Monte Carmelo;3111;Uberlândia;31074;Patrocínio/Monte Carmelo;3113;TRIANGULO DO NORTE
3100203;Abaeté;MG;Sudeste;310070;Abaeté;3113;Divinópolis;31024;Sete Lagoas;3103;CENTRO
3100302;Abre Campo;MG;Sudeste;310028;Manhuaçu;3106;Juíz de Fora;31059;Manhuaçu;3110;LESTE DO SUL
3100401;Acaiaca;MG;Sudeste;310030;Ponte Nova;3106;Juíz de Fora;31060;Ponte Nova;3110;LESTE DO SUL
3100500;Açucena;MG;Sudeste;310024;Ipatinga;3105;Ipatinga;31037;Ipatinga;3114;VALE DO ACO
3100609;Água Boa;MG;Sudeste;310014;Capelinha;3103;Teófilo Otoni;31102;Peçanha/São João Evangelista/Santa Maria do;3106;LESTE
3100708;Água Comprida;MG;Sudeste;310055;Uberaba;3110;Uberaba;31072;Uberaba;3112;TRIANGULO DO SUL
3100807;Aguanil;MG;Sudeste;310048;Campo Belo;3108;Varginha;31089;Campo Belo;3105;OESTE
3100906;Águas Formosas;MG;Sudeste;310019;Águas Formosas;3103;Teófilo Otoni;31062;Águas Formosas;3111;NORDESTE
3101003;Águas Vermelhas;MG;Sudeste;310018;Pedra Azul;3103;Teófilo Otoni;31068;Pedra azul;3111;NORDESTE
3101102;Aimorés;MG;Sudeste;310023;Aimorés - Resplendor;3104;Governador Valadares;31040;Resplendor;3106;LESTE
3101201;Aiuruoca;MG;Sudeste;310054;Caxambu - Baependi;3109;Pouso Alegre;31008;São Lourenço;3101;SUL
3101300;Alagoa;MG;Sudeste;310053;São Lourenço;3109;Pouso Alegre;31008;São Lourenço;3101;SUL
3101409;Albertina;MG;Sudeste;310050;Pouso Alegre;3109;Pouso Alegre;31006;Poços de Caldas;3115;EXTREMO SUL
3101508;Além Paraíba;MG;Sudeste;310036;Além Paraíba;3106;Juíz de Fora;31041;Além Paraíba;3107;SUDESTE
3101607;Alfenas;MG;Sudeste;310042;Alfenas;3108;Varginha;31001;Alfenas/Machado;3116;SUDOESTE
3101631;Alfredo Vasconcelos;MG;Sudeste;310037;Barbacena;3107;Barbacena;31013;Barbacena;3102;CENTRO SUL
3101706;Almenara;MG;Sudeste;310015;Almenara;3103;Teófilo Otoni;31094;Almenara/Jacinto;3111;NORDESTE
3101805;Alpercata;MG;Sudeste;310020;Governador Valadares;3104;Governador Valadares;31036;Governador Valadares;3106;LESTE
3101904;Alpinópolis;MG;Sudeste;310041;Passos;3108;Varginha;31092;Passos;3116;SUDOESTE
3102001;Alterosa;MG;Sudeste;310042;Alfenas;3108;Varginha;31001;Alfenas/Machado;3116;SUDOESTE
3102050;Alto Caparaó;MG;Sudeste;310028;Manhuaçu;3106;Juíz de Fora;31059;Manhuaçu;3110;LESTE DO SUL
3102100;Alto Rio Doce;MG;Sudeste;310037;Barbacena;3107;Barbacena;31013;Barbacena;3102;CENTRO SUL
3102209;Alvarenga;MG;Sudeste;310025;Caratinga;3105;Ipatinga;31036;Governador Valadares;3106;LESTE
3102308;Alvinópolis;MG;Sudeste;310030;Ponte Nova;3106;Juíz de Fora;31060;Ponte Nova;3110;LESTE DO SUL
3102407;Alvorada de Minas;MG;Sudeste;310016;Diamantina;3103;Teófilo Otoni;31095;Serro;3104;JEQUITINHONHA
3102506;Amparo do Serra;MG;Sudeste;310030;Ponte Nova;3106;Juíz de Fora;31060;Ponte Nova;3110;LESTE DO SUL
3102605;Andradas;MG;Sudeste;310051;Poços de Caldas;3109;Pouso Alegre;31006;Poços de Caldas;3115;EXTREMO SUL
3102704;Cachoeira de Pajeú;MG;Sudeste;310018;Pedra Azul;3103;Teófilo Otoni;31068;Pedra azul;3111;NORDESTE
3102803;Andrelândia;MG;Sudeste;310027;Juiz de Fora;3106;Juíz de Fora;31090;Lima Duarte;3107;SUDESTE
3102852;Angelândia;MG;Sudeste;310014;Capelinha;3103;Teófilo Otoni;31099;Teófilo Otoni/Malacacheta;3111;NORDESTE
3102902;Antônio Carlos;MG;Sudeste;310037;Barbacena;3107;Barbacena;31013;Barbacena;3102;CENTRO SUL
3103009;Antônio Dias;MG;Sudeste;310024;Ipatinga;3105;Ipatinga;31035;Coronel Fabriciano/Timóteo;3114;VALE DO ACO
3103108;Antônio Prado de Minas;MG;Sudeste;310031;Muriaé;3106;Juíz de Fora;31045;Muriaé;3107;SUDESTE
3103207;Araçaí;MG;Sudeste;310002;Sete Lagoas;3101;Belo Horizonte;31024;Sete Lagoas;3103;CENTRO
3103306;Aracitaba;MG;Sudeste;310027;Juiz de Fora;3106;Juíz de Fora;31046;Santos Dumont;3107;SUDESTE
3103405;Araçuaí;MG;Sudeste;310017;Araçuaí;3103;Teófilo Otoni;31064;Araçuaí;3104;JEQUITINHONHA
3103504;Araguari;MG;Sudeste;310059;Uberlândia;3111;Uberlândia;31075;Uberlândia/Araguari;3113;TRIANGULO DO NORTE
3103603;Arantina;MG;Sudeste;310027;Juiz de Fora;3106;Juíz de Fora;31090;Lima Duarte;3107;SUDESTE
3103702;Araponga;MG;Sudeste;310033;Viçosa;3106;Juíz de Fora;31061;Viçosa;3110;LESTE DO SUL
3103751;Araporã;MG;Sudeste;310059;Uberlândia;3111;Uberlândia;31075;Uberlândia/Araguari;3113;TRIANGULO DO NORTE
3103801;Arapuá;MG;Sudeste;310062;Patos de Minas;3112;Patos de Minas;31082;São Gotardo;3109;NOROESTE
3103900;Araújos;MG;Sudeste;310065;Divinópolis;3113;Divinópolis;31086;Divinópolis;3105;OESTE
3104007;Araxá;MG;Sudeste;310056;Araxá;3110;Uberaba;31070;Araxá;3112;TRIANGULO DO SUL
3104106;Arceburgo;MG;Sudeste;310044;Guaxupé;3108;Varginha;31002;Guaxupé;3116;SUDOESTE
3104205;Arcos;MG;Sudeste;310066;Formiga;3113;Divinópolis;31030;Formiga;3105;OESTE
3104304;Areado;MG;Sudeste;310042;Alfenas;3108;Varginha;31001;Alfenas/Machado;3116;SUDOESTE
3104403;Argirita;MG;Sudeste;310032;Cataguases;3106;Juíz de Fora;31044;Leopoldina/Cataguases;3107;SUDESTE
3104452;Aricanduva;MG;Sudeste;310014;Capelinha;3103;Teófilo Otoni;31027;Turmalina/Minas Novas/Capelinha;3104;JEQUITINHONHA
3104502;Arinos;MG;Sudeste;310063;Unaí;3112;Patos de Minas;31058;Unaí/Paracatu;3109;NOROESTE
3104601;Astolfo Dutra;MG;Sudeste;310032;Cataguases;3106;Juíz de Fora;31044;Leopoldina/Cataguases;3107;SUDESTE
3104700;Ataléia;MG;Sudeste;310013;Teófilo Otoni;3103;Teófilo Otoni;31099;Teófilo Otoni/Malacacheta;3111;NORDESTE
3104809;Augusto de Lima;MG;Sudeste;310004;Curvelo;3101;Belo Horizonte;31019;Curvelo;3103;CENTRO
3104908;Baependi;MG;Sudeste;310054;Caxambu - Baependi;3109;Pouso Alegre;31008;São Lourenço;3101;SUL
3105004;Baldim;MG;Sudeste;310002;Sete Lagoas;3101;Belo Horizonte;31024;Sete Lagoas;3103;CENTRO
3105103;Bambuí;MG;Sudeste;310066;Formiga;3113;Divinópolis;31030;Formiga;3105;OESTE
3105202;Bandeira;MG;Sudeste;310015;Almenara;3103;Teófilo Otoni;31094;Almenara/Jacinto;3111;NORDESTE
3105301;Bandeira do Sul;MG;Sudeste;310051;Poços de Caldas;3109;Pouso Alegre;31001;Alfenas/Machado;3116;SUDOESTE
3105400;Barão de Cocais;MG;Sudeste;310003;Santa Bárbara - Ouro Preto;3101;Belo Horizonte;31021;Itabira;3103;CENTRO
3105509;Barão do Monte Alto;MG;Sudeste;310031;Muriaé;3106;Juíz de Fora;31045;Muriaé;3107;SUDESTE
3105608;Barbacena;MG;Sudeste;310037;Barbacena;3107;Barbacena;31013;Barbacena;3102;CENTRO SUL
3105707;Barra Longa;MG;Sudeste;310030;Ponte Nova;3106;Juíz de Fora;31060;Ponte Nova;3110;LESTE DO SUL
3105905;Barroso;MG;Sudeste;310037;Barbacena;3107;Barbacena;31015;São João Del Rei;3102;CENTRO SUL
3106002;Bela Vista de Minas;MG;Sudeste;310026;João Monlevade;3105;Ipatinga;31023;João Monlevade;3103;CENTRO
3106101;Belmiro Braga;MG;Sudeste;310027;Juiz de Fora;3106;Juíz de Fora;31097;Juiz de Fora;3107;SUDESTE
3106200;Belo Horizonte;MG;Sudeste;310001;Belo Horizonte;3101;Belo Horizonte;31016;Belo Horizonte/Nova Lima/Santa Luzia;3103;CENTRO
3106309;Belo Oriente;MG;Sudeste;310024;Ipatinga;3105;Ipatinga;31037;Ipatinga;3114;VALE DO ACO
3106408;Belo Vale;MG;Sudeste;310038;Conselheiro Lafaiete;3107;Barbacena;31016;Belo Horizonte/Nova Lima/Santa Luzia;3103;CENTRO
3106507;Berilo;MG;Sudeste;310017;Araçuaí;3103;Teófilo Otoni;31064;Araçuaí;3104;JEQUITINHONHA
3106606;Bertópolis;MG;Sudeste;310019;Águas Formosas;3103;Teófilo Otoni;31062;Águas Formosas;3111;NORDESTE
3106655;Berizal;MG;Sudeste;310008;Salinas;3102;Montes Claros;31085;Taiobeiras;3108;NORTE
3106705;Betim;MG;Sudeste;310001;Belo Horizonte;3101;Belo Horizonte;31017;Betim;3103;CENTRO
3106804;Bias Fortes;MG;Sudeste;310027;Juiz de Fora;3106;Juíz de Fora;31090;Lima Duarte;3107;SUDESTE
3106903;Bicas;MG;Sudeste;310035;São João Nepomuceno - Bicas;3106;Juíz de Fora;31047;São João Nepomuceno;3107;SUDESTE
3107000;Biquinhas;MG;Sudeste;310070;Abaeté;3113;Divinópolis;31024;Sete Lagoas;3103;CENTRO
3107109;Boa Esperança;MG;Sudeste;310046;Três Pontas - Boa Esperança;3108;Varginha;31011;Três Pontas;3101;SUL
3107208;Bocaina de Minas;MG;Sudeste;310027;Juiz de Fora;3106;Juíz de Fora;31090;Lima Duarte;3107;SUDESTE
3107307;Bocaiúva;MG;Sudeste;310006;Montes Claros;3102;Montes Claros;31083;Bocaiúva;3108;NORTE
3107406;Bom Despacho;MG;Sudeste;310067;Dores do Indaiá;3113;Divinópolis;31028;Bom Despacho;3105;OESTE
3107505;Bom Jardim de Minas;MG;Sudeste;310027;Juiz de Fora;3106;Juíz de Fora;31090;Lima Duarte;3107;SUDESTE
3107604;Bom Jesus da Penha;MG;Sudeste;310041;Passos;3108;Varginha;31092;Passos;3116;SUDOESTE
3107703;Bom Jesus do Amparo;MG;Sudeste;310005;Itabira;3101;Belo Horizonte;31021;Itabira;3103;CENTRO
3107802;Bom Jesus do Galho;MG;Sudeste;310025;Caratinga;3105;Ipatinga;31034;Caratinga;3114;VALE DO ACO
3107901;Bom Repouso;MG;Sudeste;310050;Pouso Alegre;3109;Pouso Alegre;31007;Pouso Alegre/Santa Rita do Sapucaí;3115;EXTREMO SUL
3108008;Bom Sucesso;MG;Sudeste;310043;Lavras;3108;Varginha;31015;São João Del Rei;3102;CENTRO SUL
3108107;Bonfim;MG;Sudeste;310069;Oliveira;3113;Divinópolis;31017;Betim;3103;CENTRO
3108206;Bonfinópolis de Minas;MG;Sudeste;310063;Unaí;3112;Patos de Minas;31058;Unaí/Paracatu;3109;NOROESTE
3108255;Bonito de Minas;MG;Sudeste;310009;Januária;3102;Montes Claros;31053;Januária;3108;NORTE
3108305;Borda da Mata;MG;Sudeste;310050;Pouso Alegre;3109;Pouso Alegre;31007;Pouso Alegre/Santa Rita do Sapucaí;3115;EXTREMO SUL
3108404;Botelhos;MG;Sudeste;310051;Poços de Caldas;3109;Pouso Alegre;31001;Alfenas/Machado;3116;SUDOESTE
3108503;Botumirim;MG;Sudeste;310006;Montes Claros;3102;Montes Claros;31051;Francisco Sá;3108;NORTE
3108552;Brasilândia de Minas;MG;Sudeste;310062;Patos de Minas;3112;Patos de Minas;31077;João Pinheiro;3109;NOROESTE
3108602;Brasília de Minas;MG;Sudeste;310006;Montes Claros;3102;Montes Claros;31101;Brasília de Minas;3108;NORTE
3108701;Brás Pires;MG;Sudeste;310029;Ubá;3106;Juíz de Fora;31048;Ubá;3107;SUDESTE
3108800;Braúnas;MG;Sudeste;310024;Ipatinga;3105;Ipatinga;31037;Ipatinga;3114;VALE DO ACO
3108909;Brazópolis;MG;Sudeste;310052;Itajubá;3109;Pouso Alegre;31003;Itajubá;3115;EXTREMO SUL
3109006;Brumadinho;MG;Sudeste;310001;Belo Horizonte;3101;Belo Horizonte;31017;Betim;3103;CENTRO
3109105;Bueno Brandão;MG;Sudeste;310050;Pouso Alegre;3109;Pouso Alegre;31007;Pouso Alegre/Santa Rita do Sapucaí;3115;EXTREMO SUL
3109204;Buenópolis;MG;Sudeste;310004;Curvelo;3101;Belo Horizonte;31019;Curvelo;3103;CENTRO
3109253;Bugre;MG;Sudeste;310024;Ipatinga;3105;Ipatinga;31037;Ipatinga;3114;VALE DO ACO
3109303;Buritis;MG;Sudeste;310063;Unaí;3112;Patos de Minas;31058;Unaí/Paracatu;3109;NOROESTE
3109402;Buritizeiro;MG;Sudeste;310010;Pirapora;3102;Montes Claros;31055;Pirapora;3108;NORTE
3109451;Cabeceira Grande;MG;Sudeste;310063;Unaí;3112;Patos de Minas;31058;Unaí/Paracatu;3109;NOROESTE
3109501;Cabo Verde;MG;Sudeste;310044;Guaxupé;3108;Varginha;31002;Guaxupé;3116;SUDOESTE
3109600;Cachoeira da Prata;MG;Sudeste;310002;Sete Lagoas;3101;Belo Horizonte;31024;Sete Lagoas;3103;CENTRO
3109709;Cachoeira de Minas;MG;Sudeste;310050;Pouso Alegre;3109;Pouso Alegre;31007;Pouso Alegre/Santa Rita do Sapucaí;3115;EXTREMO SUL
3109808;Cachoeira Dourada;MG;Sudeste;310060;Ituiutaba;3111;Uberlândia;31073;Ituiutaba;3113;TRIANGULO DO NORTE
3109907;Caetanópolis;MG;Sudeste;310002;Sete Lagoas;3101;Belo Horizonte;31024;Sete Lagoas;3103;CENTRO
3110004;Caeté;MG;Sudeste;310001;Belo Horizonte;3101;Belo Horizonte;31016;Belo Horizonte/Nova Lima/Santa Luzia;3103;CENTRO
3110103;Caiana;MG;Sudeste;310034;Carangola;3106;Juíz de Fora;31042;Carangola;3107;SUDESTE
3110202;Cajuri;MG;Sudeste;310033;Viçosa;3106;Juíz de Fora;31061;Viçosa;3110;LESTE DO SUL
3110301;Caldas;MG;Sudeste;310051;Poços de Caldas;3109;Pouso Alegre;31006;Poços de Caldas;3115;EXTREMO SUL
3110400;Camacho;MG;Sudeste;310065;Divinópolis;3113;Divinópolis;31089;Campo Belo;3105;OESTE
3110509;Camanducaia;MG;Sudeste;310050;Pouso Alegre;3109;Pouso Alegre;31007;Pouso Alegre/Santa Rita do Sapucaí;3115;EXTREMO SUL
3110608;Cambuí;MG;Sudeste;310050;Pouso Alegre;3109;Pouso Alegre;31007;Pouso Alegre/Santa Rita do Sapucaí;3115;EXTREMO SUL
3110707;Cambuquira;MG;Sudeste;310045;Três Corações;3108;Varginha;31010;Três Corações;3101;SUL
3110806;Campanário;MG;Sudeste;310013;Teófilo Otoni;3103;Teófilo Otoni;31096;Itambacuri;3111;NORDESTE
3110905;Campanha;MG;Sudeste;310045;Três Corações;3108;Varginha;31012;Varginha;3101;SUL
3111002;Campestre;MG;Sudeste;310051;Poços de Caldas;3109;Pouso Alegre;31001;Alfenas/Machado;3116;SUDOESTE
3111101;Campina Verde;MG;Sudeste;310059;Uberlândia;3111;Uberlândia;31073;Ituiutaba;3113;TRIANGULO DO NORTE
3111150;Campo Azul;MG;Sudeste;310006;Montes Claros;3102;Montes Claros;31101;Brasília de Minas;3108;NORTE
3111200;Campo Belo;MG;Sudeste;310048;Campo Belo;3108;Varginha;31089;Campo Belo;3105;OESTE
3111309;Campo do Meio;MG;Sudeste;310042;Alfenas;3108;Varginha;31001;Alfenas/Machado;3116;SUDOESTE
3111408;Campo Florido;MG;Sudeste;310055;Uberaba;3110;Uberaba;31072;Uberaba;3112;TRIANGULO DO SUL
3111507;Campos Altos;MG;Sudeste;310056;Araxá;3110;Uberaba;31070;Araxá;3112;TRIANGULO DO SUL
3111606;Campos Gerais;MG;Sudeste;310042;Alfenas;3108;Varginha;31001;Alfenas/Machado;3116;SUDOESTE
3111705;Canaã;MG;Sudeste;310033;Viçosa;3106;Juíz de Fora;31061;Viçosa;3110;LESTE DO SUL
3111804;Canápolis;MG;Sudeste;310059;Uberlândia;3111;Uberlândia;31073;Ituiutaba;3113;TRIANGULO DO NORTE
3111903;Cana Verde;MG;Sudeste;310043;Lavras;3108;Varginha;31089;Campo Belo;3105;OESTE
3112000;Candeias;MG;Sudeste;310048;Campo Belo;3108;Varginha;31089;Campo Belo;3105;OESTE
3112059;Cantagalo;MG;Sudeste;310021;Guanhães;3104;Governador Valadares;31102;Peçanha/São João Evangelista/Santa Maria do;3106;LESTE
3112109;Caparaó;MG;Sudeste;310028;Manhuaçu;3106;Juíz de Fora;31042;Carangola;3107;SUDESTE
3112208;Capela Nova;MG;Sudeste;310038;Conselheiro Lafaiete;3107;Barbacena;31013;Barbacena;3102;CENTRO SUL
3112307;Capelinha;MG;Sudeste;310014;Capelinha;3103;Teófilo Otoni;31027;Turmalina/Minas Novas/Capelinha;3104;JEQUITINHONHA
3112406;Capetinga;MG;Sudeste;310041;Passos;3108;Varginha;31091;Cássia;3116;SUDOESTE
3112505;Capim Branco;MG;Sudeste;310002;Sete Lagoas;3101;Belo Horizonte;31024;Sete Lagoas;3103;CENTRO
3112604;Capinópolis;MG;Sudeste;310060;Ituiutaba;3111;Uberlândia;31073;Ituiutaba;3113;TRIANGULO DO NORTE
3112653;Capitão Andrade;MG;Sudeste;310020;Governador Valadares;3104;Governador Valadares;31036;Governador Valadares;3106;LESTE
3112703;Capitão Enéas;MG;Sudeste;310006;Montes Claros;3102;Montes Claros;31051;Francisco Sá;3108;NORTE
3112802;Capitólio;MG;Sudeste;310049;Piumhi;3108;Varginha;31093;Piumhi;3116;SUDOESTE
3112901;Caputira;MG;Sudeste;310028;Manhuaçu;3106;Juíz de Fora;31059;Manhuaçu;3110;LESTE DO SUL
3113008;Caraí;MG;Sudeste;310013;Teófilo Otoni;3103;Teófilo Otoni;31067;Padre Paraíso;3111;NORDESTE
3113107;Caranaíba;MG;Sudeste;310038;Conselheiro Lafaiete;3107;Barbacena;31079;Conselheiro Lafaiete;3102;CENTRO SUL
3113206;Carandaí;MG;Sudeste;310038;Conselheiro Lafaiete;3107;Barbacena;31013;Barbacena;3102;CENTRO SUL
3113305;Carangola;MG;Sudeste;310034;Carangola;3106;Juíz de Fora;31042;Carangola;3107;SUDESTE
3113404;Caratinga;MG;Sudeste;310025;Caratinga;3105;Ipatinga;31034;Caratinga;3114;VALE DO ACO
3113503;Carbonita;MG;Sudeste;310016;Diamantina;3103;Teófilo Otoni;31026;Diamantina/Itamarandiba;3104;JEQUITINHONHA
3113602;Careaçu;MG;Sudeste;310050;Pouso Alegre;3109;Pouso Alegre;31007;Pouso Alegre/Santa Rita do Sapucaí;3115;EXTREMO SUL
3113701;Carlos Chagas;MG;Sudeste;310013;Teófilo Otoni;3103;Teófilo Otoni;31066;Nanuque;3111;NORDESTE
3113800;Carmésia;MG;Sudeste;310005;Itabira;3101;Belo Horizonte;31020;Guanhães;3103;CENTRO
3113909;Carmo da Cachoeira;MG;Sudeste;310045;Três Corações;3108;Varginha;31010;Três Corações;3101;SUL
3114006;Carmo da Mata;MG;Sudeste;310065;Divinópolis;3113;Divinópolis;31088;Oliveira/Santo Antônio do Amparo;3105;OESTE
3114105;Carmo de Minas;MG;Sudeste;310053;São Lourenço;3109;Pouso Alegre;31008;São Lourenço;3101;SUL
3114204;Carmo do Cajuru;MG;Sudeste;310065;Divinópolis;3113;Divinópolis;31086;Divinópolis;3105;OESTE
3114303;Carmo do Paranaíba;MG;Sudeste;310062;Patos de Minas;3112;Patos de Minas;31082;São Gotardo;3109;NOROESTE
3114402;Carmo do Rio Claro;MG;Sudeste;310041;Passos;3108;Varginha;31092;Passos;3116;SUDOESTE
3114501;Carmópolis de Minas;MG;Sudeste;310069;Oliveira;3113;Divinópolis;31088;Oliveira/Santo Antônio do Amparo;3105;OESTE
3114550;Carneirinho;MG;Sudeste;310058;Iturama;3110;Uberaba;31071;Frutal/Iturama;3112;TRIANGULO DO SUL
3114600;Carrancas;MG;Sudeste;310043;Lavras;3108;Varginha;31004;Lavras;3101;SUL
3114709;Carvalhópolis;MG;Sudeste;310042;Alfenas;3108;Varginha;31001;Alfenas/Machado;3116;SUDOESTE
3114808;Carvalhos;MG;Sudeste;310054;Caxambu - Baependi;3109;Pouso Alegre;31008;São Lourenço;3101;SUL
3114907;Casa Grande;MG;Sudeste;310038;Conselheiro Lafaiete;3107;Barbacena;31079;Conselheiro Lafaiete;3102;CENTRO SUL
3115003;Cascalho Rico;MG;Sudeste;310059;Uberlândia;3111;Uberlândia;31075;Uberlândia/Araguari;3113;TRIANGULO DO NORTE
3115102;Cássia;MG;Sudeste;310041;Passos;3108;Varginha;31091;Cássia;3116;SUDOESTE
3115201;Conceição da Barra de Minas;MG;Sudeste;310039;São João del Rei;3107;Barbacena;31015;São João Del Rei;3102;CENTRO SUL
3115300;Cataguases;MG;Sudeste;310032;Cataguases;3106;Juíz de Fora;31044;Leopoldina/Cataguases;3107;SUDESTE
3115359;Catas Altas;MG;Sudeste;310003;Santa Bárbara - Ouro Preto;3101;Belo Horizonte;31021;Itabira;3103;CENTRO
3115409;Catas Altas da Noruega;MG;Sudeste;310038;Conselheiro Lafaiete;3107;Barbacena;31079;Conselheiro Lafaiete;3102;CENTRO SUL
3115458;Catuji;MG;Sudeste;310013;Teófilo Otoni;3103;Teófilo Otoni;31067;Padre Paraíso;3111;NORDESTE
3115474;Catuti;MG;Sudeste;310012;Espinosa;3102;Montes Claros;31052;Janaúba/Monte Azul;3108;NORTE
3115508;Caxambu;MG;Sudeste;310054;Caxambu - Baependi;3109;Pouso Alegre;31008;São Lourenço;3101;SUL
3115607;Cedro do Abaeté;MG;Sudeste;310070;Abaeté;3113;Divinópolis;31024;Sete Lagoas;3103;CENTRO
3115706;Central de Minas;MG;Sudeste;310022;Mantena;3104;Governador Valadares;31038;Mantena/Itabirinha;3106;LESTE
3115805;Centralina;MG;Sudeste;310059;Uberlândia;3111;Uberlândia;31073;Ituiutaba;3113;TRIANGULO DO NORTE
3115904;Chácara;MG;Sudeste;310027;Juiz de Fora;3106;Juíz de Fora;31097;Juiz de Fora;3107;SUDESTE
3116001;Chalé;MG;Sudeste;310028;Manhuaçu;3106;Juíz de Fora;31059;Manhuaçu;3110;LESTE DO SUL
3116100;Chapada do Norte;MG;Sudeste;310014;Capelinha;3103;Teófilo Otoni;31027;Turmalina/Minas Novas/Capelinha;3104;JEQUITINHONHA
3116159;Chapada Gaúcha;MG;Sudeste;310011;São Francisco;3102;Montes Claros;31058;Unaí/Paracatu;3109;NOROESTE
3116209;Chiador;MG;Sudeste;310027;Juiz de Fora;3106;Juíz de Fora;31097;Juiz de Fora;3107;SUDESTE
3116308;Cipotânea;MG;Sudeste;310037;Barbacena;3107;Barbacena;31013;Barbacena;3102;CENTRO SUL
3116407;Claraval;MG;Sudeste;310041;Passos;3108;Varginha;31091;Cássia;3116;SUDOESTE
3116506;Claro dos Poções;MG;Sudeste;310006;Montes Claros;3102;Montes Claros;31084;Montes Claros;3108;NORTE
3116605;Cláudio;MG;Sudeste;310065;Divinópolis;3113;Divinópolis;31086;Divinópolis;3105;OESTE
3116704;Coimbra;MG;Sudeste;310033;Viçosa;3106;Juíz de Fora;31048;Ubá;3107;SUDESTE
3116803;Coluna;MG;Sudeste;310021;Guanhães;3104;Governador Valadares;31026;Diamantina/Itamarandiba;3104;JEQUITINHONHA
3116902;Comendador Gomes;MG;Sudeste;310057;Frutal;3110;Uberaba;31071;Frutal/Iturama;3112;TRIANGULO DO SUL
3117009;Comercinho;MG;Sudeste;310018;Pedra Azul;3103;Teófilo Otoni;31065;Itaobim;3111;NORDESTE
3117108;Conceição da Aparecida;MG;Sudeste;310042;Alfenas;3108;Varginha;31001;Alfenas/Machado;3116;SUDOESTE
3117207;Conceição das Pedras;MG;Sudeste;310052;Itajubá;3109;Pouso Alegre;31003;Itajubá;3115;EXTREMO SUL
3117306;Conceição das Alagoas;MG;Sudeste;310055;Uberaba;3110;Uberaba;31072;Uberaba;3112;TRIANGULO DO SUL
3117405;Conceição de Ipanema;MG;Sudeste;310028;Manhuaçu;3106;Juíz de Fora;31059;Manhuaçu;3110;LESTE DO SUL
3117504;Conceição do Mato Dentro;MG;Sudeste;310002;Sete Lagoas;3101;Belo Horizonte;31095;Serro;3104;JEQUITINHONHA
3117603;Conceição do Pará;MG;Sudeste;310065;Divinópolis;3113;Divinópolis;31032;Pará de Minas/Nova Serrana;3105;OESTE
3117702;Conceição do Rio Verde;MG;Sudeste;310053;São Lourenço;3109;Pouso Alegre;31008;São Lourenço;3101;SUL
3117801;Conceição dos Ouros;MG;Sudeste;310050;Pouso Alegre;3109;Pouso Alegre;31007;Pouso Alegre/Santa Rita do Sapucaí;3115;EXTREMO SUL
3117836;Cônego Marinho;MG;Sudeste;310009;Januária;3102;Montes Claros;31053;Januária;3108;NORTE
3117876;Confins;MG;Sudeste;310001;Belo Horizonte;3101;Belo Horizonte;31025;Vespasiano/Lagoa Santa;3103;CENTRO
3117900;Congonhal;MG;Sudeste;310050;Pouso Alegre;3109;Pouso Alegre;31007;Pouso Alegre/Santa Rita do Sapucaí;3115;EXTREMO SUL
3118007;Congonhas;MG;Sudeste;310038;Conselheiro Lafaiete;3107;Barbacena;31078;Congonhas;3102;CENTRO SUL
3118106;Congonhas do Norte;MG;Sudeste;310002;Sete Lagoas;3101;Belo Horizonte;31026;Diamantina/Itamarandiba;3104;JEQUITINHONHA
3118205;Conquista;MG;Sudeste;310055;Uberaba;3110;Uberaba;31072;Uberaba;3112;TRIANGULO DO SUL
3118304;Conselheiro Lafaiete;MG;Sudeste;310038;Conselheiro Lafaiete;3107;Barbacena;31079;Conselheiro Lafaiete;3102;CENTRO SUL
3118403;Conselheiro Pena;MG;Sudeste;310020;Governador Valadares;3104;Governador Valadares;31040;Resplendor;3106;LESTE
3118502;Consolação;MG;Sudeste;310050;Pouso Alegre;3109;Pouso Alegre;31003;Itajubá;3115;EXTREMO SUL
3118601;Contagem;MG;Sudeste;310001;Belo Horizonte;3101;Belo Horizonte;31018;Contagem;3103;CENTRO
3118700;Coqueiral;MG;Sudeste;310046;Três Pontas - Boa Esperança;3108;Varginha;31011;Três Pontas;3101;SUL
3118809;Coração de Jesus;MG;Sudeste;310006;Montes Claros;3102;Montes Claros;31050;Coração de Jesus;3108;NORTE
3118908;Cordisburgo;MG;Sudeste;310002;Sete Lagoas;3101;Belo Horizonte;31024;Sete Lagoas;3103;CENTRO
3119005;Cordislândia;MG;Sudeste;310040;Varginha;3108;Varginha;31012;Varginha;3101;SUL
3119104;Corinto;MG;Sudeste;310004;Curvelo;3101;Belo Horizonte;31019;Curvelo;3103;CENTRO
3119203;Coroaci;MG;Sudeste;310020;Governador Valadares;3104;Governador Valadares;31036;Governador Valadares;3106;LESTE
3119302;Coromandel;MG;Sudeste;310064;Patrocínio;3112;Patos de Minas;31074;Patrocínio/Monte Carmelo;3113;TRIANGULO DO NORTE
3119401;Coronel Fabriciano;MG;Sudeste;310024;Ipatinga;3105;Ipatinga;31035;Coronel Fabriciano/Timóteo;3114;VALE DO ACO
3119500;Coronel Murta;MG;Sudeste;310017;Araçuaí;3103;Teófilo Otoni;31064;Araçuaí;3104;JEQUITINHONHA
3119609;Coronel Pacheco;MG;Sudeste;310027;Juiz de Fora;3106;Juíz de Fora;31097;Juiz de Fora;3107;SUDESTE
3119708;Coronel Xavier Chaves;MG;Sudeste;310039;São João del Rei;3107;Barbacena;31015;São João Del Rei;3102;CENTRO SUL
3119807;Córrego Danta;MG;Sudeste;310066;Formiga;3113;Divinópolis;31028;Bom Despacho;3105;OESTE
3119906;Córrego do Bom Jesus;MG;Sudeste;310050;Pouso Alegre;3109;Pouso Alegre;31007;Pouso Alegre/Santa Rita do Sapucaí;3115;EXTREMO SUL
3119955;Córrego Fundo;MG;Sudeste;310066;Formiga;3113;Divinópolis;31030;Formiga;3105;OESTE
3120003;Córrego Novo;MG;Sudeste;310025;Caratinga;3105;Ipatinga;31035;Coronel Fabriciano/Timóteo;3114;VALE DO ACO
3120102;Couto de Magalhães de Minas;MG;Sudeste;310016;Diamantina;3103;Teófilo Otoni;31026;Diamantina/Itamarandiba;3104;JEQUITINHONHA
3120151;Crisólita;MG;Sudeste;310019;Águas Formosas;3103;Teófilo Otoni;31062;Águas Formosas;3111;NORDESTE
3120201;Cristais;MG;Sudeste;310048;Campo Belo;3108;Varginha;31089;Campo Belo;3105;OESTE
3120300;Cristália;MG;Sudeste;310006;Montes Claros;3102;Montes Claros;31051;Francisco Sá;3108;NORTE
3120409;Cristiano Otoni;MG;Sudeste;310038;Conselheiro Lafaiete;3107;Barbacena;31079;Conselheiro Lafaiete;3102;CENTRO SUL
3120508;Cristina;MG;Sudeste;310053;São Lourenço;3109;Pouso Alegre;31008;São Lourenço;3101;SUL
3120607;Crucilândia;MG;Sudeste;310069;Oliveira;3113;Divinópolis;31017;Betim;3103;CENTRO
3120706;Cruzeiro da Fortaleza;MG;Sudeste;310064;Patrocínio;3112;Patos de Minas;31057;Patos de Minas;3109;NOROESTE
3120805;Cruzília;MG;Sudeste;310054;Caxambu - Baependi;3109;Pouso Alegre;31008;São Lourenço;3101;SUL
3120839;Cuparaque;MG;Sudeste;310023;Aimorés - Resplendor;3104;Governador Valadares;31040;Resplendor;3106;LESTE
3120870;Curral de Dentro;MG;Sudeste;310008;Salinas;3102;Montes Claros;31085;Taiobeiras;3108;NORTE
3120904;Curvelo;MG;Sudeste;310004;Curvelo;3101;Belo Horizonte;31019;Curvelo;3103;CENTRO
3121001;Datas;MG;Sudeste;310016;Diamantina;3103;Teófilo Otoni;31026;Diamantina/Itamarandiba;3104;JEQUITINHONHA
3121100;Delfim Moreira;MG;Sudeste;310052;Itajubá;3109;Pouso Alegre;31003;Itajubá;3115;EXTREMO SUL
3121209;Delfinópolis;MG;Sudeste;310041;Passos;3108;Varginha;31091;Cássia;3116;SUDOESTE
3121258;Delta;MG;Sudeste;310055;Uberaba;3110;Uberaba;31072;Uberaba;3112;TRIANGULO DO SUL
3121308;Descoberto;MG;Sudeste;310035;São João Nepomuceno - Bicas;3106;Juíz de Fora;31047;São João Nepomuceno;3107;SUDESTE
3121407;Desterro de Entre Rios;MG;Sudeste;310038;Conselheiro Lafaiete;3107;Barbacena;31078;Congonhas;3102;CENTRO SUL
3121506;Desterro do Melo;MG;Sudeste;310037;Barbacena;3107;Barbacena;31013;Barbacena;3102;CENTRO SUL
3121605;Diamantina;MG;Sudeste;310016;Diamantina;3103;Teófilo Otoni;31026;Diamantina/Itamarandiba;3104;JEQUITINHONHA
3121704;Diogo de Vasconcelos;MG;Sudeste;310030;Ponte Nova;3106;Juíz de Fora;31060;Ponte Nova;3110;LESTE DO SUL
3121803;Dionísio;MG;Sudeste;310024;Ipatinga;3105;Ipatinga;31035;Coronel Fabriciano/Timóteo;3114;VALE DO ACO
3121902;Divinésia;MG;Sudeste;310029;Ubá;3106;Juíz de Fora;31048;Ubá;3107;SUDESTE
3122009;Divino;MG;Sudeste;310034;Carangola;3106;Juíz de Fora;31042;Carangola;3107;SUDESTE
3122108;Divino das Laranjeiras;MG;Sudeste;310020;Governador Valadares;3104;Governador Valadares;31038;Mantena/Itabirinha;3106;LESTE
3122207;Divinolândia de Minas;MG;Sudeste;310021;Guanhães;3104;Governador Valadares;31036;Governador Valadares;3106;LESTE
3122306;Divinópolis;MG;Sudeste;310065;Divinópolis;3113;Divinópolis;31086;Divinópolis;3105;OESTE
3122355;Divisa Alegre;MG;Sudeste;310018;Pedra Azul;3103;Teófilo Otoni;31068;Pedra azul;3111;NORDESTE
3122405;Divisa Nova;MG;Sudeste;310042;Alfenas;3108;Varginha;31001;Alfenas/Machado;3116;SUDOESTE
3122454;Divisópolis;MG;Sudeste;310018;Pedra Azul;3103;Teófilo Otoni;31068;Pedra azul;3111;NORDESTE
3122470;Dom Bosco;MG;Sudeste;310063;Unaí;3112;Patos de Minas;31058;Unaí/Paracatu;3109;NOROESTE
3122504;Dom Cavati;MG;Sudeste;310024;Ipatinga;3105;Ipatinga;31037;Ipatinga;3114;VALE DO ACO
3122603;Dom Joaquim;MG;Sudeste;310021;Guanhães;3104;Governador Valadares;31020;Guanhães;3103;CENTRO
3122702;Dom Silvério;MG;Sudeste;310030;Ponte Nova;3106;Juíz de Fora;31060;Ponte Nova;3110;LESTE DO SUL
3122801;Dom Viçoso;MG;Sudeste;310053;São Lourenço;3109;Pouso Alegre;31008;São Lourenço;3101;SUL
3122900;Dona Euzébia;MG;Sudeste;310032;Cataguases;3106;Juíz de Fora;31044;Leopoldina/Cataguases;3107;SUDESTE
3123007;Dores de Campos;MG;Sudeste;310037;Barbacena;3107;Barbacena;31015;São João Del Rei;3102;CENTRO SUL
3123106;Dores de Guanhães;MG;Sudeste;310021;Guanhães;3104;Governador Valadares;31020;Guanhães;3103;CENTRO
3123205;Dores do Indaiá;MG;Sudeste;310067;Dores do Indaiá;3113;Divinópolis;31028;Bom Despacho;3105;OESTE
3123304;Dores do Turvo;MG;Sudeste;310029;Ubá;3106;Juíz de Fora;31048;Ubá;3107;SUDESTE
3123403;Doresópolis;MG;Sudeste;310049;Piumhi;3108;Varginha;31093;Piumhi;3116;SUDOESTE
3123502;Douradoquara;MG;Sudeste;310061;Monte Carmelo;3111;Uberlândia;31074;Patrocínio/Monte Carmelo;3113;TRIANGULO DO NORTE
3123528;Durandé;MG;Sudeste;310028;Manhuaçu;3106;Juíz de Fora;31059;Manhuaçu;3110;LESTE DO SUL
3123601;Elói Mendes;MG;Sudeste;310040;Varginha;3108;Varginha;31012;Varginha;3101;SUL
3123700;Engenheiro Caldas;MG;Sudeste;310020;Governador Valadares;3104;Governador Valadares;31036;Governador Valadares;3106;LESTE
3123809;Engenheiro Navarro;MG;Sudeste;310006;Montes Claros;3102;Montes Claros;31083;Bocaiúva;3108;NORTE
3123858;Entre Folhas;MG;Sudeste;310025;Caratinga;3105;Ipatinga;31034;Caratinga;3114;VALE DO ACO
3123908;Entre Rios de Minas;MG;Sudeste;310038;Conselheiro Lafaiete;3107;Barbacena;31078;Congonhas;3102;CENTRO SUL
3124005;Ervália;MG;Sudeste;310033;Viçosa;3106;Juíz de Fora;31048;Ubá;3107;SUDESTE
3124104;Esmeraldas;MG;Sudeste;310001;Belo Horizonte;3101;Belo Horizonte;31017;Betim;3103;CENTRO
3124203;Espera Feliz;MG;Sudeste;310034;Carangola;3106;Juíz de Fora;31042;Carangola;3107;SUDESTE
3124302;Espinosa;MG;Sudeste;310012;Espinosa;3102;Montes Claros;31052;Janaúba/Monte Azul;3108;NORTE
3124401;Espírito Santo do Dourado;MG;Sudeste;310050;Pouso Alegre;3109;Pouso Alegre;31007;Pouso Alegre/Santa Rita do Sapucaí;3115;EXTREMO SUL
3124500;Estiva;MG;Sudeste;310050;Pouso Alegre;3109;Pouso Alegre;31007;Pouso Alegre/Santa Rita do Sapucaí;3115;EXTREMO SUL
3124609;Estrela Dalva;MG;Sudeste;310036;Além Paraíba;3106;Juíz de Fora;31041;Além Paraíba;3107;SUDESTE
3124708;Estrela do Indaiá;MG;Sudeste;310067;Dores do Indaiá;3113;Divinópolis;31028;Bom Despacho;3105;OESTE
3124807;Estrela do Sul;MG;Sudeste;310061;Monte Carmelo;3111;Uberlândia;31074;Patrocínio/Monte Carmelo;3113;TRIANGULO DO NORTE
3124906;Eugenópolis;MG;Sudeste;310031;Muriaé;3106;Juíz de Fora;31045;Muriaé;3107;SUDESTE
3125002;Ewbank da Câmara;MG;Sudeste;310027;Juiz de Fora;3106;Juíz de Fora;31097;Juiz de Fora;3107;SUDESTE
3125101;Extrema;MG;Sudeste;310050;Pouso Alegre;3109;Pouso Alegre;31007;Pouso Alegre/Santa Rita do Sapucaí;3115;EXTREMO SUL
3125200;Fama;MG;Sudeste;310042;Alfenas;3108;Varginha;31001;Alfenas/Machado;3116;SUDOESTE
3125309;Faria Lemos;MG;Sudeste;310034;Carangola;3106;Juíz de Fora;31042;Carangola;3107;SUDESTE
3125408;Felício dos Santos;MG;Sudeste;310016;Diamantina;3103;Teófilo Otoni;31026;Diamantina/Itamarandiba;3104;JEQUITINHONHA
3125507;São Gonçalo do Rio Preto;MG;Sudeste;310016;Diamantina;3103;Teófilo Otoni;31026;Diamantina/Itamarandiba;3104;JEQUITINHONHA
3125606;Felisburgo;MG;Sudeste;310015;Almenara;3103;Teófilo Otoni;31094;Almenara/Jacinto;3111;NORDESTE
3125705;Felixlândia;MG;Sudeste;310004;Curvelo;3101;Belo Horizonte;31019;Curvelo;3103;CENTRO
3125804;Fernandes Tourinho;MG;Sudeste;310020;Governador Valadares;3104;Governador Valadares;31036;Governador Valadares;3106;LESTE
3125903;Ferros;MG;Sudeste;310005;Itabira;3101;Belo Horizonte;31021;Itabira;3103;CENTRO
3125952;Fervedouro;MG;Sudeste;310031;Muriaé;3106;Juíz de Fora;31042;Carangola;3107;SUDESTE
3126000;Florestal;MG;Sudeste;310001;Belo Horizonte;3101;Belo Horizonte;31017;Betim;3103;CENTRO
3126109;Formiga;MG;Sudeste;310066;Formiga;3113;Divinópolis;31030;Formiga;3105;OESTE
3126208;Formoso;MG;Sudeste;310063;Unaí;3112;Patos de Minas;31058;Unaí/Paracatu;3109;NOROESTE
3126307;Fortaleza de Minas;MG;Sudeste;310041;Passos;3108;Varginha;31092;Passos;3116;SUDOESTE
3126406;Fortuna de Minas;MG;Sudeste;310002;Sete Lagoas;3101;Belo Horizonte;31024;Sete Lagoas;3103;CENTRO
3126505;Francisco Badaró;MG;Sudeste;310017;Araçuaí;3103;Teófilo Otoni;31064;Araçuaí;3104;JEQUITINHONHA
3126604;Francisco Dumont;MG;Sudeste;310006;Montes Claros;3102;Montes Claros;31083;Bocaiúva;3108;NORTE
3126703;Francisco Sá;MG;Sudeste;310006;Montes Claros;3102;Montes Claros;31051;Francisco Sá;3108;NORTE
3126752;Franciscópolis;MG;Sudeste;310013;Teófilo Otoni;3103;Teófilo Otoni;31099;Teófilo Otoni/Malacacheta;3111;NORDESTE
3126802;Frei Gaspar;MG;Sudeste;310013;Teófilo Otoni;3103;Teófilo Otoni;31099;Teófilo Otoni/Malacacheta;3111;NORDESTE
3126901;Frei Inocêncio;MG;Sudeste;310020;Governador Valadares;3104;Governador Valadares;31036;Governador Valadares;3106;LESTE
3126950;Frei Lagonegro;MG;Sudeste;310021;Guanhães;3104;Governador Valadares;31026;Diamantina/Itamarandiba;3104;JEQUITINHONHA
3127008;Fronteira;MG;Sudeste;310057;Frutal;3110;Uberaba;31071;Frutal/Iturama;3112;TRIANGULO DO SUL
3127057;Fronteira dos Vales;MG;Sudeste;310019;Águas Formosas;3103;Teófilo Otoni;31062;Águas Formosas;3111;NORDESTE
3127073;Fruta de Leite;MG;Sudeste;310008;Salinas;3102;Montes Claros;31098;Salinas;3108;NORTE
3127107;Frutal;MG;Sudeste;310057;Frutal;3110;Uberaba;31071;Frutal/Iturama;3112;TRIANGULO DO SUL
3127206;Funilândia;MG;Sudeste;310002;Sete Lagoas;3101;Belo Horizonte;31024;Sete Lagoas;3103;CENTRO
3127305;Galiléia;MG;Sudeste;310020;Governador Valadares;3104;Governador Valadares;31036;Governador Valadares;3106;LESTE
3127339;Gameleiras;MG;Sudeste;310012;Espinosa;3102;Montes Claros;31052;Janaúba/Monte Azul;3108;NORTE
3127354;Glaucilândia;MG;Sudeste;310006;Montes Claros;3102;Montes Claros;31084;Montes Claros;3108;NORTE
3127370;Goiabeira;MG;Sudeste;310020;Governador Valadares;3104;Governador Valadares;31040;Resplendor;3106;LESTE
3127388;Goianá;MG;Sudeste;310027;Juiz de Fora;3106;Juíz de Fora;31097;Juiz de Fora;3107;SUDESTE
3127404;Gonçalves;MG;Sudeste;310052;Itajubá;3109;Pouso Alegre;31003;Itajubá;3115;EXTREMO SUL
3127503;Gonzaga;MG;Sudeste;310020;Governador Valadares;3104;Governador Valadares;31036;Governador Valadares;3106;LESTE
3127602;Gouveia;MG;Sudeste;310016;Diamantina;3103;Teófilo Otoni;31026;Diamantina/Itamarandiba;3104;JEQUITINHONHA
3127701;Governador Valadares;MG;Sudeste;310020;Governador Valadares;3104;Governador Valadares;31036;Governador Valadares;3106;LESTE
3127800;Grão Mogol;MG;Sudeste;310006;Montes Claros;3102;Montes Claros;31051;Francisco Sá;3108;NORTE
3127909;Grupiara;MG;Sudeste;310061;Monte Carmelo;3111;Uberlândia;31074;Patrocínio/Monte Carmelo;3113;TRIANGULO DO NORTE
3128006;Guanhães;MG;Sudeste;310021;Guanhães;3104;Governador Valadares;31020;Guanhães;3103;CENTRO
3128105;Guapé;MG;Sudeste;310041;Passos;3108;Varginha;31093;Piumhi;3116;SUDOESTE
3128204;Guaraciaba;MG;Sudeste;310030;Ponte Nova;3106;Juíz de Fora;31060;Ponte Nova;3110;LESTE DO SUL
3128253;Guaraciama;MG;Sudeste;310006;Montes Claros;3102;Montes Claros;31083;Bocaiúva;3108;NORTE
3128303;Guaranésia;MG;Sudeste;310044;Guaxupé;3108;Varginha;31002;Guaxupé;3116;SUDOESTE
3128402;Guarani;MG;Sudeste;310029;Ubá;3106;Juíz de Fora;31048;Ubá;3107;SUDESTE
3128501;Guarará;MG;Sudeste;310035;São João Nepomuceno - Bicas;3106;Juíz de Fora;31047;São João Nepomuceno;3107;SUDESTE
3128600;Guarda-Mor;MG;Sudeste;310062;Patos de Minas;3112;Patos de Minas;31057;Patos de Minas;3109;NOROESTE
3128709;Guaxupé;MG;Sudeste;310044;Guaxupé;3108;Varginha;31002;Guaxupé;3116;SUDOESTE
3128808;Guidoval;MG;Sudeste;310029;Ubá;3106;Juíz de Fora;31048;Ubá;3107;SUDESTE
3128907;Guimarânia;MG;Sudeste;310064;Patrocínio;3112;Patos de Minas;31057;Patos de Minas;3109;NOROESTE
3129004;Guiricema;MG;Sudeste;310029;Ubá;3106;Juíz de Fora;31048;Ubá;3107;SUDESTE
3129103;Gurinhatã;MG;Sudeste;310060;Ituiutaba;3111;Uberlândia;31073;Ituiutaba;3113;TRIANGULO DO NORTE
3129202;Heliodora;MG;Sudeste;310050;Pouso Alegre;3109;Pouso Alegre;31007;Pouso Alegre/Santa Rita do Sapucaí;3115;EXTREMO SUL
3129301;Iapu;MG;Sudeste;310024;Ipatinga;3105;Ipatinga;31037;Ipatinga;3114;VALE DO ACO
3129400;Ibertioga;MG;Sudeste;310037;Barbacena;3107;Barbacena;31013;Barbacena;3102;CENTRO SUL
3129509;Ibiá;MG;Sudeste;310056;Araxá;3110;Uberaba;31070;Araxá;3112;TRIANGULO DO SUL
3129608;Ibiaí;MG;Sudeste;310010;Pirapora;3102;Montes Claros;31055;Pirapora;3108;NORTE
3129657;Ibiracatu;MG;Sudeste;310006;Montes Claros;3102;Montes Claros;31101;Brasília de Minas;3108;NORTE
3129707;Ibiraci;MG;Sudeste;310041;Passos;3108;Varginha;31091;Cássia;3116;SUDOESTE
3129806;Ibirité;MG;Sudeste;310001;Belo Horizonte;3101;Belo Horizonte;31018;Contagem;3103;CENTRO
3129905;Ibitiúra de Minas;MG;Sudeste;310051;Poços de Caldas;3109;Pouso Alegre;31006;Poços de Caldas;3115;EXTREMO SUL
3130002;Ibituruna;MG;Sudeste;310043;Lavras;3108;Varginha;31015;São João Del Rei;3102;CENTRO SUL
3130051;Icaraí de Minas;MG;Sudeste;310011;São Francisco;3102;Montes Claros;31100;São Francisco;3108;NORTE
3130101;Igarapé;MG;Sudeste;310001;Belo Horizonte;3101;Belo Horizonte;31017;Betim;3103;CENTRO
3130200;Igaratinga;MG;Sudeste;310068;Pará de Minas;3113;Divinópolis;31032;Pará de Minas/Nova Serrana;3105;OESTE
3130309;Iguatama;MG;Sudeste;310066;Formiga;3113;Divinópolis;31030;Formiga;3105;OESTE
3130408;Ijaci;MG;Sudeste;310043;Lavras;3108;Varginha;31004;Lavras;3101;SUL
3130507;Ilicínea;MG;Sudeste;310046;Três Pontas - Boa Esperança;3108;Varginha;31011;Três Pontas;3101;SUL
3130556;Imbé de Minas;MG;Sudeste;310025;Caratinga;3105;Ipatinga;31034;Caratinga;3114;VALE DO ACO
3130606;Inconfidentes;MG;Sudeste;310050;Pouso Alegre;3109;Pouso Alegre;31007;Pouso Alegre/Santa Rita do Sapucaí;3115;EXTREMO SUL
3130655;Indaiabira;MG;Sudeste;310008;Salinas;3102;Montes Claros;31085;Taiobeiras;3108;NORTE
3130705;Indianópolis;MG;Sudeste;310059;Uberlândia;3111;Uberlândia;31075;Uberlândia/Araguari;3113;TRIANGULO DO NORTE
3130804;Ingaí;MG;Sudeste;310043;Lavras;3108;Varginha;31004;Lavras;3101;SUL
3130903;Inhapim;MG;Sudeste;310025;Caratinga;3105;Ipatinga;31034;Caratinga;3114;VALE DO ACO
3131000;Inhaúma;MG;Sudeste;310002;Sete Lagoas;3101;Belo Horizonte;31024;Sete Lagoas;3103;CENTRO
3131109;Inimutaba;MG;Sudeste;310004;Curvelo;3101;Belo Horizonte;31019;Curvelo;3103;CENTRO
3131158;Ipaba;MG;Sudeste;310024;Ipatinga;3105;Ipatinga;31037;Ipatinga;3114;VALE DO ACO
3131208;Ipanema;MG;Sudeste;310028;Manhuaçu;3106;Juíz de Fora;31059;Manhuaçu;3110;LESTE DO SUL
3131307;Ipatinga;MG;Sudeste;310024;Ipatinga;3105;Ipatinga;31037;Ipatinga;3114;VALE DO ACO
3131406;Ipiaçu;MG;Sudeste;310060;Ituiutaba;3111;Uberlândia;31073;Ituiutaba;3113;TRIANGULO DO NORTE
3131505;Ipuiúna;MG;Sudeste;310050;Pouso Alegre;3109;Pouso Alegre;31007;Pouso Alegre/Santa Rita do Sapucaí;3115;EXTREMO SUL
3131604;Iraí de Minas;MG;Sudeste;310061;Monte Carmelo;3111;Uberlândia;31074;Patrocínio/Monte Carmelo;3113;TRIANGULO DO NORTE
3131703;Itabira;MG;Sudeste;310005;Itabira;3101;Belo Horizonte;31021;Itabira;3103;CENTRO
3131802;Itabirinha;MG;Sudeste;310022;Mantena;3104;Governador Valadares;31038;Mantena/Itabirinha;3106;LESTE
3131901;Itabirito;MG;Sudeste;310003;Santa Bárbara - Ouro Preto;3101;Belo Horizonte;31022;Ouro Preto;3103;CENTRO
3132008;Itacambira;MG;Sudeste;310006;Montes Claros;3102;Montes Claros;31084;Montes Claros;3108;NORTE
3132107;Itacarambi;MG;Sudeste;310009;Januária;3102;Montes Claros;31053;Januária;3108;NORTE
3132206;Itaguara;MG;Sudeste;310069;Oliveira;3113;Divinópolis;31031;Itaúna;3105;OESTE
3132305;Itaipé;MG;Sudeste;310013;Teófilo Otoni;3103;Teófilo Otoni;31067;Padre Paraíso;3111;NORDESTE
3132404;Itajubá;MG;Sudeste;310052;Itajubá;3109;Pouso Alegre;31003;Itajubá;3115;EXTREMO SUL
3132503;Itamarandiba;MG;Sudeste;310014;Capelinha;3103;Teófilo Otoni;31026;Diamantina/Itamarandiba;3104;JEQUITINHONHA
3132602;Itamarati de Minas;MG;Sudeste;310032;Cataguases;3106;Juíz de Fora;31044;Leopoldina/Cataguases;3107;SUDESTE
3132701;Itambacuri;MG;Sudeste;310013;Teófilo Otoni;3103;Teófilo Otoni;31096;Itambacuri;3111;NORDESTE
3132800;Itambé do Mato Dentro;MG;Sudeste;310005;Itabira;3101;Belo Horizonte;31021;Itabira;3103;CENTRO
3132909;Itamogi;MG;Sudeste;310047;São Sebastião do Paraíso;3108;Varginha;31009;São Sebastião do Paraíso;3116;SUDOESTE
3133006;Itamonte;MG;Sudeste;310053;São Lourenço;3109;Pouso Alegre;31008;São Lourenço;3101;SUL
3133105;Itanhandu;MG;Sudeste;310053;São Lourenço;3109;Pouso Alegre;31008;São Lourenço;3101;SUL
3133204;Itanhomi;MG;Sudeste;310020;Governador Valadares;3104;Governador Valadares;31036;Governador Valadares;3106;LESTE
3133303;Itaobim;MG;Sudeste;310013;Teófilo Otoni;3103;Teófilo Otoni;31065;Itaobim;3111;NORDESTE
3133402;Itapagipe;MG;Sudeste;310057;Frutal;3110;Uberaba;31071;Frutal/Iturama;3112;TRIANGULO DO SUL
3133501;Itapecerica;MG;Sudeste;310065;Divinópolis;3113;Divinópolis;31086;Divinópolis;3105;OESTE
3133600;Itapeva;MG;Sudeste;310050;Pouso Alegre;3109;Pouso Alegre;31007;Pouso Alegre/Santa Rita do Sapucaí;3115;EXTREMO SUL
3133709;Itatiaiuçu;MG;Sudeste;310065;Divinópolis;3113;Divinópolis;31031;Itaúna;3105;OESTE
3133758;Itaú de Minas;MG;Sudeste;310041;Passos;3108;Varginha;31092;Passos;3116;SUDOESTE
3133808;Itaúna;MG;Sudeste;310065;Divinópolis;3113;Divinópolis;31031;Itaúna;3105;OESTE
3133907;Itaverava;MG;Sudeste;310038;Conselheiro Lafaiete;3107;Barbacena;31079;Conselheiro Lafaiete;3102;CENTRO SUL
3134004;Itinga;MG;Sudeste;310017;Araçuaí;3103;Teófilo Otoni;31065;Itaobim;3111;NORDESTE
3134103;Itueta;MG;Sudeste;310023;Aimorés - Resplendor;3104;Governador Valadares;31040;Resplendor;3106;LESTE
3134202;Ituiutaba;MG;Sudeste;310060;Ituiutaba;3111;Uberlândia;31073;Ituiutaba;3113;TRIANGULO DO NORTE
3134301;Itumirim;MG;Sudeste;310043;Lavras;3108;Varginha;31004;Lavras;3101;SUL
3134400;Iturama;MG;Sudeste;310058;Iturama;3110;Uberaba;31071;Frutal/Iturama;3112;TRIANGULO DO SUL
3134509;Itutinga;MG;Sudeste;310043;Lavras;3108;Varginha;31004;Lavras;3101;SUL
3134608;Jaboticatubas;MG;Sudeste;310001;Belo Horizonte;3101;Belo Horizonte;31016;Belo Horizonte/Nova Lima/Santa Luzia;3103;CENTRO
3134707;Jacinto;MG;Sudeste;310015;Almenara;3103;Teófilo Otoni;31094;Almenara/Jacinto;3111;NORDESTE
3134806;Jacuí;MG;Sudeste;310047;São Sebastião do Paraíso;3108;Varginha;31009;São Sebastião do Paraíso;3116;SUDOESTE
3134905;Jacutinga;MG;Sudeste;310050;Pouso Alegre;3109;Pouso Alegre;31007;Pouso Alegre/Santa Rita do Sapucaí;3115;EXTREMO SUL
3135001;Jaguaraçu;MG;Sudeste;310024;Ipatinga;3105;Ipatinga;31035;Coronel Fabriciano/Timóteo;3114;VALE DO ACO
3135050;Jaíba;MG;Sudeste;310007;Janaúba;3102;Montes Claros;31052;Janaúba/Monte Azul;3108;NORTE
3135076;Jampruca;MG;Sudeste;310020;Governador Valadares;3104;Governador Valadares;31036;Governador Valadares;3106;LESTE
3135100;Janaúba;MG;Sudeste;310007;Janaúba;3102;Montes Claros;31052;Janaúba/Monte Azul;3108;NORTE
3135209;Januária;MG;Sudeste;310009;Januária;3102;Montes Claros;31053;Januária;3108;NORTE
3135308;Japaraíba;MG;Sudeste;310065;Divinópolis;3113;Divinópolis;31087;Lagoa da Prata/Santo Antônio do Monte;3105;OESTE
3135357;Japonvar;MG;Sudeste;310006;Montes Claros;3102;Montes Claros;31101;Brasília de Minas;3108;NORTE
3135407;Jeceaba;MG;Sudeste;310038;Conselheiro Lafaiete;3107;Barbacena;31078;Congonhas;3102;CENTRO SUL
3135456;Jenipapo de Minas;MG;Sudeste;310017;Araçuaí;3103;Teófilo Otoni;31064;Araçuaí;3104;JEQUITINHONHA
3135506;Jequeri;MG;Sudeste;310030;Ponte Nova;3106;Juíz de Fora;31060;Ponte Nova;3110;LESTE DO SUL
3135605;Jequitaí;MG;Sudeste;310006;Montes Claros;3102;Montes Claros;31050;Coração de Jesus;3108;NORTE
3135704;Jequitibá;MG;Sudeste;310002;Sete Lagoas;3101;Belo Horizonte;31024;Sete Lagoas;3103;CENTRO
3135803;Jequitinhonha;MG;Sudeste;310015;Almenara;3103;Teófilo Otoni;31094;Almenara/Jacinto;3111;NORDESTE
3135902;Jesuânia;MG;Sudeste;310053;São Lourenço;3109;Pouso Alegre;31008;São Lourenço;3101;SUL
3136009;Joaíma;MG;Sudeste;310015;Almenara;3103;Teófilo Otoni;31094;Almenara/Jacinto;3111;NORDESTE
3136108;Joanésia;MG;Sudeste;310024;Ipatinga;3105;Ipatinga;31037;Ipatinga;3114;VALE DO ACO
3136207;João Monlevade;MG;Sudeste;310026;João Monlevade;3105;Ipatinga;31023;João Monlevade;3103;CENTRO
3136306;João Pinheiro;MG;Sudeste;310062;Patos de Minas;3112;Patos de Minas;31077;João Pinheiro;3109;NOROESTE
3136405;Joaquim Felício;MG;Sudeste;310006;Montes Claros;3102;Montes Claros;31083;Bocaiúva;3108;NORTE
3136504;Jordânia;MG;Sudeste;310015;Almenara;3103;Teófilo Otoni;31094;Almenara/Jacinto;3111;NORDESTE
3136520;José Gonçalves de Minas;MG;Sudeste;310017;Araçuaí;3103;Teófilo Otoni;31027;Turmalina/Minas Novas/Capelinha;3104;JEQUITINHONHA
3136553;José Raydan;MG;Sudeste;310021;Guanhães;3104;Governador Valadares;31102;Peçanha/São João Evangelista/Santa Maria do;3106;LESTE
3136579;Josenópolis;MG;Sudeste;310006;Montes Claros;3102;Montes Claros;31051;Francisco Sá;3108;NORTE
3136603;Nova União;MG;Sudeste;310001;Belo Horizonte;3101;Belo Horizonte;31016;Belo Horizonte/Nova Lima/Santa Luzia;3103;CENTRO
3136652;Juatuba;MG;Sudeste;310001;Belo Horizonte;3101;Belo Horizonte;31017;Betim;3103;CENTRO
3136702;Juiz de Fora;MG;Sudeste;310027;Juiz de Fora;3106;Juíz de Fora;31097;Juiz de Fora;3107;SUDESTE
3136801;Juramento;MG;Sudeste;310006;Montes Claros;3102;Montes Claros;31084;Montes Claros;3108;NORTE
3136900;Juruaia;MG;Sudeste;310044;Guaxupé;3108;Varginha;31002;Guaxupé;3116;SUDOESTE
3136959;Juvenília;MG;Sudeste;310009;Januária;3102;Montes Claros;31076;Manga;3108;NORTE
3137007;Ladainha;MG;Sudeste;310013;Teófilo Otoni;3103;Teófilo Otoni;31099;Teófilo Otoni/Malacacheta;3111;NORDESTE
3137106;Lagamar;MG;Sudeste;310062;Patos de Minas;3112;Patos de Minas;31057;Patos de Minas;3109;NOROESTE
3137205;Lagoa da Prata;MG;Sudeste;310065;Divinópolis;3113;Divinópolis;31087;Lagoa da Prata/Santo Antônio do Monte;3105;OESTE
3137304;Lagoa dos Patos;MG;Sudeste;310006;Montes Claros;3102;Montes Claros;31050;Coração de Jesus;3108;NORTE
3137403;Lagoa Dourada;MG;Sudeste;310039;São João del Rei;3107;Barbacena;31015;São João Del Rei;3102;CENTRO SUL
3137502;Lagoa Formosa;MG;Sudeste;310062;Patos de Minas;3112;Patos de Minas;31057;Patos de Minas;3109;NOROESTE
3137536;Lagoa Grande;MG;Sudeste;310062;Patos de Minas;3112;Patos de Minas;31077;João Pinheiro;3109;NOROESTE
3137601;Lagoa Santa;MG;Sudeste;310001;Belo Horizonte;3101;Belo Horizonte;31025;Vespasiano/Lagoa Santa;3103;CENTRO
3137700;Lajinha;MG;Sudeste;310028;Manhuaçu;3106;Juíz de Fora;31059;Manhuaçu;3110;LESTE DO SUL
3137809;Lambari;MG;Sudeste;310053;São Lourenço;3109;Pouso Alegre;31008;São Lourenço;3101;SUL
3137908;Lamim;MG;Sudeste;310038;Conselheiro Lafaiete;3107;Barbacena;31079;Conselheiro Lafaiete;3102;CENTRO SUL
3138005;Laranjal;MG;Sudeste;310032;Cataguases;3106;Juíz de Fora;31044;Leopoldina/Cataguases;3107;SUDESTE
3138104;Lassance;MG;Sudeste;310010;Pirapora;3102;Montes Claros;31055;Pirapora;3108;NORTE
3138203;Lavras;MG;Sudeste;310043;Lavras;3108;Varginha;31004;Lavras;3101;SUL
3138302;Leandro Ferreira;MG;Sudeste;310065;Divinópolis;3113;Divinópolis;31032;Pará de Minas/Nova Serrana;3105;OESTE
3138351;Leme do Prado;MG;Sudeste;310014;Capelinha;3103;Teófilo Otoni;31027;Turmalina/Minas Novas/Capelinha;3104;JEQUITINHONHA
3138401;Leopoldina;MG;Sudeste;310032;Cataguases;3106;Juíz de Fora;31044;Leopoldina/Cataguases;3107;SUDESTE
3138500;Liberdade;MG;Sudeste;310027;Juiz de Fora;3106;Juíz de Fora;31090;Lima Duarte;3107;SUDESTE
3138609;Lima Duarte;MG;Sudeste;310027;Juiz de Fora;3106;Juíz de Fora;31090;Lima Duarte;3107;SUDESTE
3138625;Limeira do Oeste;MG;Sudeste;310058;Iturama;3110;Uberaba;31071;Frutal/Iturama;3112;TRIANGULO DO SUL
3138658;Lontra;MG;Sudeste;310006;Montes Claros;3102;Montes Claros;31101;Brasília de Minas;3108;NORTE
3138674;Luisburgo;MG;Sudeste;310028;Manhuaçu;3106;Juíz de Fora;31059;Manhuaçu;3110;LESTE DO SUL
3138682;Luislândia;MG;Sudeste;310006;Montes Claros;3102;Montes Claros;31101;Brasília de Minas;3108;NORTE
3138708;Luminárias;MG;Sudeste;310043;Lavras;3108;Varginha;31004;Lavras;3101;SUL
3138807;Luz;MG;Sudeste;310067;Dores do Indaiá;3113;Divinópolis;31028;Bom Despacho;3105;OESTE
3138906;Machacalis;MG;Sudeste;310019;Águas Formosas;3103;Teófilo Otoni;31062;Águas Formosas;3111;NORDESTE
3139003;Machado;MG;Sudeste;310042;Alfenas;3108;Varginha;31001;Alfenas/Machado;3116;SUDOESTE
3139102;Madre de Deus de Minas;MG;Sudeste;310039;São João del Rei;3107;Barbacena;31015;São João Del Rei;3102;CENTRO SUL
3139201;Malacacheta;MG;Sudeste;310013;Teófilo Otoni;3103;Teófilo Otoni;31099;Teófilo Otoni/Malacacheta;3111;NORDESTE
3139250;Mamonas;MG;Sudeste;310012;Espinosa;3102;Montes Claros;31052;Janaúba/Monte Azul;3108;NORTE
3139300;Manga;MG;Sudeste;310007;Janaúba;3102;Montes Claros;31076;Manga;3108;NORTE
3139409;Manhuaçu;MG;Sudeste;310028;Manhuaçu;3106;Juíz de Fora;31059;Manhuaçu;3110;LESTE DO SUL
3139508;Manhumirim;MG;Sudeste;310028;Manhuaçu;3106;Juíz de Fora;31059;Manhuaçu;3110;LESTE DO SUL
3139607;Mantena;MG;Sudeste;310022;Mantena;3104;Governador Valadares;31038;Mantena/Itabirinha;3106;LESTE
3139706;Maravilhas;MG;Sudeste;310068;Pará de Minas;3113;Divinópolis;31024;Sete Lagoas;3103;CENTRO
3139805;Mar de Espanha;MG;Sudeste;310035;São João Nepomuceno - Bicas;3106;Juíz de Fora;31047;São João Nepomuceno;3107;SUDESTE
3139904;Maria da Fé;MG;Sudeste;310052;Itajubá;3109;Pouso Alegre;31003;Itajubá;3115;EXTREMO SUL
3140001;Mariana;MG;Sudeste;310003;Santa Bárbara - Ouro Preto;3101;Belo Horizonte;31022;Ouro Preto;3103;CENTRO
3140100;Marilac;MG;Sudeste;310020;Governador Valadares;3104;Governador Valadares;31036;Governador Valadares;3106;LESTE
3140159;Mário Campos;MG;Sudeste;310001;Belo Horizonte;3101;Belo Horizonte;31017;Betim;3103;CENTRO
3140209;Maripá de Minas;MG;Sudeste;310035;São João Nepomuceno - Bicas;3106;Juíz de Fora;31047;São João Nepomuceno;3107;SUDESTE
3140308;Marliéria;MG;Sudeste;310024;Ipatinga;3105;Ipatinga;31035;Coronel Fabriciano/Timóteo;3114;VALE DO ACO
3140407;Marmelópolis;MG;Sudeste;310052;Itajubá;3109;Pouso Alegre;31003;Itajubá;3115;EXTREMO SUL
3140506;Martinho Campos;MG;Sudeste;310067;Dores do Indaiá;3113;Divinópolis;31028;Bom Despacho;3105;OESTE
3140530;Martins Soares;MG;Sudeste;310028;Manhuaçu;3106;Juíz de Fora;31059;Manhuaçu;3110;LESTE DO SUL
3140555;Mata Verde;MG;Sudeste;310015;Almenara;3103;Teófilo Otoni;31094;Almenara/Jacinto;3111;NORDESTE
3140605;Materlândia;MG;Sudeste;310021;Guanhães;3104;Governador Valadares;31020;Guanhães;3103;CENTRO
3140704;Mateus Leme;MG;Sudeste;310001;Belo Horizonte;3101;Belo Horizonte;31017;Betim;3103;CENTRO
3140803;Matias Barbosa;MG;Sudeste;310027;Juiz de Fora;3106;Juíz de Fora;31097;Juiz de Fora;3107;SUDESTE
3140852;Matias Cardoso;MG;Sudeste;310007;Janaúba;3102;Montes Claros;31052;Janaúba/Monte Azul;3108;NORTE
3140902;Matipó;MG;Sudeste;310028;Manhuaçu;3106;Juíz de Fora;31059;Manhuaçu;3110;LESTE DO SUL
3141009;Mato Verde;MG;Sudeste;310012;Espinosa;3102;Montes Claros;31052;Janaúba/Monte Azul;3108;NORTE
3141108;Matozinhos;MG;Sudeste;310002;Sete Lagoas;3101;Belo Horizonte;31025;Vespasiano/Lagoa Santa;3103;CENTRO
3141207;Matutina;MG;Sudeste;310062;Patos de Minas;3112;Patos de Minas;31082;São Gotardo;3109;NOROESTE
3141306;Medeiros;MG;Sudeste;310066;Formiga;3113;Divinópolis;31030;Formiga;3105;OESTE
3141405;Medina;MG;Sudeste;310018;Pedra Azul;3103;Teófilo Otoni;31065;Itaobim;3111;NORDESTE
3141504;Mendes Pimentel;MG;Sudeste;310022;Mantena;3104;Governador Valadares;31038;Mantena/Itabirinha;3106;LESTE
3141603;Mercês;MG;Sudeste;310029;Ubá;3106;Juíz de Fora;31048;Ubá;3107;SUDESTE
3141702;Mesquita;MG;Sudeste;310024;Ipatinga;3105;Ipatinga;31037;Ipatinga;3114;VALE DO ACO
3141801;Minas Novas;MG;Sudeste;310014;Capelinha;3103;Teófilo Otoni;31027;Turmalina/Minas Novas/Capelinha;3104;JEQUITINHONHA
3141900;Minduri;MG;Sudeste;310054;Caxambu - Baependi;3109;Pouso Alegre;31008;São Lourenço;3101;SUL
3142007;Mirabela;MG;Sudeste;310006;Montes Claros;3102;Montes Claros;31084;Montes Claros;3108;NORTE
3142106;Miradouro;MG;Sudeste;310031;Muriaé;3106;Juíz de Fora;31045;Muriaé;3107;SUDESTE
3142205;Miraí;MG;Sudeste;310031;Muriaé;3106;Juíz de Fora;31045;Muriaé;3107;SUDESTE
3142254;Miravânia;MG;Sudeste;310007;Janaúba;3102;Montes Claros;31076;Manga;3108;NORTE
3142304;Moeda;MG;Sudeste;310001;Belo Horizonte;3101;Belo Horizonte;31016;Belo Horizonte/Nova Lima/Santa Luzia;3103;CENTRO
3142403;Moema;MG;Sudeste;310067;Dores do Indaiá;3113;Divinópolis;31028;Bom Despacho;3105;OESTE
3142502;Monjolos;MG;Sudeste;310004;Curvelo;3101;Belo Horizonte;31019;Curvelo;3103;CENTRO
3142601;Monsenhor Paulo;MG;Sudeste;310040;Varginha;3108;Varginha;31012;Varginha;3101;SUL
3142700;Montalvânia;MG;Sudeste;310009;Januária;3102;Montes Claros;31076;Manga;3108;NORTE
3142809;Monte Alegre de Minas;MG;Sudeste;310059;Uberlândia;3111;Uberlândia;31075;Uberlândia/Araguari;3113;TRIANGULO DO NORTE
3142908;Monte Azul;MG;Sudeste;310012;Espinosa;3102;Montes Claros;31052;Janaúba/Monte Azul;3108;NORTE
3143005;Monte Belo;MG;Sudeste;310044;Guaxupé;3108;Varginha;31002;Guaxupé;3116;SUDOESTE
3143104;Monte Carmelo;MG;Sudeste;310061;Monte Carmelo;3111;Uberlândia;31074;Patrocínio/Monte Carmelo;3113;TRIANGULO DO NORTE
3143153;Monte Formoso;MG;Sudeste;310013;Teófilo Otoni;3103;Teófilo Otoni;31065;Itaobim;3111;NORDESTE
3143203;Monte Santo de Minas;MG;Sudeste;310047;São Sebastião do Paraíso;3108;Varginha;31009;São Sebastião do Paraíso;3116;SUDOESTE
3143302;Montes Claros;MG;Sudeste;310006;Montes Claros;3102;Montes Claros;31084;Montes Claros;3108;NORTE
3143401;Monte Sião;MG;Sudeste;310050;Pouso Alegre;3109;Pouso Alegre;31007;Pouso Alegre/Santa Rita do Sapucaí;3115;EXTREMO SUL
3143450;Montezuma;MG;Sudeste;310012;Espinosa;3102;Montes Claros;31085;Taiobeiras;3108;NORTE
3143500;Morada Nova de Minas;MG;Sudeste;310070;Abaeté;3113;Divinópolis;31024;Sete Lagoas;3103;CENTRO
3143609;Morro da Garça;MG;Sudeste;310004;Curvelo;3101;Belo Horizonte;31019;Curvelo;3103;CENTRO
3143708;Morro do Pilar;MG;Sudeste;310002;Sete Lagoas;3101;Belo Horizonte;31021;Itabira;3103;CENTRO
3143807;Munhoz;MG;Sudeste;310050;Pouso Alegre;3109;Pouso Alegre;31007;Pouso Alegre/Santa Rita do Sapucaí;3115;EXTREMO SUL
3143906;Muriaé;MG;Sudeste;310031;Muriaé;3106;Juíz de Fora;31045;Muriaé;3107;SUDESTE
3144003;Mutum;MG;Sudeste;310028;Manhuaçu;3106;Juíz de Fora;31059;Manhuaçu;3110;LESTE DO SUL
3144102;Muzambinho;MG;Sudeste;310044;Guaxupé;3108;Varginha;31002;Guaxupé;3116;SUDOESTE
3144201;Nacip Raydan;MG;Sudeste;310020;Governador Valadares;3104;Governador Valadares;31036;Governador Valadares;3106;LESTE
3144300;Nanuque;MG;Sudeste;310013;Teófilo Otoni;3103;Teófilo Otoni;31066;Nanuque;3111;NORDESTE
3144359;Naque;MG;Sudeste;310024;Ipatinga;3105;Ipatinga;31037;Ipatinga;3114;VALE DO ACO
3144375;Natalândia;MG;Sudeste;310063;Unaí;3112;Patos de Minas;31058;Unaí/Paracatu;3109;NOROESTE
3144409;Natércia;MG;Sudeste;310050;Pouso Alegre;3109;Pouso Alegre;31007;Pouso Alegre/Santa Rita do Sapucaí;3115;EXTREMO SUL
3144508;Nazareno;MG;Sudeste;310039;São João del Rei;3107;Barbacena;31015;São João Del Rei;3102;CENTRO SUL
3144607;Nepomuceno;MG;Sudeste;310043;Lavras;3108;Varginha;31004;Lavras;3101;SUL
3144656;Ninheira;MG;Sudeste;310008;Salinas;3102;Montes Claros;31085;Taiobeiras;3108;NORTE
3144672;Nova Belém;MG;Sudeste;310022;Mantena;3104;Governador Valadares;31038;Mantena/Itabirinha;3106;LESTE
3144706;Nova Era;MG;Sudeste;310026;João Monlevade;3105;Ipatinga;31023;João Monlevade;3103;CENTRO
3144805;Nova Lima;MG;Sudeste;310001;Belo Horizonte;3101;Belo Horizonte;31016;Belo Horizonte/Nova Lima/Santa Luzia;3103;CENTRO
3144904;Nova Módica;MG;Sudeste;310013;Teófilo Otoni;3103;Teófilo Otoni;31096;Itambacuri;3111;NORDESTE
3145000;Nova Ponte;MG;Sudeste;310055;Uberaba;3110;Uberaba;31075;Uberlândia/Araguari;3113;TRIANGULO DO NORTE
3145059;Nova Porteirinha;MG;Sudeste;310007;Janaúba;3102;Montes Claros;31052;Janaúba/Monte Azul;3108;NORTE
3145109;Nova Resende;MG;Sudeste;310044;Guaxupé;3108;Varginha;31092;Passos;3116;SUDOESTE
3145208;Nova Serrana;MG;Sudeste;310065;Divinópolis;3113;Divinópolis;31032;Pará de Minas/Nova Serrana;3105;OESTE
3145307;Novo Cruzeiro;MG;Sudeste;310013;Teófilo Otoni;3103;Teófilo Otoni;31099;Teófilo Otoni/Malacacheta;3111;NORDESTE
3145356;Novo Oriente de Minas;MG;Sudeste;310013;Teófilo Otoni;3103;Teófilo Otoni;31099;Teófilo Otoni/Malacacheta;3111;NORDESTE
3145372;Novorizonte;MG;Sudeste;310008;Salinas;3102;Montes Claros;31098;Salinas;3108;NORTE
3145406;Olaria;MG;Sudeste;310027;Juiz de Fora;3106;Juíz de Fora;31090;Lima Duarte;3107;SUDESTE
3145455;Olhos-d'Água;MG;Sudeste;310006;Montes Claros;3102;Montes Claros;31083;Bocaiúva;3108;NORTE
3145505;Olímpio Noronha;MG;Sudeste;310053;São Lourenço;3109;Pouso Alegre;31008;São Lourenço;3101;SUL
3145604;Oliveira;MG;Sudeste;310069;Oliveira;3113;Divinópolis;31088;Oliveira/Santo Antônio do Amparo;3105;OESTE
3145703;Oliveira Fortes;MG;Sudeste;310027;Juiz de Fora;3106;Juíz de Fora;31046;Santos Dumont;3107;SUDESTE
3145802;Onça de Pitangui;MG;Sudeste;310068;Pará de Minas;3113;Divinópolis;31032;Pará de Minas/Nova Serrana;3105;OESTE
3145851;Oratórios;MG;Sudeste;310030;Ponte Nova;3106;Juíz de Fora;31060;Ponte Nova;3110;LESTE DO SUL
3145877;Orizânia;MG;Sudeste;310034;Carangola;3106;Juíz de Fora;31042;Carangola;3107;SUDESTE
3145901;Ouro Branco;MG;Sudeste;310038;Conselheiro Lafaiete;3107;Barbacena;31078;Congonhas;3102;CENTRO SUL
3146008;Ouro Fino;MG;Sudeste;310050;Pouso Alegre;3109;Pouso Alegre;31007;Pouso Alegre/Santa Rita do Sapucaí;3115;EXTREMO SUL
3146107;Ouro Preto;MG;Sudeste;310003;Santa Bárbara - Ouro Preto;3101;Belo Horizonte;31022;Ouro Preto;3103;CENTRO
3146206;Ouro Verde de Minas;MG;Sudeste;310013;Teófilo Otoni;3103;Teófilo Otoni;31099;Teófilo Otoni/Malacacheta;3111;NORDESTE
3146255;Padre Carvalho;MG;Sudeste;310008;Salinas;3102;Montes Claros;31098;Salinas;3108;NORTE
3146305;Padre Paraíso;MG;Sudeste;310013;Teófilo Otoni;3103;Teófilo Otoni;31067;Padre Paraíso;3111;NORDESTE
3146404;Paineiras;MG;Sudeste;310070;Abaeté;3113;Divinópolis;31024;Sete Lagoas;3103;CENTRO
3146503;Pains;MG;Sudeste;310066;Formiga;3113;Divinópolis;31030;Formiga;3105;OESTE
3146552;Pai Pedro;MG;Sudeste;310007;Janaúba;3102;Montes Claros;31052;Janaúba/Monte Azul;3108;NORTE
3146602;Paiva;MG;Sudeste;310027;Juiz de Fora;3106;Juíz de Fora;31013;Barbacena;3102;CENTRO SUL
3146701;Palma;MG;Sudeste;310032;Cataguases;3106;Juíz de Fora;31044;Leopoldina/Cataguases;3107;SUDESTE
3146750;Palmópolis;MG;Sudeste;310015;Almenara;3103;Teófilo Otoni;31094;Almenara/Jacinto;3111;NORDESTE
3146909;Papagaios;MG;Sudeste;310068;Pará de Minas;3113;Divinópolis;31024;Sete Lagoas;3103;CENTRO
3147006;Paracatu;MG;Sudeste;310062;Patos de Minas;3112;Patos de Minas;31058;Unaí/Paracatu;3109;NOROESTE
3147105;Pará de Minas;MG;Sudeste;310068;Pará de Minas;3113;Divinópolis;31032;Pará de Minas/Nova Serrana;3105;OESTE
3147204;Paraguaçu;MG;Sudeste;310042;Alfenas;3108;Varginha;31001;Alfenas/Machado;3116;SUDOESTE
3147303;Paraisópolis;MG;Sudeste;310052;Itajubá;3109;Pouso Alegre;31003;Itajubá;3115;EXTREMO SUL
3147402;Paraopeba;MG;Sudeste;310002;Sete Lagoas;3101;Belo Horizonte;31024;Sete Lagoas;3103;CENTRO
3147501;Passabém;MG;Sudeste;310005;Itabira;3101;Belo Horizonte;31021;Itabira;3103;CENTRO
3147600;Passa Quatro;MG;Sudeste;310053;São Lourenço;3109;Pouso Alegre;31008;São Lourenço;3101;SUL
3147709;Passa Tempo;MG;Sudeste;310069;Oliveira;3113;Divinópolis;31088;Oliveira/Santo Antônio do Amparo;3105;OESTE
3147808;Passa Vinte;MG;Sudeste;310027;Juiz de Fora;3106;Juíz de Fora;31090;Lima Duarte;3107;SUDESTE
3147907;Passos;MG;Sudeste;310041;Passos;3108;Varginha;31092;Passos;3116;SUDOESTE
3147956;Patis;MG;Sudeste;310006;Montes Claros;3102;Montes Claros;31101;Brasília de Minas;3108;NORTE
3148004;Patos de Minas;MG;Sudeste;310062;Patos de Minas;3112;Patos de Minas;31057;Patos de Minas;3109;NOROESTE
3148103;Patrocínio;MG;Sudeste;310064;Patrocínio;3112;Patos de Minas;31074;Patrocínio/Monte Carmelo;3113;TRIANGULO DO NORTE
3148202;Patrocínio do Muriaé;MG;Sudeste;310031;Muriaé;3106;Juíz de Fora;31045;Muriaé;3107;SUDESTE
3148301;Paula Cândido;MG;Sudeste;310033;Viçosa;3106;Juíz de Fora;31061;Viçosa;3110;LESTE DO SUL
3148400;Paulistas;MG;Sudeste;310021;Guanhães;3104;Governador Valadares;31102;Peçanha/São João Evangelista/Santa Maria do;3106;LESTE
3148509;Pavão;MG;Sudeste;310013;Teófilo Otoni;3103;Teófilo Otoni;31062;Águas Formosas;3111;NORDESTE
3148608;Peçanha;MG;Sudeste;310021;Guanhães;3104;Governador Valadares;31102;Peçanha/São João Evangelista/Santa Maria do;3106;LESTE
3148707;Pedra Azul;MG;Sudeste;310018;Pedra Azul;3103;Teófilo Otoni;31068;Pedra azul;3111;NORDESTE
3148756;Pedra Bonita;MG;Sudeste;310034;Carangola;3106;Juíz de Fora;31042;Carangola;3107;SUDESTE
3148806;Pedra do Anta;MG;Sudeste;310033;Viçosa;3106;Juíz de Fora;31061;Viçosa;3110;LESTE DO SUL
3148905;Pedra do Indaiá;MG;Sudeste;310065;Divinópolis;3113;Divinópolis;31087;Lagoa da Prata/Santo Antônio do Monte;3105;OESTE
3149002;Pedra Dourada;MG;Sudeste;310034;Carangola;3106;Juíz de Fora;31042;Carangola;3107;SUDESTE
3149101;Pedralva;MG;Sudeste;310052;Itajubá;3109;Pouso Alegre;31003;Itajubá;3115;EXTREMO SUL
3149150;Pedras de Maria da Cruz;MG;Sudeste;310009;Januária;3102;Montes Claros;31053;Januária;3108;NORTE
3149200;Pedrinópolis;MG;Sudeste;310056;Araxá;3110;Uberaba;31070;Araxá;3112;TRIANGULO DO SUL
3149309;Pedro Leopoldo;MG;Sudeste;310001;Belo Horizonte;3101;Belo Horizonte;31025;Vespasiano/Lagoa Santa;3103;CENTRO
3149408;Pedro Teixeira;MG;Sudeste;310027;Juiz de Fora;3106;Juíz de Fora;31090;Lima Duarte;3107;SUDESTE
3149507;Pequeri;MG;Sudeste;310035;São João Nepomuceno - Bicas;3106;Juíz de Fora;31047;São João Nepomuceno;3107;SUDESTE
3149606;Pequi;MG;Sudeste;310068;Pará de Minas;3113;Divinópolis;31032;Pará de Minas/Nova Serrana;3105;OESTE
3149705;Perdigão;MG;Sudeste;310065;Divinópolis;3113;Divinópolis;31086;Divinópolis;3105;OESTE
3149804;Perdizes;MG;Sudeste;310056;Araxá;3110;Uberaba;31070;Araxá;3112;TRIANGULO DO SUL
3149903;Perdões;MG;Sudeste;310043;Lavras;3108;Varginha;31004;Lavras;3101;SUL
3149952;Periquito;MG;Sudeste;310024;Ipatinga;3105;Ipatinga;31037;Ipatinga;3114;VALE DO ACO
3150000;Pescador;MG;Sudeste;310013;Teófilo Otoni;3103;Teófilo Otoni;31096;Itambacuri;3111;NORDESTE
3150109;Piau;MG;Sudeste;310027;Juiz de Fora;3106;Juíz de Fora;31097;Juiz de Fora;3107;SUDESTE
3150158;Piedade de Caratinga;MG;Sudeste;310025;Caratinga;3105;Ipatinga;31034;Caratinga;3114;VALE DO ACO
3150208;Piedade de Ponte Nova;MG;Sudeste;310030;Ponte Nova;3106;Juíz de Fora;31060;Ponte Nova;3110;LESTE DO SUL
3150307;Piedade do Rio Grande;MG;Sudeste;310039;São João del Rei;3107;Barbacena;31015;São João Del Rei;3102;CENTRO SUL
3150406;Piedade dos Gerais;MG;Sudeste;310069;Oliveira;3113;Divinópolis;31017;Betim;3103;CENTRO
3150505;Pimenta;MG;Sudeste;310066;Formiga;3113;Divinópolis;31093;Piumhi;3116;SUDOESTE
3150539;Pingo-d'Água;MG;Sudeste;310024;Ipatinga;3105;Ipatinga;31035;Coronel Fabriciano/Timóteo;3114;VALE DO ACO
3150570;Pintópolis;MG;Sudeste;310011;São Francisco;3102;Montes Claros;31100;São Francisco;3108;NORTE
3150604;Piracema;MG;Sudeste;310069;Oliveira;3113;Divinópolis;31031;Itaúna;3105;OESTE
3150703;Pirajuba;MG;Sudeste;310057;Frutal;3110;Uberaba;31071;Frutal/Iturama;3112;TRIANGULO DO SUL
3150802;Piranga;MG;Sudeste;310038;Conselheiro Lafaiete;3107;Barbacena;31079;Conselheiro Lafaiete;3102;CENTRO SUL
3150901;Piranguçu;MG;Sudeste;310052;Itajubá;3109;Pouso Alegre;31003;Itajubá;3115;EXTREMO SUL
3151008;Piranguinho;MG;Sudeste;310052;Itajubá;3109;Pouso Alegre;31003;Itajubá;3115;EXTREMO SUL
3151107;Pirapetinga;MG;Sudeste;310036;Além Paraíba;3106;Juíz de Fora;31041;Além Paraíba;3107;SUDESTE
3151206;Pirapora;MG;Sudeste;310010;Pirapora;3102;Montes Claros;31055;Pirapora;3108;NORTE
3151305;Piraúba;MG;Sudeste;310029;Ubá;3106;Juíz de Fora;31048;Ubá;3107;SUDESTE
3151404;Pitangui;MG;Sudeste;310065;Divinópolis;3113;Divinópolis;31032;Pará de Minas/Nova Serrana;3105;OESTE
3151503;Piumhi;MG;Sudeste;310049;Piumhi;3108;Varginha;31093;Piumhi;3116;SUDOESTE
3151602;Planura;MG;Sudeste;310057;Frutal;3110;Uberaba;31071;Frutal/Iturama;3112;TRIANGULO DO SUL
3151701;Poço Fundo;MG;Sudeste;310042;Alfenas;3108;Varginha;31001;Alfenas/Machado;3116;SUDOESTE
3151800;Poços de Caldas;MG;Sudeste;310051;Poços de Caldas;3109;Pouso Alegre;31006;Poços de Caldas;3115;EXTREMO SUL
3151909;Pocrane;MG;Sudeste;310028;Manhuaçu;3106;Juíz de Fora;31059;Manhuaçu;3110;LESTE DO SUL
3152006;Pompéu;MG;Sudeste;310067;Dores do Indaiá;3113;Divinópolis;31024;Sete Lagoas;3103;CENTRO
3152105;Ponte Nova;MG;Sudeste;310030;Ponte Nova;3106;Juíz de Fora;31060;Ponte Nova;3110;LESTE DO SUL
3152131;Ponto Chique;MG;Sudeste;310010;Pirapora;3102;Montes Claros;31055;Pirapora;3108;NORTE
3152170;Ponto dos Volantes;MG;Sudeste;310013;Teófilo Otoni;3103;Teófilo Otoni;31065;Itaobim;3111;NORDESTE
3152204;Porteirinha;MG;Sudeste;310007;Janaúba;3102;Montes Claros;31052;Janaúba/Monte Azul;3108;NORTE
3152303;Porto Firme;MG;Sudeste;310033;Viçosa;3106;Juíz de Fora;31061;Viçosa;3110;LESTE DO SUL
3152402;Poté;MG;Sudeste;310013;Teófilo Otoni;3103;Teófilo Otoni;31099;Teófilo Otoni/Malacacheta;3111;NORDESTE
3152501;Pouso Alegre;MG;Sudeste;310050;Pouso Alegre;3109;Pouso Alegre;31007;Pouso Alegre/Santa Rita do Sapucaí;3115;EXTREMO SUL
3152600;Pouso Alto;MG;Sudeste;310053;São Lourenço;3109;Pouso Alegre;31008;São Lourenço;3101;SUL
3152709;Prados;MG;Sudeste;310039;São João del Rei;3107;Barbacena;31015;São João Del Rei;3102;CENTRO SUL
3152808;Prata;MG;Sudeste;310059;Uberlândia;3111;Uberlândia;31075;Uberlândia/Araguari;3113;TRIANGULO DO NORTE
3152907;Pratápolis;MG;Sudeste;310041;Passos;3108;Varginha;31009;São Sebastião do Paraíso;3116;SUDOESTE
3153004;Pratinha;MG;Sudeste;310056;Araxá;3110;Uberaba;31070;Araxá;3112;TRIANGULO DO SUL
3153103;Presidente Bernardes;MG;Sudeste;310033;Viçosa;3106;Juíz de Fora;31048;Ubá;3107;SUDESTE
3153202;Presidente Juscelino;MG;Sudeste;310004;Curvelo;3101;Belo Horizonte;31019;Curvelo;3103;CENTRO
3153301;Presidente Kubitschek;MG;Sudeste;310016;Diamantina;3103;Teófilo Otoni;31026;Diamantina/Itamarandiba;3104;JEQUITINHONHA
3153400;Presidente Olegário;MG;Sudeste;310062;Patos de Minas;3112;Patos de Minas;31057;Patos de Minas;3109;NOROESTE
3153509;Alto Jequitibá;MG;Sudeste;310028;Manhuaçu;3106;Juíz de Fora;31059;Manhuaçu;3110;LESTE DO SUL
3153608;Prudente de Morais;MG;Sudeste;310002;Sete Lagoas;3101;Belo Horizonte;31024;Sete Lagoas;3103;CENTRO
3153707;Quartel Geral;MG;Sudeste;310067;Dores do Indaiá;3113;Divinópolis;31024;Sete Lagoas;3103;CENTRO
3153806;Queluzito;MG;Sudeste;310038;Conselheiro Lafaiete;3107;Barbacena;31079;Conselheiro Lafaiete;3102;CENTRO SUL
3153905;Raposos;MG;Sudeste;310001;Belo Horizonte;3101;Belo Horizonte;31016;Belo Horizonte/Nova Lima/Santa Luzia;3103;CENTRO
3154002;Raul Soares;MG;Sudeste;310025;Caratinga;3105;Ipatinga;31060;Ponte Nova;3110;LESTE DO SUL
3154101;Recreio;MG;Sudeste;310032;Cataguases;3106;Juíz de Fora;31044;Leopoldina/Cataguases;3107;SUDESTE
3154150;Reduto;MG;Sudeste;310028;Manhuaçu;3106;Juíz de Fora;31059;Manhuaçu;3110;LESTE DO SUL
3154200;Resende Costa;MG;Sudeste;310039;São João del Rei;3107;Barbacena;31015;São João Del Rei;3102;CENTRO SUL
3154309;Resplendor;MG;Sudeste;310023;Aimorés - Resplendor;3104;Governador Valadares;31040;Resplendor;3106;LESTE
3154408;Ressaquinha;MG;Sudeste;310037;Barbacena;3107;Barbacena;31013;Barbacena;3102;CENTRO SUL
3154457;Riachinho;MG;Sudeste;310063;Unaí;3112;Patos de Minas;31058;Unaí/Paracatu;3109;NOROESTE
3154507;Riacho dos Machados;MG;Sudeste;310007;Janaúba;3102;Montes Claros;31052;Janaúba/Monte Azul;3108;NORTE
3154606;Ribeirão das Neves;MG;Sudeste;310001;Belo Horizonte;3101;Belo Horizonte;31016;Belo Horizonte/Nova Lima/Santa Luzia;3103;CENTRO
3154705;Ribeirão Vermelho;MG;Sudeste;310043;Lavras;3108;Varginha;31004;Lavras;3101;SUL
3154804;Rio Acima;MG;Sudeste;310001;Belo Horizonte;3101;Belo Horizonte;31016;Belo Horizonte/Nova Lima/Santa Luzia;3103;CENTRO
3154903;Rio Casca;MG;Sudeste;310030;Ponte Nova;3106;Juíz de Fora;31060;Ponte Nova;3110;LESTE DO SUL
3155009;Rio Doce;MG;Sudeste;310030;Ponte Nova;3106;Juíz de Fora;31060;Ponte Nova;3110;LESTE DO SUL
3155108;Rio do Prado;MG;Sudeste;310015;Almenara;3103;Teófilo Otoni;31094;Almenara/Jacinto;3111;NORDESTE
3155207;Rio Espera;MG;Sudeste;310038;Conselheiro Lafaiete;3107;Barbacena;31079;Conselheiro Lafaiete;3102;CENTRO SUL
3155306;Rio Manso;MG;Sudeste;310069;Oliveira;3113;Divinópolis;31017;Betim;3103;CENTRO
3155405;Rio Novo;MG;Sudeste;310027;Juiz de Fora;3106;Juíz de Fora;31097;Juiz de Fora;3107;SUDESTE
3155504;Rio Paranaíba;MG;Sudeste;310062;Patos de Minas;3112;Patos de Minas;31082;São Gotardo;3109;NOROESTE
3155603;Rio Pardo de Minas;MG;Sudeste;310008;Salinas;3102;Montes Claros;31085;Taiobeiras;3108;NORTE
3155702;Rio Piracicaba;MG;Sudeste;310026;João Monlevade;3105;Ipatinga;31023;João Monlevade;3103;CENTRO
3155801;Rio Pomba;MG;Sudeste;310029;Ubá;3106;Juíz de Fora;31048;Ubá;3107;SUDESTE
3155900;Rio Preto;MG;Sudeste;310027;Juiz de Fora;3106;Juíz de Fora;31090;Lima Duarte;3107;SUDESTE
3156007;Rio Vermelho;MG;Sudeste;310021;Guanhães;3104;Governador Valadares;31020;Guanhães;3103;CENTRO
3156106;Ritápolis;MG;Sudeste;310039;São João del Rei;3107;Barbacena;31015;São João Del Rei;3102;CENTRO SUL
3156205;Rochedo de Minas;MG;Sudeste;310035;São João Nepomuceno - Bicas;3106;Juíz de Fora;31047;São João Nepomuceno;3107;SUDESTE
3156304;Rodeiro;MG;Sudeste;310029;Ubá;3106;Juíz de Fora;31048;Ubá;3107;SUDESTE
3156403;Romaria;MG;Sudeste;310061;Monte Carmelo;3111;Uberlândia;31074;Patrocínio/Monte Carmelo;3113;TRIANGULO DO NORTE
3156452;Rosário da Limeira;MG;Sudeste;310031;Muriaé;3106;Juíz de Fora;31045;Muriaé;3107;SUDESTE
3156502;Rubelita;MG;Sudeste;310008;Salinas;3102;Montes Claros;31098;Salinas;3108;NORTE
3156601;Rubim;MG;Sudeste;310015;Almenara;3103;Teófilo Otoni;31094;Almenara/Jacinto;3111;NORDESTE
3156700;Sabará;MG;Sudeste;310001;Belo Horizonte;3101;Belo Horizonte;31016;Belo Horizonte/Nova Lima/Santa Luzia;3103;CENTRO
3156809;Sabinópolis;MG;Sudeste;310021;Guanhães;3104;Governador Valadares;31020;Guanhães;3103;CENTRO
3156908;Sacramento;MG;Sudeste;310055;Uberaba;3110;Uberaba;31072;Uberaba;3112;TRIANGULO DO SUL
3157005;Salinas;MG;Sudeste;310008;Salinas;3102;Montes Claros;31098;Salinas;3108;NORTE
3157104;Salto da Divisa;MG;Sudeste;310015;Almenara;3103;Teófilo Otoni;31094;Almenara/Jacinto;3111;NORDESTE
3157203;Santa Bárbara;MG;Sudeste;310003;Santa Bárbara - Ouro Preto;3101;Belo Horizonte;31021;Itabira;3103;CENTRO
3157252;Santa Bárbara do Leste;MG;Sudeste;310025;Caratinga;3105;Ipatinga;31034;Caratinga;3114;VALE DO ACO
3157278;Santa Bárbara do Monte Verde;MG;Sudeste;310027;Juiz de Fora;3106;Juíz de Fora;31090;Lima Duarte;3107;SUDESTE
3157302;Santa Bárbara do Tugúrio;MG;Sudeste;310037;Barbacena;3107;Barbacena;31013;Barbacena;3102;CENTRO SUL
3157336;Santa Cruz de Minas;MG;Sudeste;310039;São João del Rei;3107;Barbacena;31015;São João Del Rei;3102;CENTRO SUL
3157377;Santa Cruz de Salinas;MG;Sudeste;310008;Salinas;3102;Montes Claros;31098;Salinas;3108;NORTE
3157401;Santa Cruz do Escalvado;MG;Sudeste;310030;Ponte Nova;3106;Juíz de Fora;31060;Ponte Nova;3110;LESTE DO SUL
3157500;Santa Efigênia de Minas;MG;Sudeste;310020;Governador Valadares;3104;Governador Valadares;31036;Governador Valadares;3106;LESTE
3157609;Santa Fé de Minas;MG;Sudeste;310010;Pirapora;3102;Montes Claros;31055;Pirapora;3108;NORTE
3157658;Santa Helena de Minas;MG;Sudeste;310019;Águas Formosas;3103;Teófilo Otoni;31062;Águas Formosas;3111;NORDESTE
3157708;Santa Juliana;MG;Sudeste;310055;Uberaba;3110;Uberaba;31070;Araxá;3112;TRIANGULO DO SUL
3157807;Santa Luzia;MG;Sudeste;310001;Belo Horizonte;3101;Belo Horizonte;31016;Belo Horizonte/Nova Lima/Santa Luzia;3103;CENTRO
3157906;Santa Margarida;MG;Sudeste;310028;Manhuaçu;3106;Juíz de Fora;31059;Manhuaçu;3110;LESTE DO SUL
3158003;Santa Maria de Itabira;MG;Sudeste;310005;Itabira;3101;Belo Horizonte;31021;Itabira;3103;CENTRO
3158102;Santa Maria do Salto;MG;Sudeste;310015;Almenara;3103;Teófilo Otoni;31094;Almenara/Jacinto;3111;NORDESTE
3158201;Santa Maria do Suaçuí;MG;Sudeste;310021;Guanhães;3104;Governador Valadares;31102;Peçanha/São João Evangelista/Santa Maria do;3106;LESTE
3158300;Santana da Vargem;MG;Sudeste;310046;Três Pontas - Boa Esperança;3108;Varginha;31011;Três Pontas;3101;SUL
3158409;Santana de Cataguases;MG;Sudeste;310032;Cataguases;3106;Juíz de Fora;31044;Leopoldina/Cataguases;3107;SUDESTE
3158508;Santana de Pirapama;MG;Sudeste;310002;Sete Lagoas;3101;Belo Horizonte;31024;Sete Lagoas;3103;CENTRO
3158607;Santana do Deserto;MG;Sudeste;310027;Juiz de Fora;3106;Juíz de Fora;31097;Juiz de Fora;3107;SUDESTE
3158706;Santana do Garambéu;MG;Sudeste;310037;Barbacena;3107;Barbacena;31013;Barbacena;3102;CENTRO SUL
3158805;Santana do Jacaré;MG;Sudeste;310048;Campo Belo;3108;Varginha;31089;Campo Belo;3105;OESTE
3158904;Santana do Manhuaçu;MG;Sudeste;310028;Manhuaçu;3106;Juíz de Fora;31059;Manhuaçu;3110;LESTE DO SUL
3158953;Santana do Paraíso;MG;Sudeste;310024;Ipatinga;3105;Ipatinga;31037;Ipatinga;3114;VALE DO ACO
3159001;Santana do Riacho;MG;Sudeste;310002;Sete Lagoas;3101;Belo Horizonte;31025;Vespasiano/Lagoa Santa;3103;CENTRO
3159100;Santana dos Montes;MG;Sudeste;310038;Conselheiro Lafaiete;3107;Barbacena;31079;Conselheiro Lafaiete;3102;CENTRO SUL
3159209;Santa Rita de Caldas;MG;Sudeste;310051;Poços de Caldas;3109;Pouso Alegre;31006;Poços de Caldas;3115;EXTREMO SUL
3159308;Santa Rita de Jacutinga;MG;Sudeste;310027;Juiz de Fora;3106;Juíz de Fora;31090;Lima Duarte;3107;SUDESTE
3159357;Santa Rita de Minas;MG;Sudeste;310025;Caratinga;3105;Ipatinga;31034;Caratinga;3114;VALE DO ACO
3159407;Santa Rita de Ibitipoca;MG;Sudeste;310037;Barbacena;3107;Barbacena;31013;Barbacena;3102;CENTRO SUL
3159506;Santa Rita do Itueto;MG;Sudeste;310023;Aimorés - Resplendor;3104;Governador Valadares;31040;Resplendor;3106;LESTE
3159605;Santa Rita do Sapucaí;MG;Sudeste;310050;Pouso Alegre;3109;Pouso Alegre;31007;Pouso Alegre/Santa Rita do Sapucaí;3115;EXTREMO SUL
3159704;Santa Rosa da Serra;MG;Sudeste;310056;Araxá;3110;Uberaba;31082;São Gotardo;3109;NOROESTE
3159803;Santa Vitória;MG;Sudeste;310060;Ituiutaba;3111;Uberlândia;31073;Ituiutaba;3113;TRIANGULO DO NORTE
3159902;Santo Antônio do Amparo;MG;Sudeste;310043;Lavras;3108;Varginha;31088;Oliveira/Santo Antônio do Amparo;3105;OESTE
3160009;Santo Antônio do Aventureiro;MG;Sudeste;310036;Além Paraíba;3106;Juíz de Fora;31041;Além Paraíba;3107;SUDESTE
3160108;Santo Antônio do Grama;MG;Sudeste;310030;Ponte Nova;3106;Juíz de Fora;31060;Ponte Nova;3110;LESTE DO SUL
3160207;Santo Antônio do Itambé;MG;Sudeste;310016;Diamantina;3103;Teófilo Otoni;31095;Serro;3104;JEQUITINHONHA
3160306;Santo Antônio do Jacinto;MG;Sudeste;310015;Almenara;3103;Teófilo Otoni;31094;Almenara/Jacinto;3111;NORDESTE
3160405;Santo Antônio do Monte;MG;Sudeste;310065;Divinópolis;3113;Divinópolis;31087;Lagoa da Prata/Santo Antônio do Monte;3105;OESTE
3160454;Santo Antônio do Retiro;MG;Sudeste;310012;Espinosa;3102;Montes Claros;31085;Taiobeiras;3108;NORTE
3160504;Santo Antônio do Rio Abaixo;MG;Sudeste;310005;Itabira;3101;Belo Horizonte;31021;Itabira;3103;CENTRO
3160603;Santo Hipólito;MG;Sudeste;310004;Curvelo;3101;Belo Horizonte;31019;Curvelo;3103;CENTRO
3160702;Santos Dumont;MG;Sudeste;310027;Juiz de Fora;3106;Juíz de Fora;31046;Santos Dumont;3107;SUDESTE
3160801;São Bento Abade;MG;Sudeste;310045;Três Corações;3108;Varginha;31010;Três Corações;3101;SUL
3160900;São Brás do Suaçuí;MG;Sudeste;310038;Conselheiro Lafaiete;3107;Barbacena;31078;Congonhas;3102;CENTRO SUL
3160959;São Domingos das Dores;MG;Sudeste;310025;Caratinga;3105;Ipatinga;31034;Caratinga;3114;VALE DO ACO
3161007;São Domingos do Prata;MG;Sudeste;310026;João Monlevade;3105;Ipatinga;31023;João Monlevade;3103;CENTRO
3161056;São Félix de Minas;MG;Sudeste;310022;Mantena;3104;Governador Valadares;31038;Mantena/Itabirinha;3106;LESTE
3161106;São Francisco;MG;Sudeste;310011;São Francisco;3102;Montes Claros;31100;São Francisco;3108;NORTE
3161205;São Francisco de Paula;MG;Sudeste;310069;Oliveira;3113;Divinópolis;31088;Oliveira/Santo Antônio do Amparo;3105;OESTE
3161304;São Francisco de Sales;MG;Sudeste;310058;Iturama;3110;Uberaba;31071;Frutal/Iturama;3112;TRIANGULO DO SUL
3161403;São Francisco do Glória;MG;Sudeste;310031;Muriaé;3106;Juíz de Fora;31045;Muriaé;3107;SUDESTE
3161502;São Geraldo;MG;Sudeste;310029;Ubá;3106;Juíz de Fora;31048;Ubá;3107;SUDESTE
3161601;São Geraldo da Piedade;MG;Sudeste;310020;Governador Valadares;3104;Governador Valadares;31036;Governador Valadares;3106;LESTE
3161650;São Geraldo do Baixio;MG;Sudeste;310020;Governador Valadares;3104;Governador Valadares;31036;Governador Valadares;3106;LESTE
3161700;São Gonçalo do Abaeté;MG;Sudeste;310062;Patos de Minas;3112;Patos de Minas;31057;Patos de Minas;3109;NOROESTE
3161809;São Gonçalo do Pará;MG;Sudeste;310065;Divinópolis;3113;Divinópolis;31086;Divinópolis;3105;OESTE
3161908;São Gonçalo do Rio Abaixo;MG;Sudeste;310026;João Monlevade;3105;Ipatinga;31021;Itabira;3103;CENTRO
3162005;São Gonçalo do Sapucaí;MG;Sudeste;310040;Varginha;3108;Varginha;31012;Varginha;3101;SUL
3162104;São Gotardo;MG;Sudeste;310062;Patos de Minas;3112;Patos de Minas;31082;São Gotardo;3109;NOROESTE
3162203;São João Batista do Glória;MG;Sudeste;310041;Passos;3108;Varginha;31092;Passos;3116;SUDOESTE
3162252;São João da Lagoa;MG;Sudeste;310006;Montes Claros;3102;Montes Claros;31050;Coração de Jesus;3108;NORTE
3162302;São João da Mata;MG;Sudeste;310050;Pouso Alegre;3109;Pouso Alegre;31007;Pouso Alegre/Santa Rita do Sapucaí;3115;EXTREMO SUL
3162401;São João da Ponte;MG;Sudeste;310006;Montes Claros;3102;Montes Claros;31101;Brasília de Minas;3108;NORTE
3162450;São João das Missões;MG;Sudeste;310009;Januária;3102;Montes Claros;31076;Manga;3108;NORTE
3162500;São João del Rei;MG;Sudeste;310039;São João del Rei;3107;Barbacena;31015;São João Del Rei;3102;CENTRO SUL
3162559;São João do Manhuaçu;MG;Sudeste;310028;Manhuaçu;3106;Juíz de Fora;31059;Manhuaçu;3110;LESTE DO SUL
3162575;São João do Manteninha;MG;Sudeste;310022;Mantena;3104;Governador Valadares;31038;Mantena/Itabirinha;3106;LESTE
3162609;São João do Oriente;MG;Sudeste;310024;Ipatinga;3105;Ipatinga;31037;Ipatinga;3114;VALE DO ACO
3162658;São João do Pacuí;MG;Sudeste;310006;Montes Claros;3102;Montes Claros;31050;Coração de Jesus;3108;NORTE
3162708;São João do Paraíso;MG;Sudeste;310008;Salinas;3102;Montes Claros;31085;Taiobeiras;3108;NORTE
3162807;São João Evangelista;MG;Sudeste;310021;Guanhães;3104;Governador Valadares;31102;Peçanha/São João Evangelista/Santa Maria do;3106;LESTE
3162906;São João Nepomuceno;MG;Sudeste;310035;São João Nepomuceno - Bicas;3106;Juíz de Fora;31047;São João Nepomuceno;3107;SUDESTE
3162922;São Joaquim de Bicas;MG;Sudeste;310001;Belo Horizonte;3101;Belo Horizonte;31017;Betim;3103;CENTRO
3162948;São José da Barra;MG;Sudeste;310041;Passos;3108;Varginha;31092;Passos;3116;SUDOESTE
3162955;São José da Lapa;MG;Sudeste;310001;Belo Horizonte;3101;Belo Horizonte;31025;Vespasiano/Lagoa Santa;3103;CENTRO
3163003;São José da Safira;MG;Sudeste;310020;Governador Valadares;3104;Governador Valadares;31036;Governador Valadares;3106;LESTE
3163102;São José da Varginha;MG;Sudeste;310068;Pará de Minas;3113;Divinópolis;31032;Pará de Minas/Nova Serrana;3105;OESTE
3163201;São José do Alegre;MG;Sudeste;310052;Itajubá;3109;Pouso Alegre;31003;Itajubá;3115;EXTREMO SUL
3163300;São José do Divino;MG;Sudeste;310013;Teófilo Otoni;3103;Teófilo Otoni;31096;Itambacuri;3111;NORDESTE
3163409;São José do Goiabal;MG;Sudeste;310024;Ipatinga;3105;Ipatinga;31060;Ponte Nova;3110;LESTE DO SUL
3163508;São José do Jacuri;MG;Sudeste;310021;Guanhães;3104;Governador Valadares;31102;Peçanha/São João Evangelista/Santa Maria do;3106;LESTE
3163607;São José do Mantimento;MG;Sudeste;310028;Manhuaçu;3106;Juíz de Fora;31059;Manhuaçu;3110;LESTE DO SUL
3163706;São Lourenço;MG;Sudeste;310053;São Lourenço;3109;Pouso Alegre;31008;São Lourenço;3101;SUL
3163805;São Miguel do Anta;MG;Sudeste;310033;Viçosa;3106;Juíz de Fora;31061;Viçosa;3110;LESTE DO SUL
3163904;São Pedro da União;MG;Sudeste;310044;Guaxupé;3108;Varginha;31092;Passos;3116;SUDOESTE
3164001;São Pedro dos Ferros;MG;Sudeste;310030;Ponte Nova;3106;Juíz de Fora;31060;Ponte Nova;3110;LESTE DO SUL
3164100;São Pedro do Suaçuí;MG;Sudeste;310021;Guanhães;3104;Governador Valadares;31102;Peçanha/São João Evangelista/Santa Maria do;3106;LESTE
3164209;São Romão;MG;Sudeste;310011;São Francisco;3102;Montes Claros;31100;São Francisco;3108;NORTE
3164308;São Roque de Minas;MG;Sudeste;310049;Piumhi;3108;Varginha;31093;Piumhi;3116;SUDOESTE
3164407;São Sebastião da Bela Vista;MG;Sudeste;310050;Pouso Alegre;3109;Pouso Alegre;31007;Pouso Alegre/Santa Rita do Sapucaí;3115;EXTREMO SUL
3164431;São Sebastião da Vargem Alegre;MG;Sudeste;310031;Muriaé;3106;Juíz de Fora;31045;Muriaé;3107;SUDESTE
3164472;São Sebastião do Anta;MG;Sudeste;310025;Caratinga;3105;Ipatinga;31034;Caratinga;3114;VALE DO ACO
3164506;São Sebastião do Maranhão;MG;Sudeste;310021;Guanhães;3104;Governador Valadares;31102;Peçanha/São João Evangelista/Santa Maria do;3106;LESTE
3164605;São Sebastião do Oeste;MG;Sudeste;310065;Divinópolis;3113;Divinópolis;31086;Divinópolis;3105;OESTE
3164704;São Sebastião do Paraíso;MG;Sudeste;310047;São Sebastião do Paraíso;3108;Varginha;31009;São Sebastião do Paraíso;3116;SUDOESTE
3164803;São Sebastião do Rio Preto;MG;Sudeste;310005;Itabira;3101;Belo Horizonte;31021;Itabira;3103;CENTRO
3164902;São Sebastião do Rio Verde;MG;Sudeste;310053;São Lourenço;3109;Pouso Alegre;31008;São Lourenço;3101;SUL
3165008;São Tiago;MG;Sudeste;310039;São João del Rei;3107;Barbacena;31015;São João Del Rei;3102;CENTRO SUL
3165107;São Tomás de Aquino;MG;Sudeste;310047;São Sebastião do Paraíso;3108;Varginha;31009;São Sebastião do Paraíso;3116;SUDOESTE
3165206;São Tomé das Letras;MG;Sudeste;310045;Três Corações;3108;Varginha;31010;Três Corações;3101;SUL
3165305;São Vicente de Minas;MG;Sudeste;310039;São João del Rei;3107;Barbacena;31015;São João Del Rei;3102;CENTRO SUL
3165404;Sapucaí-Mirim;MG;Sudeste;310052;Itajubá;3109;Pouso Alegre;31003;Itajubá;3115;EXTREMO SUL
3165503;Sardoá;MG;Sudeste;310020;Governador Valadares;3104;Governador Valadares;31036;Governador Valadares;3106;LESTE
3165537;Sarzedo;MG;Sudeste;310001;Belo Horizonte;3101;Belo Horizonte;31018;Contagem;3103;CENTRO
3165552;Setubinha;MG;Sudeste;310013;Teófilo Otoni;3103;Teófilo Otoni;31099;Teófilo Otoni/Malacacheta;3111;NORDESTE
3165560;Sem-Peixe;MG;Sudeste;310030;Ponte Nova;3106;Juíz de Fora;31060;Ponte Nova;3110;LESTE DO SUL
3165578;Senador Amaral;MG;Sudeste;310050;Pouso Alegre;3109;Pouso Alegre;31007;Pouso Alegre/Santa Rita do Sapucaí;3115;EXTREMO SUL
3165602;Senador Cortes;MG;Sudeste;310035;São João Nepomuceno - Bicas;3106;Juíz de Fora;31047;São João Nepomuceno;3107;SUDESTE
3165701;Senador Firmino;MG;Sudeste;310029;Ubá;3106;Juíz de Fora;31048;Ubá;3107;SUDESTE
3165800;Senador José Bento;MG;Sudeste;310050;Pouso Alegre;3109;Pouso Alegre;31007;Pouso Alegre/Santa Rita do Sapucaí;3115;EXTREMO SUL
3165909;Senador Modestino Gonçalves;MG;Sudeste;310016;Diamantina;3103;Teófilo Otoni;31026;Diamantina/Itamarandiba;3104;JEQUITINHONHA
3166006;Senhora de Oliveira;MG;Sudeste;310038;Conselheiro Lafaiete;3107;Barbacena;31079;Conselheiro Lafaiete;3102;CENTRO SUL
3166105;Senhora do Porto;MG;Sudeste;310021;Guanhães;3104;Governador Valadares;31020;Guanhães;3103;CENTRO
3166204;Senhora dos Remédios;MG;Sudeste;310037;Barbacena;3107;Barbacena;31013;Barbacena;3102;CENTRO SUL
3166303;Sericita;MG;Sudeste;310030;Ponte Nova;3106;Juíz de Fora;31060;Ponte Nova;3110;LESTE DO SUL
3166402;Seritinga;MG;Sudeste;310054;Caxambu - Baependi;3109;Pouso Alegre;31008;São Lourenço;3101;SUL
3166501;Serra Azul de Minas;MG;Sudeste;310016;Diamantina;3103;Teófilo Otoni;31095;Serro;3104;JEQUITINHONHA
3166600;Serra da Saudade;MG;Sudeste;310067;Dores do Indaiá;3113;Divinópolis;31028;Bom Despacho;3105;OESTE
3166709;Serra dos Aimorés;MG;Sudeste;310013;Teófilo Otoni;3103;Teófilo Otoni;31066;Nanuque;3111;NORDESTE
3166808;Serra do Salitre;MG;Sudeste;310064;Patrocínio;3112;Patos de Minas;31057;Patos de Minas;3109;NOROESTE
3166907;Serrania;MG;Sudeste;310042;Alfenas;3108;Varginha;31001;Alfenas/Machado;3116;SUDOESTE
3166956;Serranópolis de Minas;MG;Sudeste;310007;Janaúba;3102;Montes Claros;31052;Janaúba/Monte Azul;3108;NORTE
3167004;Serranos;MG;Sudeste;310054;Caxambu - Baependi;3109;Pouso Alegre;31008;São Lourenço;3101;SUL
3167103;Serro;MG;Sudeste;310016;Diamantina;3103;Teófilo Otoni;31095;Serro;3104;JEQUITINHONHA
3167202;Sete Lagoas;MG;Sudeste;310002;Sete Lagoas;3101;Belo Horizonte;31024;Sete Lagoas;3103;CENTRO
3167301;Silveirânia;MG;Sudeste;310029;Ubá;3106;Juíz de Fora;31048;Ubá;3107;SUDESTE
3167400;Silvianópolis;MG;Sudeste;310050;Pouso Alegre;3109;Pouso Alegre;31007;Pouso Alegre/Santa Rita do Sapucaí;3115;EXTREMO SUL
3167509;Simão Pereira;MG;Sudeste;310027;Juiz de Fora;3106;Juíz de Fora;31097;Juiz de Fora;3107;SUDESTE
3167608;Simonésia;MG;Sudeste;310028;Manhuaçu;3106;Juíz de Fora;31059;Manhuaçu;3110;LESTE DO SUL
3167707;Sobrália;MG;Sudeste;310020;Governador Valadares;3104;Governador Valadares;31036;Governador Valadares;3106;LESTE
3167806;Soledade de Minas;MG;Sudeste;310053;São Lourenço;3109;Pouso Alegre;31008;São Lourenço;3101;SUL
3167905;Tabuleiro;MG;Sudeste;310029;Ubá;3106;Juíz de Fora;31048;Ubá;3107;SUDESTE
3168002;Taiobeiras;MG;Sudeste;310008;Salinas;3102;Montes Claros;31085;Taiobeiras;3108;NORTE
3168051;Taparuba;MG;Sudeste;310028;Manhuaçu;3106;Juíz de Fora;31059;Manhuaçu;3110;LESTE DO SUL
3168101;Tapira;MG;Sudeste;310056;Araxá;3110;Uberaba;31070;Araxá;3112;TRIANGULO DO SUL
3168200;Tapiraí;MG;Sudeste;310066;Formiga;3113;Divinópolis;31030;Formiga;3105;OESTE
3168309;Taquaraçu de Minas;MG;Sudeste;310001;Belo Horizonte;3101;Belo Horizonte;31016;Belo Horizonte/Nova Lima/Santa Luzia;3103;CENTRO
3168408;Tarumirim;MG;Sudeste;310020;Governador Valadares;3104;Governador Valadares;31036;Governador Valadares;3106;LESTE
3168507;Teixeiras;MG;Sudeste;310033;Viçosa;3106;Juíz de Fora;31061;Viçosa;3110;LESTE DO SUL
3168606;Teófilo Otoni;MG;Sudeste;310013;Teófilo Otoni;3103;Teófilo Otoni;31099;Teófilo Otoni/Malacacheta;3111;NORDESTE
3168705;Timóteo;MG;Sudeste;310024;Ipatinga;3105;Ipatinga;31035;Coronel Fabriciano/Timóteo;3114;VALE DO ACO
3168804;Tiradentes;MG;Sudeste;310039;São João del Rei;3107;Barbacena;31015;São João Del Rei;3102;CENTRO SUL
3168903;Tiros;MG;Sudeste;310062;Patos de Minas;3112;Patos de Minas;31082;São Gotardo;3109;NOROESTE
3169000;Tocantins;MG;Sudeste;310029;Ubá;3106;Juíz de Fora;31048;Ubá;3107;SUDESTE
3169059;Tocos do Moji;MG;Sudeste;310050;Pouso Alegre;3109;Pouso Alegre;31007;Pouso Alegre/Santa Rita do Sapucaí;3115;EXTREMO SUL
3169109;Toledo;MG;Sudeste;310050;Pouso Alegre;3109;Pouso Alegre;31007;Pouso Alegre/Santa Rita do Sapucaí;3115;EXTREMO SUL
3169208;Tombos;MG;Sudeste;310034;Carangola;3106;Juíz de Fora;31042;Carangola;3107;SUDESTE
3169307;Três Corações;MG;Sudeste;310045;Três Corações;3108;Varginha;31010;Três Corações;3101;SUL
3169356;Três Marias;MG;Sudeste;310004;Curvelo;3101;Belo Horizonte;31019;Curvelo;3103;CENTRO
3169406;Três Pontas;MG;Sudeste;310046;Três Pontas - Boa Esperança;3108;Varginha;31011;Três Pontas;3101;SUL
3169505;Tumiritinga;MG;Sudeste;310020;Governador Valadares;3104;Governador Valadares;31036;Governador Valadares;3106;LESTE
3169604;Tupaciguara;MG;Sudeste;310059;Uberlândia;3111;Uberlândia;31075;Uberlândia/Araguari;3113;TRIANGULO DO NORTE
3169703;Turmalina;MG;Sudeste;310014;Capelinha;3103;Teófilo Otoni;31027;Turmalina/Minas Novas/Capelinha;3104;JEQUITINHONHA
3169802;Turvolândia;MG;Sudeste;310050;Pouso Alegre;3109;Pouso Alegre;31007;Pouso Alegre/Santa Rita do Sapucaí;3115;EXTREMO SUL
3169901;Ubá;MG;Sudeste;310029;Ubá;3106;Juíz de Fora;31048;Ubá;3107;SUDESTE
3170008;Ubaí;MG;Sudeste;310011;São Francisco;3102;Montes Claros;31101;Brasília de Minas;3108;NORTE
3170057;Ubaporanga;MG;Sudeste;310025;Caratinga;3105;Ipatinga;31034;Caratinga;3114;VALE DO ACO
3170107;Uberaba;MG;Sudeste;310055;Uberaba;3110;Uberaba;31072;Uberaba;3112;TRIANGULO DO SUL
3170206;Uberlândia;MG;Sudeste;310059;Uberlândia;3111;Uberlândia;31075;Uberlândia/Araguari;3113;TRIANGULO DO NORTE
3170305;Umburatiba;MG;Sudeste;310019;Águas Formosas;3103;Teófilo Otoni;31062;Águas Formosas;3111;NORDESTE
3170404;Unaí;MG;Sudeste;310063;Unaí;3112;Patos de Minas;31058;Unaí/Paracatu;3109;NOROESTE
3170438;União de Minas;MG;Sudeste;310058;Iturama;3110;Uberaba;31071;Frutal/Iturama;3112;TRIANGULO DO SUL
3170479;Uruana de Minas;MG;Sudeste;310063;Unaí;3112;Patos de Minas;31058;Unaí/Paracatu;3109;NOROESTE
3170503;Urucânia;MG;Sudeste;310030;Ponte Nova;3106;Juíz de Fora;31060;Ponte Nova;3110;LESTE DO SUL
3170529;Urucuia;MG;Sudeste;310063;Unaí;3112;Patos de Minas;31100;São Francisco;3108;NORTE
3170578;Vargem Alegre;MG;Sudeste;310025;Caratinga;3105;Ipatinga;31034;Caratinga;3114;VALE DO ACO
3170602;Vargem Bonita;MG;Sudeste;310049;Piumhi;3108;Varginha;31093;Piumhi;3116;SUDOESTE
3170651;Vargem Grande do Rio Pardo;MG;Sudeste;310008;Salinas;3102;Montes Claros;31085;Taiobeiras;3108;NORTE
3170701;Varginha;MG;Sudeste;310040;Varginha;3108;Varginha;31012;Varginha;3101;SUL
3170750;Varjão de Minas;MG;Sudeste;310062;Patos de Minas;3112;Patos de Minas;31057;Patos de Minas;3109;NOROESTE
3170800;Várzea da Palma;MG;Sudeste;310010;Pirapora;3102;Montes Claros;31055;Pirapora;3108;NORTE
3170909;Varzelândia;MG;Sudeste;310006;Montes Claros;3102;Montes Claros;31101;Brasília de Minas;3108;NORTE
3171006;Vazante;MG;Sudeste;310062;Patos de Minas;3112;Patos de Minas;31057;Patos de Minas;3109;NOROESTE
3171030;Verdelândia;MG;Sudeste;310007;Janaúba;3102;Montes Claros;31052;Janaúba/Monte Azul;3108;NORTE
3171071;Veredinha;MG;Sudeste;310014;Capelinha;3103;Teófilo Otoni;31027;Turmalina/Minas Novas/Capelinha;3104;JEQUITINHONHA
3171105;Veríssimo;MG;Sudeste;310055;Uberaba;3110;Uberaba;31072;Uberaba;3112;TRIANGULO DO SUL
3171154;Vermelho Novo;MG;Sudeste;310025;Caratinga;3105;Ipatinga;31034;Caratinga;3114;VALE DO ACO
3171204;Vespasiano;MG;Sudeste;310001;Belo Horizonte;3101;Belo Horizonte;31025;Vespasiano/Lagoa Santa;3103;CENTRO
3171303;Viçosa;MG;Sudeste;310033;Viçosa;3106;Juíz de Fora;31061;Viçosa;3110;LESTE DO SUL
3171402;Vieiras;MG;Sudeste;310031;Muriaé;3106;Juíz de Fora;31045;Muriaé;3107;SUDESTE
3171501;Mathias Lobato;MG;Sudeste;310020;Governador Valadares;3104;Governador Valadares;31036;Governador Valadares;3106;LESTE
3171600;Virgem da Lapa;MG;Sudeste;310017;Araçuaí;3103;Teófilo Otoni;31064;Araçuaí;3104;JEQUITINHONHA
3171709;Virgínia;MG;Sudeste;310053;São Lourenço;3109;Pouso Alegre;31008;São Lourenço;3101;SUL
3171808;Virginópolis;MG;Sudeste;310021;Guanhães;3104;Governador Valadares;31020;Guanhães;3103;CENTRO
3171907;Virgolândia;MG;Sudeste;310020;Governador Valadares;3104;Governador Valadares;31036;Governador Valadares;3106;LESTE
3172004;Visconde do Rio Branco;MG;Sudeste;310029;Ubá;3106;Juíz de Fora;31048;Ubá;3107;SUDESTE
3172103;Volta Grande;MG;Sudeste;310036;Além Paraíba;3106;Juíz de Fora;31041;Além Paraíba;3107;SUDESTE
3172202;Wenceslau Braz;MG;Sudeste;310052;Itajubá;3109;Pouso Alegre;31003;Itajubá;3115;EXTREMO SUL
3200102;Afonso Cláudio;ES;Sudeste;320002;Afonso Cláudio - Venda Nova do Imigrante - Santa Maria de Jetibá;3201;Vitória;32002;Metropolitana;3207;METROPOLITANA
3200136;Águia Branca;ES;Sudeste;320005;Colatina;3203;Colatina;32001;Central;3209;CENTRAL NORTE
3200169;Água Doce do Norte;ES;Sudeste;320006;Nova Venécia;3203;Colatina;32003;Norte;3209;CENTRAL NORTE
3200201;Alegre;ES;Sudeste;320008;Alegre;3204;Cachoeiro do Itapemirim;32004;Sul;3205;SUL
3200300;Alfredo Chaves;ES;Sudeste;320001;Vitória;3201;Vitória;32004;Sul;3205;SUL
3200359;Alto Rio Novo;ES;Sudeste;320005;Colatina;3203;Colatina;32001;Central;3209;CENTRAL NORTE
3200409;Anchieta;ES;Sudeste;320001;Vitória;3201;Vitória;32004;Sul;3205;SUL
3200508;Apiacá;ES;Sudeste;320008;Alegre;3204;Cachoeiro do Itapemirim;32004;Sul;3205;SUL
3200607;Aracruz;ES;Sudeste;320004;Linhares;3202;São Mateus;32002;Metropolitana;3207;METROPOLITANA
3200706;Atílio Vivácqua;ES;Sudeste;320007;Cachoeiro de Itapemirim;3204;Cachoeiro do Itapemirim;32004;Sul;3205;SUL
3200805;Baixo Guandu;ES;Sudeste;320005;Colatina;3203;Colatina;32001;Central;3209;CENTRAL NORTE
3200904;Barra de São Francisco;ES;Sudeste;320006;Nova Venécia;3203;Colatina;32003;Norte;3209;CENTRAL NORTE
3201001;Boa Esperança;ES;Sudeste;320003;São Mateus;3202;São Mateus;32003;Norte;3209;CENTRAL NORTE
3201100;Bom Jesus do Norte;ES;Sudeste;320008;Alegre;3204;Cachoeiro do Itapemirim;32004;Sul;3205;SUL
3201159;Brejetuba;ES;Sudeste;320002;Afonso Cláudio - Venda Nova do Imigrante - Santa Maria de Jetibá;3201;Vitória;32002;Metropolitana;3207;METROPOLITANA
3201209;Cachoeiro de Itapemirim;ES;Sudeste;320007;Cachoeiro de Itapemirim;3204;Cachoeiro do Itapemirim;32004;Sul;3205;SUL
3201308;Cariacica;ES;Sudeste;320001;Vitória;3201;Vitória;32002;Metropolitana;3207;METROPOLITANA
3201407;Castelo;ES;Sudeste;320007;Cachoeiro de Itapemirim;3204;Cachoeiro do Itapemirim;32004;Sul;3205;SUL
3201506;Colatina;ES;Sudeste;320005;Colatina;3203;Colatina;32001;Central;3209;CENTRAL NORTE
3201605;Conceição da Barra;ES;Sudeste;320003;São Mateus;3202;São Mateus;32003;Norte;3209;CENTRAL NORTE
3201704;Conceição do Castelo;ES;Sudeste;320002;Afonso Cláudio - Venda Nova do Imigrante - Santa Maria de Jetibá;3201;Vitória;32002;Metropolitana;3207;METROPOLITANA
3201803;Divino de São Lourenço;ES;Sudeste;320008;Alegre;3204;Cachoeiro do Itapemirim;32004;Sul;3205;SUL
3201902;Domingos Martins;ES;Sudeste;320002;Afonso Cláudio - Venda Nova do Imigrante - Santa Maria de Jetibá;3201;Vitória;32002;Metropolitana;3207;METROPOLITANA
3202009;Dores do Rio Preto;ES;Sudeste;320008;Alegre;3204;Cachoeiro do Itapemirim;32004;Sul;3205;SUL
3202108;Ecoporanga;ES;Sudeste;320006;Nova Venécia;3203;Colatina;32003;Norte;3209;CENTRAL NORTE
3202207;Fundão;ES;Sudeste;320001;Vitória;3201;Vitória;32002;Metropolitana;3207;METROPOLITANA
3202256;Governador Lindenberg;ES;Sudeste;320005;Colatina;3203;Colatina;32001;Central;3209;CENTRAL NORTE
3202306;Guaçuí;ES;Sudeste;320008;Alegre;3204;Cachoeiro do Itapemirim;32004;Sul;3205;SUL
3202405;Guarapari;ES;Sudeste;320001;Vitória;3201;Vitória;32002;Metropolitana;3207;METROPOLITANA
3202454;Ibatiba;ES;Sudeste;320008;Alegre;3204;Cachoeiro do Itapemirim;32002;Metropolitana;3207;METROPOLITANA
3202504;Ibiraçu;ES;Sudeste;320004;Linhares;3202;São Mateus;32002;Metropolitana;3207;METROPOLITANA
3202553;Ibitirama;ES;Sudeste;320008;Alegre;3204;Cachoeiro do Itapemirim;32004;Sul;3205;SUL
3202603;Iconha;ES;Sudeste;320007;Cachoeiro de Itapemirim;3204;Cachoeiro do Itapemirim;32004;Sul;3205;SUL
3202652;Irupi;ES;Sudeste;320008;Alegre;3204;Cachoeiro do Itapemirim;32004;Sul;3205;SUL
3202702;Itaguaçu;ES;Sudeste;320005;Colatina;3203;Colatina;32002;Metropolitana;3207;METROPOLITANA
3202801;Itapemirim;ES;Sudeste;320007;Cachoeiro de Itapemirim;3204;Cachoeiro do Itapemirim;32004;Sul;3205;SUL
3202900;Itarana;ES;Sudeste;320002;Afonso Cláudio - Venda Nova do Imigrante - Santa Maria de Jetibá;3201;Vitória;32002;Metropolitana;3207;METROPOLITANA
3203007;Iúna;ES;Sudeste;320008;Alegre;3204;Cachoeiro do Itapemirim;32004;Sul;3205;SUL
3203056;Jaguaré;ES;Sudeste;320003;São Mateus;3202;São Mateus;32003;Norte;3209;CENTRAL NORTE
3203106;Jerônimo Monteiro;ES;Sudeste;320007;Cachoeiro de Itapemirim;3204;Cachoeiro do Itapemirim;32004;Sul;3205;SUL
3203130;João Neiva;ES;Sudeste;320004;Linhares;3202;São Mateus;32002;Metropolitana;3207;METROPOLITANA
3203163;Laranja da Terra;ES;Sudeste;320002;Afonso Cláudio - Venda Nova do Imigrante - Santa Maria de Jetibá;3201;Vitória;32002;Metropolitana;3207;METROPOLITANA
3203205;Linhares;ES;Sudeste;320004;Linhares;3202;São Mateus;32001;Central;3209;CENTRAL NORTE
3203304;Mantenópolis;ES;Sudeste;320005;Colatina;3203;Colatina;32001;Central;3209;CENTRAL NORTE
3203320;Marataízes;ES;Sudeste;320007;Cachoeiro de Itapemirim;3204;Cachoeiro do Itapemirim;32004;Sul;3205;SUL
3203346;Marechal Floriano;ES;Sudeste;320002;Afonso Cláudio - Venda Nova do Imigrante - Santa Maria de Jetibá;3201;Vitória;32002;Metropolitana;3207;METROPOLITANA
3203353;Marilândia;ES;Sudeste;320005;Colatina;3203;Colatina;32001;Central;3209;CENTRAL NORTE
3203403;Mimoso do Sul;ES;Sudeste;320007;Cachoeiro de Itapemirim;3204;Cachoeiro do Itapemirim;32004;Sul;3205;SUL
3203502;Montanha;ES;Sudeste;320003;São Mateus;3202;São Mateus;32003;Norte;3209;CENTRAL NORTE
3203601;Mucurici;ES;Sudeste;320003;São Mateus;3202;São Mateus;32003;Norte;3209;CENTRAL NORTE
3203700;Muniz Freire;ES;Sudeste;320008;Alegre;3204;Cachoeiro do Itapemirim;32004;Sul;3205;SUL
3203809;Muqui;ES;Sudeste;320007;Cachoeiro de Itapemirim;3204;Cachoeiro do Itapemirim;32004;Sul;3205;SUL
3203908;Nova Venécia;ES;Sudeste;320006;Nova Venécia;3203;Colatina;32003;Norte;3209;CENTRAL NORTE
3204005;Pancas;ES;Sudeste;320005;Colatina;3203;Colatina;32001;Central;3209;CENTRAL NORTE
3204054;Pedro Canário;ES;Sudeste;320003;São Mateus;3202;São Mateus;32003;Norte;3209;CENTRAL NORTE
3204104;Pinheiros;ES;Sudeste;320003;São Mateus;3202;São Mateus;32003;Norte;3209;CENTRAL NORTE
3204203;Piúma;ES;Sudeste;320001;Vitória;3201;Vitória;32004;Sul;3205;SUL
3204252;Ponto Belo;ES;Sudeste;320003;São Mateus;3202;São Mateus;32003;Norte;3209;CENTRAL NORTE
3204302;Presidente Kennedy;ES;Sudeste;320007;Cachoeiro de Itapemirim;3204;Cachoeiro do Itapemirim;32004;Sul;3205;SUL
3204351;Rio Bananal;ES;Sudeste;320004;Linhares;3202;São Mateus;32001;Central;3209;CENTRAL NORTE
3204401;Rio Novo do Sul;ES;Sudeste;320007;Cachoeiro de Itapemirim;3204;Cachoeiro do Itapemirim;32004;Sul;3205;SUL
3204500;Santa Leopoldina;ES;Sudeste;320002;Afonso Cláudio - Venda Nova do Imigrante - Santa Maria de Jetibá;3201;Vitória;32002;Metropolitana;3207;METROPOLITANA
3204559;Santa Maria de Jetibá;ES;Sudeste;320002;Afonso Cláudio - Venda Nova do Imigrante - Santa Maria de Jetibá;3201;Vitória;32002;Metropolitana;3207;METROPOLITANA
3204609;Santa Teresa;ES;Sudeste;320002;Afonso Cláudio - Venda Nova do Imigrante - Santa Maria de Jetibá;3201;Vitória;32002;Metropolitana;3207;METROPOLITANA
3204658;São Domingos do Norte;ES;Sudeste;320005;Colatina;3203;Colatina;32001;Central;3209;CENTRAL NORTE
3204708;São Gabriel da Palha;ES;Sudeste;320005;Colatina;3203;Colatina;32001;Central;3209;CENTRAL NORTE
3204807;São José do Calçado;ES;Sudeste;320008;Alegre;3204;Cachoeiro do Itapemirim;32004;Sul;3205;SUL
3204906;São Mateus;ES;Sudeste;320003;São Mateus;3202;São Mateus;32003;Norte;3209;CENTRAL NORTE
3204955;São Roque do Canaã;ES;Sudeste;320005;Colatina;3203;Colatina;32001;Central;3209;CENTRAL NORTE
3205002;Serra;ES;Sudeste;320001;Vitória;3201;Vitória;32002;Metropolitana;3207;METROPOLITANA
3205010;Sooretama;ES;Sudeste;320004;Linhares;3202;São Mateus;32001;Central;3209;CENTRAL NORTE
3205036;Vargem Alta;ES;Sudeste;320007;Cachoeiro de Itapemirim;3204;Cachoeiro do Itapemirim;32004;Sul;3205;SUL
3205069;Venda Nova do Imigrante;ES;Sudeste;320002;Afonso Cláudio - Venda Nova do Imigrante - Santa Maria de Jetibá;3201;Vitória;32002;Metropolitana;3207;METROPOLITANA
3205101;Viana;ES;Sudeste;320001;Vitória;3201;Vitória;32002;Metropolitana;3207;METROPOLITANA
3205150;Vila Pavão;ES;Sudeste;320006;Nova Venécia;3203;Colatina;32003;Norte;3209;CENTRAL NORTE
3205176;Vila Valério;ES;Sudeste;320005;Colatina;3203;Colatina;32001;Central;3209;CENTRAL NORTE
3205200;Vila Velha;ES;Sudeste;320001;Vitória;3201;Vitória;32002;Metropolitana;3207;METROPOLITANA
3205309;Vitória;ES;Sudeste;320001;Vitória;3201;Vitória;32002;Metropolitana;3207;METROPOLITANA
3300100;Angra dos Reis;RJ;Sudeste;330002;Angra dos Reis;3301;Rio de Janeiro;33001;Baia da Ilha Grande;3312;MACRORREGIAO I
3300159;Aperibé;RJ;Sudeste;330012;Santo Antônio de Pádua;3304;Campos dos Goytacazes;33007;Noroeste;3312;MACRORREGIAO I
3300209;Araruama;RJ;Sudeste;330013;Cabo Frio;3305;Macaé - Rio das Ostras - Cabo Frio;33002;Baixada Litorânea;3312;MACRORREGIAO I
3300225;Areal;RJ;Sudeste;330007;Petrópolis;3303;Petrópolis;33003;Centro-Sul;3312;MACRORREGIAO I
3300233;Armação dos Búzios;RJ;Sudeste;330013;Cabo Frio;3305;Macaé - Rio das Ostras - Cabo Frio;33002;Baixada Litorânea;3312;MACRORREGIAO I
3300258;Arraial do Cabo;RJ;Sudeste;330013;Cabo Frio;3305;Macaé - Rio das Ostras - Cabo Frio;33002;Baixada Litorânea;3312;MACRORREGIAO I
3300308;Barra do Piraí;RJ;Sudeste;330004;Volta Redonda - Barra Mansa;3302;Volta Redonda - Barra Mansa;33004;Médio Paraíba;3312;MACRORREGIAO I
3300407;Barra Mansa;RJ;Sudeste;330004;Volta Redonda - Barra Mansa;3302;Volta Redonda - Barra Mansa;33004;Médio Paraíba;3312;MACRORREGIAO I
3300456;Belford Roxo;RJ;Sudeste;330001;Rio de Janeiro;3301;Rio de Janeiro;33005;Metropolitana I;3312;MACRORREGIAO I
3300506;Bom Jardim;RJ;Sudeste;330008;Nova Friburgo;3303;Petrópolis;33009;Serrana;3312;MACRORREGIAO I
3300605;Bom Jesus do Itabapoana;RJ;Sudeste;330011;Itaperuna;3304;Campos dos Goytacazes;33007;Noroeste;3312;MACRORREGIAO I
3300704;Cabo Frio;RJ;Sudeste;330013;Cabo Frio;3305;Macaé - Rio das Ostras - Cabo Frio;33002;Baixada Litorânea;3312;MACRORREGIAO I
3300803;Cachoeiras de Macacu;RJ;Sudeste;330003;Rio Bonito;3301;Rio de Janeiro;33009;Serrana;3312;MACRORREGIAO I
3300902;Cambuci;RJ;Sudeste;330012;Santo Antônio de Pádua;3304;Campos dos Goytacazes;33007;Noroeste;3312;MACRORREGIAO I
3300936;Carapebus;RJ;Sudeste;330014;Macaé - Rio das Ostras;3305;Macaé - Rio das Ostras - Cabo Frio;33008;Norte;3312;MACRORREGIAO I
3300951;Comendador Levy Gasparian;RJ;Sudeste;330009;Três Rios - Paraíba do Sul;3303;Petrópolis;33003;Centro-Sul;3312;MACRORREGIAO I
3301009;Campos dos Goytacazes;RJ;Sudeste;330010;Campos dos Goytacazes;3304;Campos dos Goytacazes;33008;Norte;3312;MACRORREGIAO I
3301108;Cantagalo;RJ;Sudeste;330008;Nova Friburgo;3303;Petrópolis;33009;Serrana;3312;MACRORREGIAO I
3301157;Cardoso Moreira;RJ;Sudeste;330010;Campos dos Goytacazes;3304;Campos dos Goytacazes;33007;Noroeste;3312;MACRORREGIAO I
3301207;Carmo;RJ;Sudeste;330008;Nova Friburgo;3303;Petrópolis;33009;Serrana;3312;MACRORREGIAO I
3301306;Casimiro de Abreu;RJ;Sudeste;330014;Macaé - Rio das Ostras;3305;Macaé - Rio das Ostras - Cabo Frio;33002;Baixada Litorânea;3312;MACRORREGIAO I
3301405;Conceição de Macabu;RJ;Sudeste;330014;Macaé - Rio das Ostras;3305;Macaé - Rio das Ostras - Cabo Frio;33008;Norte;3312;MACRORREGIAO I
3301504;Cordeiro;RJ;Sudeste;330008;Nova Friburgo;3303;Petrópolis;33009;Serrana;3312;MACRORREGIAO I
3301603;Duas Barras;RJ;Sudeste;330008;Nova Friburgo;3303;Petrópolis;33009;Serrana;3312;MACRORREGIAO I
3301702;Duque de Caxias;RJ;Sudeste;330001;Rio de Janeiro;3301;Rio de Janeiro;33005;Metropolitana I;3312;MACRORREGIAO I
3301801;Engenheiro Paulo de Frontin;RJ;Sudeste;330004;Volta Redonda - Barra Mansa;3302;Volta Redonda - Barra Mansa;33003;Centro-Sul;3312;MACRORREGIAO I
3301850;Guapimirim;RJ;Sudeste;330001;Rio de Janeiro;3301;Rio de Janeiro;33009;Serrana;3312;MACRORREGIAO I
3301876;Iguaba Grande;RJ;Sudeste;330013;Cabo Frio;3305;Macaé - Rio das Ostras - Cabo Frio;33002;Baixada Litorânea;3312;MACRORREGIAO I
3301900;Itaboraí;RJ;Sudeste;330001;Rio de Janeiro;3301;Rio de Janeiro;33006;Metropolitana II;3312;MACRORREGIAO I
3302007;Itaguaí;RJ;Sudeste;330001;Rio de Janeiro;3301;Rio de Janeiro;33005;Metropolitana I;3312;MACRORREGIAO I
3302056;Italva;RJ;Sudeste;330010;Campos dos Goytacazes;3304;Campos dos Goytacazes;33007;Noroeste;3312;MACRORREGIAO I
3302106;Itaocara;RJ;Sudeste;330012;Santo Antônio de Pádua;3304;Campos dos Goytacazes;33007;Noroeste;3312;MACRORREGIAO I
3302205;Itaperuna;RJ;Sudeste;330011;Itaperuna;3304;Campos dos Goytacazes;33007;Noroeste;3312;MACRORREGIAO I
3302254;Itatiaia;RJ;Sudeste;330005;Resende;3302;Volta Redonda - Barra Mansa;33004;Médio Paraíba;3312;MACRORREGIAO I
3302270;Japeri;RJ;Sudeste;330001;Rio de Janeiro;3301;Rio de Janeiro;33005;Metropolitana I;3312;MACRORREGIAO I
3302304;Laje do Muriaé;RJ;Sudeste;330011;Itaperuna;3304;Campos dos Goytacazes;33007;Noroeste;3312;MACRORREGIAO I
3302403;Macaé;RJ;Sudeste;330014;Macaé - Rio das Ostras;3305;Macaé - Rio das Ostras - Cabo Frio;33008;Norte;3312;MACRORREGIAO I
3302452;Macuco;RJ;Sudeste;330008;Nova Friburgo;3303;Petrópolis;33009;Serrana;3312;MACRORREGIAO I
3302502;Magé;RJ;Sudeste;330001;Rio de Janeiro;3301;Rio de Janeiro;33005;Metropolitana I;3312;MACRORREGIAO I
3302601;Mangaratiba;RJ;Sudeste;330001;Rio de Janeiro;3301;Rio de Janeiro;33001;Baia da Ilha Grande;3312;MACRORREGIAO I
3302700;Maricá;RJ;Sudeste;330001;Rio de Janeiro;3301;Rio de Janeiro;33006;Metropolitana II;3312;MACRORREGIAO I
3302809;Mendes;RJ;Sudeste;330004;Volta Redonda - Barra Mansa;3302;Volta Redonda - Barra Mansa;33003;Centro-Sul;3312;MACRORREGIAO I
3302858;Mesquita;RJ;Sudeste;330001;Rio de Janeiro;3301;Rio de Janeiro;33005;Metropolitana I;3312;MACRORREGIAO I
3302908;Miguel Pereira;RJ;Sudeste;330006;Valença;3302;Volta Redonda - Barra Mansa;33003;Centro-Sul;3312;MACRORREGIAO I
3303005;Miracema;RJ;Sudeste;330012;Santo Antônio de Pádua;3304;Campos dos Goytacazes;33007;Noroeste;3312;MACRORREGIAO I
3303104;Natividade;RJ;Sudeste;330011;Itaperuna;3304;Campos dos Goytacazes;33007;Noroeste;3312;MACRORREGIAO I
3303203;Nilópolis;RJ;Sudeste;330001;Rio de Janeiro;3301;Rio de Janeiro;33005;Metropolitana I;3312;MACRORREGIAO I
3303302;Niterói;RJ;Sudeste;330001;Rio de Janeiro;3301;Rio de Janeiro;33006;Metropolitana II;3312;MACRORREGIAO I
3303401;Nova Friburgo;RJ;Sudeste;330008;Nova Friburgo;3303;Petrópolis;33009;Serrana;3312;MACRORREGIAO I
3303500;Nova Iguaçu;RJ;Sudeste;330001;Rio de Janeiro;3301;Rio de Janeiro;33005;Metropolitana I;3312;MACRORREGIAO I
3303609;Paracambi;RJ;Sudeste;330001;Rio de Janeiro;3301;Rio de Janeiro;33003;Centro-Sul;3312;MACRORREGIAO I
3303708;Paraíba do Sul;RJ;Sudeste;330009;Três Rios - Paraíba do Sul;3303;Petrópolis;33003;Centro-Sul;3312;MACRORREGIAO I
3303807;Paraty;RJ;Sudeste;330002;Angra dos Reis;3301;Rio de Janeiro;33001;Baia da Ilha Grande;3312;MACRORREGIAO I
3303856;Paty do Alferes;RJ;Sudeste;330006;Valença;3302;Volta Redonda - Barra Mansa;33003;Centro-Sul;3312;MACRORREGIAO I
3303906;Petrópolis;RJ;Sudeste;330007;Petrópolis;3303;Petrópolis;33009;Serrana;3312;MACRORREGIAO I
3303955;Pinheiral;RJ;Sudeste;330004;Volta Redonda - Barra Mansa;3302;Volta Redonda - Barra Mansa;33004;Médio Paraíba;3312;MACRORREGIAO I
3304003;Piraí;RJ;Sudeste;330004;Volta Redonda - Barra Mansa;3302;Volta Redonda - Barra Mansa;33004;Médio Paraíba;3312;MACRORREGIAO I
3304102;Porciúncula;RJ;Sudeste;330011;Itaperuna;3304;Campos dos Goytacazes;33007;Noroeste;3312;MACRORREGIAO I
3304110;Porto Real;RJ;Sudeste;330005;Resende;3302;Volta Redonda - Barra Mansa;33004;Médio Paraíba;3312;MACRORREGIAO I
3304128;Quatis;RJ;Sudeste;330005;Resende;3302;Volta Redonda - Barra Mansa;33004;Médio Paraíba;3312;MACRORREGIAO I
3304144;Queimados;RJ;Sudeste;330001;Rio de Janeiro;3301;Rio de Janeiro;33005;Metropolitana I;3312;MACRORREGIAO I
3304151;Quissamã;RJ;Sudeste;330014;Macaé - Rio das Ostras;3305;Macaé - Rio das Ostras - Cabo Frio;33008;Norte;3312;MACRORREGIAO I
3304201;Resende;RJ;Sudeste;330005;Resende;3302;Volta Redonda - Barra Mansa;33004;Médio Paraíba;3312;MACRORREGIAO I
3304300;Rio Bonito;RJ;Sudeste;330003;Rio Bonito;3301;Rio de Janeiro;33006;Metropolitana II;3312;MACRORREGIAO I
3304409;Rio Claro;RJ;Sudeste;330004;Volta Redonda - Barra Mansa;3302;Volta Redonda - Barra Mansa;33004;Médio Paraíba;3312;MACRORREGIAO I
3304508;Rio das Flores;RJ;Sudeste;330006;Valença;3302;Volta Redonda - Barra Mansa;33004;Médio Paraíba;3312;MACRORREGIAO I
3304524;Rio das Ostras;RJ;Sudeste;330014;Macaé - Rio das Ostras;3305;Macaé - Rio das Ostras - Cabo Frio;33002;Baixada Litorânea;3312;MACRORREGIAO I
3304557;Rio de Janeiro;RJ;Sudeste;330001;Rio de Janeiro;3301;Rio de Janeiro;33005;Metropolitana I;3312;MACRORREGIAO I
3304607;Santa Maria Madalena;RJ;Sudeste;330008;Nova Friburgo;3303;Petrópolis;33009;Serrana;3312;MACRORREGIAO I
3304706;Santo Antônio de Pádua;RJ;Sudeste;330012;Santo Antônio de Pádua;3304;Campos dos Goytacazes;33007;Noroeste;3312;MACRORREGIAO I
3304755;São Francisco de Itabapoana;RJ;Sudeste;330010;Campos dos Goytacazes;3304;Campos dos Goytacazes;33008;Norte;3312;MACRORREGIAO I
3304805;São Fidélis;RJ;Sudeste;330010;Campos dos Goytacazes;3304;Campos dos Goytacazes;33008;Norte;3312;MACRORREGIAO I
3304904;São Gonçalo;RJ;Sudeste;330001;Rio de Janeiro;3301;Rio de Janeiro;33006;Metropolitana II;3312;MACRORREGIAO I
3305000;São João da Barra;RJ;Sudeste;330010;Campos dos Goytacazes;3304;Campos dos Goytacazes;33008;Norte;3312;MACRORREGIAO I
3305109;São João de Meriti;RJ;Sudeste;330001;Rio de Janeiro;3301;Rio de Janeiro;33005;Metropolitana I;3312;MACRORREGIAO I
3305133;São José de Ubá;RJ;Sudeste;330011;Itaperuna;3304;Campos dos Goytacazes;33007;Noroeste;3312;MACRORREGIAO I
3305158;São José do Vale do Rio Preto;RJ;Sudeste;330007;Petrópolis;3303;Petrópolis;33009;Serrana;3312;MACRORREGIAO I
3305208;São Pedro da Aldeia;RJ;Sudeste;330013;Cabo Frio;3305;Macaé - Rio das Ostras - Cabo Frio;33002;Baixada Litorânea;3312;MACRORREGIAO I
3305307;São Sebastião do Alto;RJ;Sudeste;330008;Nova Friburgo;3303;Petrópolis;33009;Serrana;3312;MACRORREGIAO I
3305406;Sapucaia;RJ;Sudeste;330009;Três Rios - Paraíba do Sul;3303;Petrópolis;33003;Centro-Sul;3312;MACRORREGIAO I
3305505;Saquarema;RJ;Sudeste;330001;Rio de Janeiro;3301;Rio de Janeiro;33002;Baixada Litorânea;3312;MACRORREGIAO I
3305554;Seropédica;RJ;Sudeste;330001;Rio de Janeiro;3301;Rio de Janeiro;33005;Metropolitana I;3312;MACRORREGIAO I
3305604;Silva Jardim;RJ;Sudeste;330003;Rio Bonito;3301;Rio de Janeiro;33006;Metropolitana II;3312;MACRORREGIAO I
3305703;Sumidouro;RJ;Sudeste;330008;Nova Friburgo;3303;Petrópolis;33009;Serrana;3312;MACRORREGIAO I
3305752;Tanguá;RJ;Sudeste;330001;Rio de Janeiro;3301;Rio de Janeiro;33006;Metropolitana II;3312;MACRORREGIAO I
3305802;Teresópolis;RJ;Sudeste;330007;Petrópolis;3303;Petrópolis;33009;Serrana;3312;MACRORREGIAO I
3305901;Trajano de Moraes;RJ;Sudeste;330008;Nova Friburgo;3303;Petrópolis;33009;Serrana;3312;MACRORREGIAO I
3306008;Três Rios;RJ;Sudeste;330009;Três Rios - Paraíba do Sul;3303;Petrópolis;33003;Centro-Sul;3312;MACRORREGIAO I
3306107;Valença;RJ;Sudeste;330006;Valença;3302;Volta Redonda - Barra Mansa;33004;Médio Paraíba;3312;MACRORREGIAO I
3306156;Varre-Sai;RJ;Sudeste;330011;Itaperuna;3304;Campos dos Goytacazes;33007;Noroeste;3312;MACRORREGIAO I
3306206;Vassouras;RJ;Sudeste;330006;Valença;3302;Volta Redonda - Barra Mansa;33003;Centro-Sul;3312;MACRORREGIAO I
3306305;Volta Redonda;RJ;Sudeste;330004;Volta Redonda - Barra Mansa;3302;Volta Redonda - Barra Mansa;33004;Médio Paraíba;3312;MACRORREGIAO I
3500105;Adamantina;SP;Sudeste;350019;Adamantina - Lucélia;3505;Presidente Prudente;35091;Adamantina;3533;RRAS10
3500204;Adolfo;SP;Sudeste;350025;São José do Rio Preto;3507;São José do Rio Preto;35156;José Bonifácio;3531;RRAS12
3500303;Aguaí;SP;Sudeste;350044;São João da Boa Vista;3510;Campinas;35142;Mantiqueira;3528;RRAS15
3500402;Águas da Prata;SP;Sudeste;350044;São João da Boa Vista;3510;Campinas;35142;Mantiqueira;3528;RRAS15
3500501;Águas de Lindóia;SP;Sudeste;350048;Amparo;3510;Campinas;35074;Circuito das Águas;3528;RRAS15
3500550;Águas de Santa Bárbara;SP;Sudeste;350007;Avaré;3502;Sorocaba;35061;Vale do Jurumirim;3518;RRAS9
3500600;Águas de São Pedro;SP;Sudeste;350040;Piracicaba;3510;Campinas;35103;Piracicaba;3529;RRAS14
3500709;Agudos;SP;Sudeste;350009;Bauru;3503;Bauru;35062;Bauru;3518;RRAS9
3500758;Alambari;SP;Sudeste;350006;Itapetininga;3502;Sorocaba;35161;Itapetininga;3519;RRAS8
3500808;Alfredo Marcondes;SP;Sudeste;350018;Presidente Prudente;3505;Presidente Prudente;35112;Alta Sorocabana;3532;RRAS11
3500907;Altair;SP;Sudeste;350025;São José do Rio Preto;3507;São José do Rio Preto;35051;Norte - Barretos;3530;RRAS13
3501004;Altinópolis;SP;Sudeste;350031;Ribeirão Preto;3508;Ribeirão Preto;35133;Vale das Cachoeiras;3530;RRAS13
3501103;Alto Alegre;SP;Sudeste;350023;Birigui - Penápolis;3506;Araçatuba;35023;Consórcios do DRS II;3536;RRAS19
3501152;Alumínio;SP;Sudeste;350003;Sorocaba;3502;Sorocaba;35163;Sorocaba;3519;RRAS8
3501202;Álvares Florence;SP;Sudeste;350027;Votuporanga;3507;São José do Rio Preto;35157;Votuporanga;3531;RRAS12
3501301;Álvares Machado;SP;Sudeste;350018;Presidente Prudente;3505;Presidente Prudente;35112;Alta Sorocabana;3532;RRAS11
3501400;Álvaro de Carvalho;SP;Sudeste;350013;Marília;3504;Marília;35093;Marília;3533;RRAS10
3501509;Alvinlândia;SP;Sudeste;350013;Marília;3504;Marília;35093;Marília;3533;RRAS10
3501608;Americana;SP;Sudeste;350038;Campinas;3510;Campinas;35072;Região Metropolitana de Campinas;3528;RRAS15
3501707;Américo Brasiliense;SP;Sudeste;350036;Araraquara;3509;Araraquara;35031;Central do DRS III;3535;RRAS18
3501806;Américo de Campos;SP;Sudeste;350027;Votuporanga;3507;São José do Rio Preto;35157;Votuporanga;3531;RRAS12
3501905;Amparo;SP;Sudeste;350048;Amparo;3510;Campinas;35074;Circuito das Águas;3528;RRAS15
3502002;Analândia;SP;Sudeste;350046;Rio Claro;3510;Campinas;35104;Rio Claro;3529;RRAS14
3502101;Andradina;SP;Sudeste;350024;Andradina;3506;Araçatuba;35022;Lagos do DRS II;3536;RRAS19
3502200;Angatuba;SP;Sudeste;350006;Itapetininga;3502;Sorocaba;35161;Itapetininga;3519;RRAS8
3502309;Anhembi;SP;Sudeste;350011;Botucatu;3503;Bauru;35063;Polo Cuesta;3518;RRAS9
3502408;Anhumas;SP;Sudeste;350018;Presidente Prudente;3505;Presidente Prudente;35112;Alta Sorocabana;3532;RRAS11
3502507;Aparecida;SP;Sudeste;350052;Guaratinguetá;3511;São José dos Campos;35172;Circuito da Fé e Vale Histórico;3526;RRAS17
3502606;Aparecida d'Oeste;SP;Sudeste;350028;Jales;3507;São José do Rio Preto;35153;Jales;3531;RRAS12
3502705;Apiaí;SP;Sudeste;350004;Itapeva;3502;Sorocaba;35162;Itapeva;3519;RRAS8
3502754;Araçariguama;SP;Sudeste;350003;Sorocaba;3502;Sorocaba;35163;Sorocaba;3519;RRAS8
3502804;Araçatuba;SP;Sudeste;350022;Araçatuba;3506;Araçatuba;35021;Central do DRS II;3536;RRAS19
3502903;Araçoiaba da Serra;SP;Sudeste;350003;Sorocaba;3502;Sorocaba;35163;Sorocaba;3519;RRAS8
3503000;Aramina;SP;Sudeste;350035;Ituverava;3508;Ribeirão Preto;35083;Alta Mogiana;3530;RRAS13
3503109;Arandu;SP;Sudeste;350007;Avaré;3502;Sorocaba;35061;Vale do Jurumirim;3518;RRAS9
3503158;Arapeí;SP;Sudeste;350053;Cruzeiro;3511;São José dos Campos;35172;Circuito da Fé e Vale Histórico;3526;RRAS17
3503208;Araraquara;SP;Sudeste;350036;Araraquara;3509;Araraquara;35031;Central do DRS III;3535;RRAS18
3503307;Araras;SP;Sudeste;350045;Araras;3510;Campinas;35101;Araras;3529;RRAS14
3503356;Arco-Íris;SP;Sudeste;350016;Tupã;3504;Marília;35095;Tupã;3533;RRAS10
3503406;Arealva;SP;Sudeste;350009;Bauru;3503;Bauru;35062;Bauru;3518;RRAS9
3503505;Areias;SP;Sudeste;350053;Cruzeiro;3511;São José dos Campos;35172;Circuito da Fé e Vale Histórico;3526;RRAS17
3503604;Areiópolis;SP;Sudeste;350011;Botucatu;3503;Bauru;35063;Polo Cuesta;3518;RRAS9
3503703;Ariranha;SP;Sudeste;350026;Catanduva;3507;São José do Rio Preto;35151;Catanduva;3531;RRAS12
3503802;Artur Nogueira;SP;Sudeste;350038;Campinas;3510;Campinas;35072;Região Metropolitana de Campinas;3528;RRAS15
3503901;Arujá;SP;Sudeste;350001;São Paulo;3501;São Paulo;35011;Alto do Tietê;3525;RRAS2
3503950;Aspásia;SP;Sudeste;350028;Jales;3507;São José do Rio Preto;35153;Jales;3531;RRAS12
3504008;Assis;SP;Sudeste;350014;Assis;3504;Marília;35092;Assis;3533;RRAS10
3504107;Atibaia;SP;Sudeste;350041;Bragança Paulista;3510;Campinas;35071;Bragança;3527;RRAS16
3504206;Auriflama;SP;Sudeste;350022;Araçatuba;3506;Araçatuba;35021;Central do DRS II;3536;RRAS19
3504305;Avaí;SP;Sudeste;350009;Bauru;3503;Bauru;35062;Bauru;3518;RRAS9
3504404;Avanhandava;SP;Sudeste;350023;Birigui - Penápolis;3506;Araçatuba;35023;Consórcios do DRS II;3536;RRAS19
3504503;Avaré;SP;Sudeste;350007;Avaré;3502;Sorocaba;35061;Vale do Jurumirim;3518;RRAS9
3504602;Bady Bassitt;SP;Sudeste;350025;São José do Rio Preto;3507;São José do Rio Preto;35155;São José do Rio Preto;3531;RRAS12
3504701;Balbinos;SP;Sudeste;350009;Bauru;3503;Bauru;35062;Bauru;3518;RRAS9
3504800;Bálsamo;SP;Sudeste;350025;São José do Rio Preto;3507;São José do Rio Preto;35155;São José do Rio Preto;3531;RRAS12
3504909;Bananal;SP;Sudeste;350053;Cruzeiro;3511;São José dos Campos;35172;Circuito da Fé e Vale Histórico;3526;RRAS17
3505005;Barão de Antonina;SP;Sudeste;350004;Itapeva;3502;Sorocaba;35061;Vale do Jurumirim;3518;RRAS9
3505104;Barbosa;SP;Sudeste;350023;Birigui - Penápolis;3506;Araçatuba;35023;Consórcios do DRS II;3536;RRAS19
3505203;Bariri;SP;Sudeste;350010;Jaú;3503;Bauru;35064;Jaú;3518;RRAS9
3505302;Barra Bonita;SP;Sudeste;350010;Jaú;3503;Bauru;35064;Jaú;3518;RRAS9
3505351;Barra do Chapéu;SP;Sudeste;350004;Itapeva;3502;Sorocaba;35162;Itapeva;3519;RRAS8
3505401;Barra do Turvo;SP;Sudeste;350005;Registro;3502;Sorocaba;35121;Vale do Ribeira;3520;RRAS7
3505500;Barretos;SP;Sudeste;350032;Barretos;3508;Ribeirão Preto;35051;Norte - Barretos;3530;RRAS13
3505609;Barrinha;SP;Sudeste;350031;Ribeirão Preto;3508;Ribeirão Preto;35131;Horizonte Verde;3530;RRAS13
3505708;Barueri;SP;Sudeste;350001;São Paulo;3501;São Paulo;35014;Rota dos Bandeirantes;3522;RRAS5
3505807;Bastos;SP;Sudeste;350016;Tupã;3504;Marília;35095;Tupã;3533;RRAS10
3505906;Batatais;SP;Sudeste;350031;Ribeirão Preto;3508;Ribeirão Preto;35133;Vale das Cachoeiras;3530;RRAS13
3506003;Bauru;SP;Sudeste;350009;Bauru;3503;Bauru;35062;Bauru;3518;RRAS9
3506102;Bebedouro;SP;Sudeste;350032;Barretos;3508;Ribeirão Preto;35052;Sul - Barretos;3530;RRAS13
3506201;Bento de Abreu;SP;Sudeste;350022;Araçatuba;3506;Araçatuba;35021;Central do DRS II;3536;RRAS19
3506300;Bernardino de Campos;SP;Sudeste;350015;Ourinhos;3504;Marília;35094;Ourinhos;3533;RRAS10
3506359;Bertioga;SP;Sudeste;350002;Santos;3501;São Paulo;35041;Baixada Santista;3520;RRAS7
3506409;Bilac;SP;Sudeste;350023;Birigui - Penápolis;3506;Araçatuba;35021;Central do DRS II;3536;RRAS19
3506508;Birigui;SP;Sudeste;350023;Birigui - Penápolis;3506;Araçatuba;35023;Consórcios do DRS II;3536;RRAS19
3506607;Biritiba Mirim;SP;Sudeste;350001;São Paulo;3501;São Paulo;35011;Alto do Tietê;3525;RRAS2
3506706;Boa Esperança do Sul;SP;Sudeste;350036;Araraquara;3509;Araraquara;35031;Central do DRS III;3535;RRAS18
3506805;Bocaina;SP;Sudeste;350010;Jaú;3503;Bauru;35064;Jaú;3518;RRAS9
3506904;Bofete;SP;Sudeste;350011;Botucatu;3503;Bauru;35063;Polo Cuesta;3518;RRAS9
3507001;Boituva;SP;Sudeste;350003;Sorocaba;3502;Sorocaba;35163;Sorocaba;3519;RRAS8
3507100;Bom Jesus dos Perdões;SP;Sudeste;350041;Bragança Paulista;3510;Campinas;35071;Bragança;3527;RRAS16
3507159;Bom Sucesso de Itararé;SP;Sudeste;350004;Itapeva;3502;Sorocaba;35162;Itapeva;3519;RRAS8
3507209;Borá;SP;Sudeste;350014;Assis;3504;Marília;35092;Assis;3533;RRAS10
3507308;Boracéia;SP;Sudeste;350010;Jaú;3503;Bauru;35064;Jaú;3518;RRAS9
3507407;Borborema;SP;Sudeste;350036;Araraquara;3509;Araraquara;35033;Noroeste do DRS III;3535;RRAS18
3507456;Borebi;SP;Sudeste;350009;Bauru;3503;Bauru;35062;Bauru;3518;RRAS9
3507506;Botucatu;SP;Sudeste;350011;Botucatu;3503;Bauru;35063;Polo Cuesta;3518;RRAS9
3507605;Bragança Paulista;SP;Sudeste;350041;Bragança Paulista;3510;Campinas;35071;Bragança;3527;RRAS16
3507704;Braúna;SP;Sudeste;350023;Birigui - Penápolis;3506;Araçatuba;35023;Consórcios do DRS II;3536;RRAS19
3507753;Brejo Alegre;SP;Sudeste;350023;Birigui - Penápolis;3506;Araçatuba;35023;Consórcios do DRS II;3536;RRAS19
3507803;Brodowski;SP;Sudeste;350031;Ribeirão Preto;3508;Ribeirão Preto;35133;Vale das Cachoeiras;3530;RRAS13
3507902;Brotas;SP;Sudeste;350010;Jaú;3503;Bauru;35064;Jaú;3518;RRAS9
3508009;Buri;SP;Sudeste;350004;Itapeva;3502;Sorocaba;35162;Itapeva;3519;RRAS8
3508108;Buritama;SP;Sudeste;350023;Birigui - Penápolis;3506;Araçatuba;35023;Consórcios do DRS II;3536;RRAS19
3508207;Buritizal;SP;Sudeste;350035;Ituverava;3508;Ribeirão Preto;35083;Alta Mogiana;3530;RRAS13
3508306;Cabrália Paulista;SP;Sudeste;350009;Bauru;3503;Bauru;35062;Bauru;3518;RRAS9
3508405;Cabreúva;SP;Sudeste;350039;Jundiaí;3510;Campinas;35073;Jundiaí;3527;RRAS16
3508504;Caçapava;SP;Sudeste;350049;São José dos Campos;3511;São José dos Campos;35171;Alto Vale do Paraíba;3526;RRAS17
3508603;Cachoeira Paulista;SP;Sudeste;350053;Cruzeiro;3511;São José dos Campos;35172;Circuito da Fé e Vale Histórico;3526;RRAS17
3508702;Caconde;SP;Sudeste;350047;São José do Rio Pardo - Mococa;3510;Campinas;35143;Rio Pardo;3528;RRAS15
3508801;Cafelândia;SP;Sudeste;350012;Lins;3503;Bauru;35065;Lins;3518;RRAS9
3508900;Caiabu;SP;Sudeste;350018;Presidente Prudente;3505;Presidente Prudente;35112;Alta Sorocabana;3532;RRAS11
3509007;Caieiras;SP;Sudeste;350001;São Paulo;3501;São Paulo;35012;Franco da Rocha;3524;RRAS3
3509106;Caiuá;SP;Sudeste;350021;Presidente Epitácio-Presidente Venceslau;3505;Presidente Prudente;35114;Extremo Oeste Paulista;3532;RRAS11
3509205;Cajamar;SP;Sudeste;350001;São Paulo;3501;São Paulo;35012;Franco da Rocha;3524;RRAS3
3509254;Cajati;SP;Sudeste;350005;Registro;3502;Sorocaba;35121;Vale do Ribeira;3520;RRAS7
3509304;Cajobi;SP;Sudeste;350032;Barretos;3508;Ribeirão Preto;35051;Norte - Barretos;3530;RRAS13
3509403;Cajuru;SP;Sudeste;350031;Ribeirão Preto;3508;Ribeirão Preto;35133;Vale das Cachoeiras;3530;RRAS13
3509452;Campina do Monte Alegre;SP;Sudeste;350006;Itapetininga;3502;Sorocaba;35161;Itapetininga;3519;RRAS8
3509502;Campinas;SP;Sudeste;350038;Campinas;3510;Campinas;35072;Região Metropolitana de Campinas;3528;RRAS15
3509601;Campo Limpo Paulista;SP;Sudeste;350039;Jundiaí;3510;Campinas;35073;Jundiaí;3527;RRAS16
3509700;Campos do Jordão;SP;Sudeste;350050;Taubaté - Pindamonhangaba;3511;São José dos Campos;35174;Vale do Paraíba/Região Serrana;3526;RRAS17
3509809;Campos Novos Paulista;SP;Sudeste;350013;Marília;3504;Marília;35093;Marília;3533;RRAS10
3509908;Cananéia;SP;Sudeste;350005;Registro;3502;Sorocaba;35121;Vale do Ribeira;3520;RRAS7
3509957;Canas;SP;Sudeste;350052;Guaratinguetá;3511;São José dos Campos;35172;Circuito da Fé e Vale Histórico;3526;RRAS17
3510005;Cândido Mota;SP;Sudeste;350014;Assis;3504;Marília;35092;Assis;3533;RRAS10
3510104;Cândido Rodrigues;SP;Sudeste;350036;Araraquara;3509;Araraquara;35033;Noroeste do DRS III;3535;RRAS18
3510153;Canitar;SP;Sudeste;350015;Ourinhos;3504;Marília;35094;Ourinhos;3533;RRAS10
3510203;Capão Bonito;SP;Sudeste;350004;Itapeva;3502;Sorocaba;35161;Itapetininga;3519;RRAS8
3510302;Capela do Alto;SP;Sudeste;350003;Sorocaba;3502;Sorocaba;35163;Sorocaba;3519;RRAS8
3510401;Capivari;SP;Sudeste;350040;Piracicaba;3510;Campinas;35103;Piracicaba;3529;RRAS14
3510500;Caraguatatuba;SP;Sudeste;350051;Caraguatatuba - Ubatuba - São Sebastião;3511;São José dos Campos;35173;Litoral Norte;3526;RRAS17
3510609;Carapicuíba;SP;Sudeste;350001;São Paulo;3501;São Paulo;35014;Rota dos Bandeirantes;3522;RRAS5
3510708;Cardoso;SP;Sudeste;350027;Votuporanga;3507;São José do Rio Preto;35157;Votuporanga;3531;RRAS12
3510807;Casa Branca;SP;Sudeste;350044;São João da Boa Vista;3510;Campinas;35143;Rio Pardo;3528;RRAS15
3510906;Cássia dos Coqueiros;SP;Sudeste;350031;Ribeirão Preto;3508;Ribeirão Preto;35133;Vale das Cachoeiras;3530;RRAS13
3511003;Castilho;SP;Sudeste;350024;Andradina;3506;Araçatuba;35022;Lagos do DRS II;3536;RRAS19
3511102;Catanduva;SP;Sudeste;350026;Catanduva;3507;São José do Rio Preto;35151;Catanduva;3531;RRAS12
3511201;Catiguá;SP;Sudeste;350026;Catanduva;3507;São José do Rio Preto;35151;Catanduva;3531;RRAS12
3511300;Cedral;SP;Sudeste;350025;São José do Rio Preto;3507;São José do Rio Preto;35155;São José do Rio Preto;3531;RRAS12
3511409;Cerqueira César;SP;Sudeste;350007;Avaré;3502;Sorocaba;35061;Vale do Jurumirim;3518;RRAS9
3511508;Cerquilho;SP;Sudeste;350003;Sorocaba;3502;Sorocaba;35161;Itapetininga;3519;RRAS8
3511607;Cesário Lange;SP;Sudeste;350008;Tatuí;3502;Sorocaba;35161;Itapetininga;3519;RRAS8
3511706;Charqueada;SP;Sudeste;350040;Piracicaba;3510;Campinas;35103;Piracicaba;3529;RRAS14
3511904;Clementina;SP;Sudeste;350023;Birigui - Penápolis;3506;Araçatuba;35023;Consórcios do DRS II;3536;RRAS19
3512001;Colina;SP;Sudeste;350032;Barretos;3508;Ribeirão Preto;35051;Norte - Barretos;3530;RRAS13
3512100;Colômbia;SP;Sudeste;350032;Barretos;3508;Ribeirão Preto;35051;Norte - Barretos;3530;RRAS13
3512209;Conchal;SP;Sudeste;350045;Araras;3510;Campinas;35101;Araras;3529;RRAS14
3512308;Conchas;SP;Sudeste;350011;Botucatu;3503;Bauru;35063;Polo Cuesta;3518;RRAS9
3512407;Cordeirópolis;SP;Sudeste;350042;Limeira;3510;Campinas;35102;Limeira;3529;RRAS14
3512506;Coroados;SP;Sudeste;350023;Birigui - Penápolis;3506;Araçatuba;35023;Consórcios do DRS II;3536;RRAS19
3512605;Coronel Macedo;SP;Sudeste;350007;Avaré;3502;Sorocaba;35061;Vale do Jurumirim;3518;RRAS9
3512704;Corumbataí;SP;Sudeste;350046;Rio Claro;3510;Campinas;35104;Rio Claro;3529;RRAS14
3512803;Cosmópolis;SP;Sudeste;350038;Campinas;3510;Campinas;35072;Região Metropolitana de Campinas;3528;RRAS15
3512902;Cosmorama;SP;Sudeste;350027;Votuporanga;3507;São José do Rio Preto;35157;Votuporanga;3531;RRAS12
3513009;Cotia;SP;Sudeste;350001;São Paulo;3501;São Paulo;35013;Mananciais;3523;RRAS4
3513108;Cravinhos;SP;Sudeste;350031;Ribeirão Preto;3508;Ribeirão Preto;35132;Aquífero Guarani;3530;RRAS13
3513207;Cristais Paulista;SP;Sudeste;350033;Franca;3508;Ribeirão Preto;35081;Três Colinas;3530;RRAS13
3513306;Cruzália;SP;Sudeste;350014;Assis;3504;Marília;35092;Assis;3533;RRAS10
3513405;Cruzeiro;SP;Sudeste;350053;Cruzeiro;3511;São José dos Campos;35172;Circuito da Fé e Vale Histórico;3526;RRAS17
3513504;Cubatão;SP;Sudeste;350002;Santos;3501;São Paulo;35041;Baixada Santista;3520;RRAS7
3513603;Cunha;SP;Sudeste;350052;Guaratinguetá;3511;São José dos Campos;35172;Circuito da Fé e Vale Histórico;3526;RRAS17
3513702;Descalvado;SP;Sudeste;350037;São Carlos;3509;Araraquara;35032;Coração do DRS III;3535;RRAS18
3513801;Diadema;SP;Sudeste;350001;São Paulo;3501;São Paulo;35015;Grande ABC;3534;RRAS1
3513850;Dirce Reis;SP;Sudeste;350028;Jales;3507;São José do Rio Preto;35153;Jales;3531;RRAS12
3513900;Divinolândia;SP;Sudeste;350047;São José do Rio Pardo - Mococa;3510;Campinas;35143;Rio Pardo;3528;RRAS15
3514007;Dobrada;SP;Sudeste;350036;Araraquara;3509;Araraquara;35033;Noroeste do DRS III;3535;RRAS18
3514106;Dois Córregos;SP;Sudeste;350010;Jaú;3503;Bauru;35064;Jaú;3518;RRAS9
3514205;Dolcinópolis;SP;Sudeste;350028;Jales;3507;São José do Rio Preto;35153;Jales;3531;RRAS12
3514304;Dourado;SP;Sudeste;350037;São Carlos;3509;Araraquara;35032;Coração do DRS III;3535;RRAS18
3514403;Dracena;SP;Sudeste;350020;Dracena;3505;Presidente Prudente;35111;Alta Paulista;3532;RRAS11
3514502;Duartina;SP;Sudeste;350009;Bauru;3503;Bauru;35062;Bauru;3518;RRAS9
3514601;Dumont;SP;Sudeste;350031;Ribeirão Preto;3508;Ribeirão Preto;35131;Horizonte Verde;3530;RRAS13
3514700;Echaporã;SP;Sudeste;350013;Marília;3504;Marília;35093;Marília;3533;RRAS10
3514809;Eldorado;SP;Sudeste;350005;Registro;3502;Sorocaba;35121;Vale do Ribeira;3520;RRAS7
3514908;Elias Fausto;SP;Sudeste;350038;Campinas;3510;Campinas;35103;Piracicaba;3529;RRAS14
3514924;Elisiário;SP;Sudeste;350026;Catanduva;3507;São José do Rio Preto;35151;Catanduva;3531;RRAS12
3514957;Embaúba;SP;Sudeste;350026;Catanduva;3507;São José do Rio Preto;35151;Catanduva;3531;RRAS12
3515004;Embu das Artes;SP;Sudeste;350001;São Paulo;3501;São Paulo;35013;Mananciais;3523;RRAS4
3515103;Embu-Guaçu;SP;Sudeste;350001;São Paulo;3501;São Paulo;35013;Mananciais;3523;RRAS4
3515129;Emilianópolis;SP;Sudeste;350018;Presidente Prudente;3505;Presidente Prudente;35112;Alta Sorocabana;3532;RRAS11
3515152;Engenheiro Coelho;SP;Sudeste;350042;Limeira;3510;Campinas;35102;Limeira;3529;RRAS14
3515186;Espírito Santo do Pinhal;SP;Sudeste;350044;São João da Boa Vista;3510;Campinas;35142;Mantiqueira;3528;RRAS15
3515194;Espírito Santo do Turvo;SP;Sudeste;350015;Ourinhos;3504;Marília;35094;Ourinhos;3533;RRAS10
3515202;Estrela d'Oeste;SP;Sudeste;350029;Fernandópolis;3507;São José do Rio Preto;35154;Fernandópolis;3531;RRAS12
3515301;Estrela do Norte;SP;Sudeste;350018;Presidente Prudente;3505;Presidente Prudente;35112;Alta Sorocabana;3532;RRAS11
3515350;Euclides da Cunha Paulista;SP;Sudeste;350018;Presidente Prudente;3505;Presidente Prudente;35115;Pontal do Paranapanema;3532;RRAS11
3515400;Fartura;SP;Sudeste;350017;Piraju;3504;Marília;35061;Vale do Jurumirim;3518;RRAS9
3515509;Fernandópolis;SP;Sudeste;350029;Fernandópolis;3507;São José do Rio Preto;35154;Fernandópolis;3531;RRAS12
3515608;Fernando Prestes;SP;Sudeste;350026;Catanduva;3507;São José do Rio Preto;35151;Catanduva;3531;RRAS12
3515657;Fernão;SP;Sudeste;350013;Marília;3504;Marília;35093;Marília;3533;RRAS10
3515707;Ferraz de Vasconcelos;SP;Sudeste;350001;São Paulo;3501;São Paulo;35011;Alto do Tietê;3525;RRAS2
3515806;Flora Rica;SP;Sudeste;350020;Dracena;3505;Presidente Prudente;35111;Alta Paulista;3532;RRAS11
3515905;Floreal;SP;Sudeste;350027;Votuporanga;3507;São José do Rio Preto;35157;Votuporanga;3531;RRAS12
3516002;Flórida Paulista;SP;Sudeste;350019;Adamantina - Lucélia;3505;Presidente Prudente;35091;Adamantina;3533;RRAS10
3516101;Florínea;SP;Sudeste;350014;Assis;3504;Marília;35092;Assis;3533;RRAS10
3516200;Franca;SP;Sudeste;350033;Franca;3508;Ribeirão Preto;35081;Três Colinas;3530;RRAS13
3516309;Francisco Morato;SP;Sudeste;350001;São Paulo;3501;São Paulo;35012;Franco da Rocha;3524;RRAS3
3516408;Franco da Rocha;SP;Sudeste;350001;São Paulo;3501;São Paulo;35012;Franco da Rocha;3524;RRAS3
3516507;Gabriel Monteiro;SP;Sudeste;350023;Birigui - Penápolis;3506;Araçatuba;35023;Consórcios do DRS II;3536;RRAS19
3516606;Gália;SP;Sudeste;350013;Marília;3504;Marília;35093;Marília;3533;RRAS10
3516705;Garça;SP;Sudeste;350013;Marília;3504;Marília;35093;Marília;3533;RRAS10
3516804;Gastão Vidigal;SP;Sudeste;350022;Araçatuba;3506;Araçatuba;35157;Votuporanga;3531;RRAS12
3516853;Gavião Peixoto;SP;Sudeste;350036;Araraquara;3509;Araraquara;35031;Central do DRS III;3535;RRAS18
3516903;General Salgado;SP;Sudeste;350022;Araçatuba;3506;Araçatuba;35157;Votuporanga;3531;RRAS12
3517000;Getulina;SP;Sudeste;350013;Marília;3504;Marília;35065;Lins;3518;RRAS9
3517109;Glicério;SP;Sudeste;350023;Birigui - Penápolis;3506;Araçatuba;35023;Consórcios do DRS II;3536;RRAS19
3517208;Guaiçara;SP;Sudeste;350012;Lins;3503;Bauru;35065;Lins;3518;RRAS9
3517307;Guaimbê;SP;Sudeste;350013;Marília;3504;Marília;35093;Marília;3533;RRAS10
3517406;Guaíra;SP;Sudeste;350032;Barretos;3508;Ribeirão Preto;35051;Norte - Barretos;3530;RRAS13
3517505;Guapiaçu;SP;Sudeste;350025;São José do Rio Preto;3507;São José do Rio Preto;35155;São José do Rio Preto;3531;RRAS12
3517604;Guapiara;SP;Sudeste;350004;Itapeva;3502;Sorocaba;35162;Itapeva;3519;RRAS8
3517703;Guará;SP;Sudeste;350035;Ituverava;3508;Ribeirão Preto;35083;Alta Mogiana;3530;RRAS13
3517802;Guaraçaí;SP;Sudeste;350024;Andradina;3506;Araçatuba;35022;Lagos do DRS II;3536;RRAS19
3517901;Guaraci;SP;Sudeste;350032;Barretos;3508;Ribeirão Preto;35051;Norte - Barretos;3530;RRAS13
3518008;Guarani d'Oeste;SP;Sudeste;350029;Fernandópolis;3507;São José do Rio Preto;35154;Fernandópolis;3531;RRAS12
3518107;Guarantã;SP;Sudeste;350012;Lins;3503;Bauru;35093;Marília;3533;RRAS10
3518206;Guararapes;SP;Sudeste;350022;Araçatuba;3506;Araçatuba;35021;Central do DRS II;3536;RRAS19
3518305;Guararema;SP;Sudeste;350001;São Paulo;3501;São Paulo;35011;Alto do Tietê;3525;RRAS2
3518404;Guaratinguetá;SP;Sudeste;350052;Guaratinguetá;3511;São José dos Campos;35172;Circuito da Fé e Vale Histórico;3526;RRAS17
3518503;Guareí;SP;Sudeste;350006;Itapetininga;3502;Sorocaba;35161;Itapetininga;3519;RRAS8
3518602;Guariba;SP;Sudeste;350031;Ribeirão Preto;3508;Ribeirão Preto;35131;Horizonte Verde;3530;RRAS13
3518701;Guarujá;SP;Sudeste;350002;Santos;3501;São Paulo;35041;Baixada Santista;3520;RRAS7
3518800;Guarulhos;SP;Sudeste;350001;São Paulo;3501;São Paulo;35011;Alto do Tietê;3525;RRAS2
3518859;Guatapará;SP;Sudeste;350031;Ribeirão Preto;3508;Ribeirão Preto;35132;Aquífero Guarani;3530;RRAS13
3518909;Guzolândia;SP;Sudeste;350022;Araçatuba;3506;Araçatuba;35021;Central do DRS II;3536;RRAS19
3519006;Herculândia;SP;Sudeste;350016;Tupã;3504;Marília;35095;Tupã;3533;RRAS10
3519055;Holambra;SP;Sudeste;350038;Campinas;3510;Campinas;35072;Região Metropolitana de Campinas;3528;RRAS15
3519071;Hortolândia;SP;Sudeste;350038;Campinas;3510;Campinas;35072;Região Metropolitana de Campinas;3528;RRAS15
3519105;Iacanga;SP;Sudeste;350009;Bauru;3503;Bauru;35062;Bauru;3518;RRAS9
3519204;Iacri;SP;Sudeste;350016;Tupã;3504;Marília;35095;Tupã;3533;RRAS10
3519253;Iaras;SP;Sudeste;350007;Avaré;3502;Sorocaba;35061;Vale do Jurumirim;3518;RRAS9
3519303;Ibaté;SP;Sudeste;350037;São Carlos;3509;Araraquara;35032;Coração do DRS III;3535;RRAS18
3519402;Ibirá;SP;Sudeste;350025;São José do Rio Preto;3507;São José do Rio Preto;35155;São José do Rio Preto;3531;RRAS12
3519501;Ibirarema;SP;Sudeste;350015;Ourinhos;3504;Marília;35094;Ourinhos;3533;RRAS10
3519600;Ibitinga;SP;Sudeste;350036;Araraquara;3509;Araraquara;35033;Noroeste do DRS III;3535;RRAS18
3519709;Ibiúna;SP;Sudeste;350003;Sorocaba;3502;Sorocaba;35163;Sorocaba;3519;RRAS8
3519808;Icém;SP;Sudeste;350025;São José do Rio Preto;3507;São José do Rio Preto;35155;São José do Rio Preto;3531;RRAS12
3519907;Iepê;SP;Sudeste;350018;Presidente Prudente;3505;Presidente Prudente;35113;Alto Capivari;3532;RRAS11
3520004;Igaraçu do Tietê;SP;Sudeste;350010;Jaú;3503;Bauru;35064;Jaú;3518;RRAS9
3520103;Igarapava;SP;Sudeste;350035;Ituverava;3508;Ribeirão Preto;35083;Alta Mogiana;3530;RRAS13
3520202;Igaratá;SP;Sudeste;350049;São José dos Campos;3511;São José dos Campos;35171;Alto Vale do Paraíba;3526;RRAS17
3520301;Iguape;SP;Sudeste;350005;Registro;3502;Sorocaba;35121;Vale do Ribeira;3520;RRAS7
3520400;Ilhabela;SP;Sudeste;350051;Caraguatatuba - Ubatuba - São Sebastião;3511;São José dos Campos;35173;Litoral Norte;3526;RRAS17
3520426;Ilha Comprida;SP;Sudeste;350005;Registro;3502;Sorocaba;35121;Vale do Ribeira;3520;RRAS7
3520442;Ilha Solteira;SP;Sudeste;350024;Andradina;3506;Araçatuba;35022;Lagos do DRS II;3536;RRAS19
3520509;Indaiatuba;SP;Sudeste;350038;Campinas;3510;Campinas;35072;Região Metropolitana de Campinas;3528;RRAS15
3520608;Indiana;SP;Sudeste;350018;Presidente Prudente;3505;Presidente Prudente;35112;Alta Sorocabana;3532;RRAS11
3520707;Indiaporã;SP;Sudeste;350029;Fernandópolis;3507;São José do Rio Preto;35154;Fernandópolis;3531;RRAS12
3520806;Inúbia Paulista;SP;Sudeste;350019;Adamantina - Lucélia;3505;Presidente Prudente;35091;Adamantina;3533;RRAS10
3520905;Ipaussu;SP;Sudeste;350015;Ourinhos;3504;Marília;35094;Ourinhos;3533;RRAS10
3521002;Iperó;SP;Sudeste;350003;Sorocaba;3502;Sorocaba;35163;Sorocaba;3519;RRAS8
3521101;Ipeúna;SP;Sudeste;350046;Rio Claro;3510;Campinas;35104;Rio Claro;3529;RRAS14
3521150;Ipiguá;SP;Sudeste;350025;São José do Rio Preto;3507;São José do Rio Preto;35155;São José do Rio Preto;3531;RRAS12
3521200;Iporanga;SP;Sudeste;350005;Registro;3502;Sorocaba;35121;Vale do Ribeira;3520;RRAS7
3521309;Ipuã;SP;Sudeste;350034;São Joaquim da Barra ¿ Orlândia;3508;Ribeirão Preto;35082;Alta Anhanguera;3530;RRAS13
3521408;Iracemápolis;SP;Sudeste;350042;Limeira;3510;Campinas;35102;Limeira;3529;RRAS14
3521507;Irapuã;SP;Sudeste;350025;São José do Rio Preto;3507;São José do Rio Preto;35151;Catanduva;3531;RRAS12
3521606;Irapuru;SP;Sudeste;350020;Dracena;3505;Presidente Prudente;35111;Alta Paulista;3532;RRAS11
3521705;Itaberá;SP;Sudeste;350004;Itapeva;3502;Sorocaba;35162;Itapeva;3519;RRAS8
3521804;Itaí;SP;Sudeste;350007;Avaré;3502;Sorocaba;35061;Vale do Jurumirim;3518;RRAS9
3521903;Itajobi;SP;Sudeste;350026;Catanduva;3507;São José do Rio Preto;35151;Catanduva;3531;RRAS12
3522000;Itaju;SP;Sudeste;350010;Jaú;3503;Bauru;35064;Jaú;3518;RRAS9
3522109;Itanhaém;SP;Sudeste;350002;Santos;3501;São Paulo;35041;Baixada Santista;3520;RRAS7
3522158;Itaoca;SP;Sudeste;350004;Itapeva;3502;Sorocaba;35162;Itapeva;3519;RRAS8
3522208;Itapecerica da Serra;SP;Sudeste;350001;São Paulo;3501;São Paulo;35013;Mananciais;3523;RRAS4
3522307;Itapetininga;SP;Sudeste;350006;Itapetininga;3502;Sorocaba;35161;Itapetininga;3519;RRAS8
3522406;Itapeva;SP;Sudeste;350004;Itapeva;3502;Sorocaba;35162;Itapeva;3519;RRAS8
3522505;Itapevi;SP;Sudeste;350001;São Paulo;3501;São Paulo;35014;Rota dos Bandeirantes;3522;RRAS5
3522604;Itapira;SP;Sudeste;350043;Mogi Guaçu;3510;Campinas;35141;Baixa Mogiana;3528;RRAS15
3522653;Itapirapuã Paulista;SP;Sudeste;350004;Itapeva;3502;Sorocaba;35162;Itapeva;3519;RRAS8
3522703;Itápolis;SP;Sudeste;350036;Araraquara;3509;Araraquara;35033;Noroeste do DRS III;3535;RRAS18
3522802;Itaporanga;SP;Sudeste;350004;Itapeva;3502;Sorocaba;35061;Vale do Jurumirim;3518;RRAS9
3522901;Itapuí;SP;Sudeste;350010;Jaú;3503;Bauru;35064;Jaú;3518;RRAS9
3523008;Itapura;SP;Sudeste;350024;Andradina;3506;Araçatuba;35022;Lagos do DRS II;3536;RRAS19
3523107;Itaquaquecetuba;SP;Sudeste;350001;São Paulo;3501;São Paulo;35011;Alto do Tietê;3525;RRAS2
3523206;Itararé;SP;Sudeste;350004;Itapeva;3502;Sorocaba;35162;Itapeva;3519;RRAS8
3523305;Itariri;SP;Sudeste;350002;Santos;3501;São Paulo;35121;Vale do Ribeira;3520;RRAS7
3523404;Itatiba;SP;Sudeste;350039;Jundiaí;3510;Campinas;35072;Região Metropolitana de Campinas;3528;RRAS15
3523503;Itatinga;SP;Sudeste;350011;Botucatu;3503;Bauru;35063;Polo Cuesta;3518;RRAS9
3523602;Itirapina;SP;Sudeste;350037;São Carlos;3509;Araraquara;35104;Rio Claro;3529;RRAS14
3523701;Itirapuã;SP;Sudeste;350033;Franca;3508;Ribeirão Preto;35081;Três Colinas;3530;RRAS13
3523800;Itobi;SP;Sudeste;350047;São José do Rio Pardo - Mococa;3510;Campinas;35143;Rio Pardo;3528;RRAS15
3523909;Itu;SP;Sudeste;350003;Sorocaba;3502;Sorocaba;35163;Sorocaba;3519;RRAS8
3524006;Itupeva;SP;Sudeste;350039;Jundiaí;3510;Campinas;35073;Jundiaí;3527;RRAS16
3524105;Ituverava;SP;Sudeste;350035;Ituverava;3508;Ribeirão Preto;35083;Alta Mogiana;3530;RRAS13
3524204;Jaborandi;SP;Sudeste;350032;Barretos;3508;Ribeirão Preto;35051;Norte - Barretos;3530;RRAS13
3524303;Jaboticabal;SP;Sudeste;350031;Ribeirão Preto;3508;Ribeirão Preto;35131;Horizonte Verde;3530;RRAS13
3524402;Jacareí;SP;Sudeste;350049;São José dos Campos;3511;São José dos Campos;35171;Alto Vale do Paraíba;3526;RRAS17
3524501;Jaci;SP;Sudeste;350025;São José do Rio Preto;3507;São José do Rio Preto;35156;José Bonifácio;3531;RRAS12
3524600;Jacupiranga;SP;Sudeste;350005;Registro;3502;Sorocaba;35121;Vale do Ribeira;3520;RRAS7
3524709;Jaguariúna;SP;Sudeste;350038;Campinas;3510;Campinas;35072;Região Metropolitana de Campinas;3528;RRAS15
3524808;Jales;SP;Sudeste;350028;Jales;3507;São José do Rio Preto;35153;Jales;3531;RRAS12
3524907;Jambeiro;SP;Sudeste;350049;São José dos Campos;3511;São José dos Campos;35171;Alto Vale do Paraíba;3526;RRAS17
3525003;Jandira;SP;Sudeste;350001;São Paulo;3501;São Paulo;35014;Rota dos Bandeirantes;3522;RRAS5
3525102;Jardinópolis;SP;Sudeste;350031;Ribeirão Preto;3508;Ribeirão Preto;35132;Aquífero Guarani;3530;RRAS13
3525201;Jarinu;SP;Sudeste;350039;Jundiaí;3510;Campinas;35073;Jundiaí;3527;RRAS16
3525300;Jaú;SP;Sudeste;350010;Jaú;3503;Bauru;35064;Jaú;3518;RRAS9
3525409;Jeriquara;SP;Sudeste;350033;Franca;3508;Ribeirão Preto;35081;Três Colinas;3530;RRAS13
3525508;Joanópolis;SP;Sudeste;350041;Bragança Paulista;3510;Campinas;35071;Bragança;3527;RRAS16
3525607;João Ramalho;SP;Sudeste;350018;Presidente Prudente;3505;Presidente Prudente;35113;Alto Capivari;3532;RRAS11
3525706;José Bonifácio;SP;Sudeste;350025;São José do Rio Preto;3507;São José do Rio Preto;35156;José Bonifácio;3531;RRAS12
3525805;Júlio Mesquita;SP;Sudeste;350013;Marília;3504;Marília;35093;Marília;3533;RRAS10
3525854;Jumirim;SP;Sudeste;350003;Sorocaba;3502;Sorocaba;35163;Sorocaba;3519;RRAS8
3525904;Jundiaí;SP;Sudeste;350039;Jundiaí;3510;Campinas;35073;Jundiaí;3527;RRAS16
3526001;Junqueirópolis;SP;Sudeste;350020;Dracena;3505;Presidente Prudente;35111;Alta Paulista;3532;RRAS11
3526100;Juquiá;SP;Sudeste;350005;Registro;3502;Sorocaba;35121;Vale do Ribeira;3520;RRAS7
3526209;Juquitiba;SP;Sudeste;350001;São Paulo;3501;São Paulo;35013;Mananciais;3523;RRAS4
3526308;Lagoinha;SP;Sudeste;350050;Taubaté - Pindamonhangaba;3511;São José dos Campos;35174;Vale do Paraíba/Região Serrana;3526;RRAS17
3526407;Laranjal Paulista;SP;Sudeste;350040;Piracicaba;3510;Campinas;35063;Polo Cuesta;3518;RRAS9
3526506;Lavínia;SP;Sudeste;350024;Andradina;3506;Araçatuba;35022;Lagos do DRS II;3536;RRAS19
3526605;Lavrinhas;SP;Sudeste;350053;Cruzeiro;3511;São José dos Campos;35172;Circuito da Fé e Vale Histórico;3526;RRAS17
3526704;Leme;SP;Sudeste;350045;Araras;3510;Campinas;35101;Araras;3529;RRAS14
3526803;Lençóis Paulista;SP;Sudeste;350009;Bauru;3503;Bauru;35062;Bauru;3518;RRAS9
3526902;Limeira;SP;Sudeste;350042;Limeira;3510;Campinas;35102;Limeira;3529;RRAS14
3527009;Lindóia;SP;Sudeste;350048;Amparo;3510;Campinas;35074;Circuito das Águas;3528;RRAS15
3527108;Lins;SP;Sudeste;350012;Lins;3503;Bauru;35065;Lins;3518;RRAS9
3527207;Lorena;SP;Sudeste;350052;Guaratinguetá;3511;São José dos Campos;35172;Circuito da Fé e Vale Histórico;3526;RRAS17
3527256;Lourdes;SP;Sudeste;350023;Birigui - Penápolis;3506;Araçatuba;35023;Consórcios do DRS II;3536;RRAS19
3527306;Louveira;SP;Sudeste;350039;Jundiaí;3510;Campinas;35073;Jundiaí;3527;RRAS16
3527405;Lucélia;SP;Sudeste;350019;Adamantina - Lucélia;3505;Presidente Prudente;35091;Adamantina;3533;RRAS10
3527504;Lucianópolis;SP;Sudeste;350009;Bauru;3503;Bauru;35062;Bauru;3518;RRAS9
3527603;Luís Antônio;SP;Sudeste;350031;Ribeirão Preto;3508;Ribeirão Preto;35132;Aquífero Guarani;3530;RRAS13
3527702;Luiziânia;SP;Sudeste;350023;Birigui - Penápolis;3506;Araçatuba;35023;Consórcios do DRS II;3536;RRAS19
3527801;Lupércio;SP;Sudeste;350013;Marília;3504;Marília;35093;Marília;3533;RRAS10
3527900;Lutécia;SP;Sudeste;350014;Assis;3504;Marília;35092;Assis;3533;RRAS10
3528007;Macatuba;SP;Sudeste;350009;Bauru;3503;Bauru;35062;Bauru;3518;RRAS9
3528106;Macaubal;SP;Sudeste;350025;São José do Rio Preto;3507;São José do Rio Preto;35157;Votuporanga;3531;RRAS12
3528205;Macedônia;SP;Sudeste;350029;Fernandópolis;3507;São José do Rio Preto;35154;Fernandópolis;3531;RRAS12
3528304;Magda;SP;Sudeste;350022;Araçatuba;3506;Araçatuba;35157;Votuporanga;3531;RRAS12
3528403;Mairinque;SP;Sudeste;350003;Sorocaba;3502;Sorocaba;35163;Sorocaba;3519;RRAS8
3528502;Mairiporã;SP;Sudeste;350001;São Paulo;3501;São Paulo;35012;Franco da Rocha;3524;RRAS3
3528601;Manduri;SP;Sudeste;350007;Avaré;3502;Sorocaba;35061;Vale do Jurumirim;3518;RRAS9
3528700;Marabá Paulista;SP;Sudeste;350021;Presidente Epitácio-Presidente Venceslau;3505;Presidente Prudente;35114;Extremo Oeste Paulista;3532;RRAS11
3528809;Maracaí;SP;Sudeste;350014;Assis;3504;Marília;35092;Assis;3533;RRAS10
3528858;Marapoama;SP;Sudeste;350026;Catanduva;3507;São José do Rio Preto;35151;Catanduva;3531;RRAS12
3528908;Mariápolis;SP;Sudeste;350019;Adamantina - Lucélia;3505;Presidente Prudente;35091;Adamantina;3533;RRAS10
3529005;Marília;SP;Sudeste;350013;Marília;3504;Marília;35093;Marília;3533;RRAS10
3529104;Marinópolis;SP;Sudeste;350028;Jales;3507;São José do Rio Preto;35153;Jales;3531;RRAS12
3529203;Martinópolis;SP;Sudeste;350018;Presidente Prudente;3505;Presidente Prudente;35112;Alta Sorocabana;3532;RRAS11
3529302;Matão;SP;Sudeste;350036;Araraquara;3509;Araraquara;35033;Noroeste do DRS III;3535;RRAS18
3529401;Mauá;SP;Sudeste;350001;São Paulo;3501;São Paulo;35015;Grande ABC;3534;RRAS1
3529500;Mendonça;SP;Sudeste;350025;São José do Rio Preto;3507;São José do Rio Preto;35156;José Bonifácio;3531;RRAS12
3529609;Meridiano;SP;Sudeste;350029;Fernandópolis;3507;São José do Rio Preto;35154;Fernandópolis;3531;RRAS12
3529658;Mesópolis;SP;Sudeste;350028;Jales;3507;São José do Rio Preto;35153;Jales;3531;RRAS12
3529708;Miguelópolis;SP;Sudeste;350035;Ituverava;3508;Ribeirão Preto;35083;Alta Mogiana;3530;RRAS13
3529807;Mineiros do Tietê;SP;Sudeste;350010;Jaú;3503;Bauru;35064;Jaú;3518;RRAS9
3529906;Miracatu;SP;Sudeste;350005;Registro;3502;Sorocaba;35121;Vale do Ribeira;3520;RRAS7
3530003;Mira Estrela;SP;Sudeste;350029;Fernandópolis;3507;São José do Rio Preto;35154;Fernandópolis;3531;RRAS12
3530102;Mirandópolis;SP;Sudeste;350024;Andradina;3506;Araçatuba;35022;Lagos do DRS II;3536;RRAS19
3530201;Mirante do Paranapanema;SP;Sudeste;350018;Presidente Prudente;3505;Presidente Prudente;35115;Pontal do Paranapanema;3532;RRAS11
3530300;Mirassol;SP;Sudeste;350025;São José do Rio Preto;3507;São José do Rio Preto;35155;São José do Rio Preto;3531;RRAS12
3530409;Mirassolândia;SP;Sudeste;350025;São José do Rio Preto;3507;São José do Rio Preto;35155;São José do Rio Preto;3531;RRAS12
3530508;Mococa;SP;Sudeste;350047;São José do Rio Pardo - Mococa;3510;Campinas;35143;Rio Pardo;3528;RRAS15
3530607;Mogi das Cruzes;SP;Sudeste;350001;São Paulo;3501;São Paulo;35011;Alto do Tietê;3525;RRAS2
3530706;Mogi Guaçu;SP;Sudeste;350043;Mogi Guaçu;3510;Campinas;35141;Baixa Mogiana;3528;RRAS15
3530805;Mogi Mirim;SP;Sudeste;350043;Mogi Guaçu;3510;Campinas;35141;Baixa Mogiana;3528;RRAS15
3530904;Mombuca;SP;Sudeste;350040;Piracicaba;3510;Campinas;35103;Piracicaba;3529;RRAS14
3531001;Monções;SP;Sudeste;350022;Araçatuba;3506;Araçatuba;35157;Votuporanga;3531;RRAS12
3531100;Mongaguá;SP;Sudeste;350002;Santos;3501;São Paulo;35041;Baixada Santista;3520;RRAS7
3531209;Monte Alegre do Sul;SP;Sudeste;350048;Amparo;3510;Campinas;35074;Circuito das Águas;3528;RRAS15
3531308;Monte Alto;SP;Sudeste;350031;Ribeirão Preto;3508;Ribeirão Preto;35131;Horizonte Verde;3530;RRAS13
3531407;Monte Aprazível;SP;Sudeste;350025;São José do Rio Preto;3507;São José do Rio Preto;35156;José Bonifácio;3531;RRAS12
3531506;Monte Azul Paulista;SP;Sudeste;350032;Barretos;3508;Ribeirão Preto;35052;Sul - Barretos;3530;RRAS13
3531605;Monte Castelo;SP;Sudeste;350020;Dracena;3505;Presidente Prudente;35111;Alta Paulista;3532;RRAS11
3531704;Monteiro Lobato;SP;Sudeste;350049;São José dos Campos;3511;São José dos Campos;35171;Alto Vale do Paraíba;3526;RRAS17
3531803;Monte Mor;SP;Sudeste;350038;Campinas;3510;Campinas;35072;Região Metropolitana de Campinas;3528;RRAS15
3531902;Morro Agudo;SP;Sudeste;350034;São Joaquim da Barra ¿ Orlândia;3508;Ribeirão Preto;35082;Alta Anhanguera;3530;RRAS13
3532009;Morungaba;SP;Sudeste;350039;Jundiaí;3510;Campinas;35072;Região Metropolitana de Campinas;3528;RRAS15
3532058;Motuca;SP;Sudeste;350036;Araraquara;3509;Araraquara;35031;Central do DRS III;3535;RRAS18
3532108;Murutinga do Sul;SP;Sudeste;350024;Andradina;3506;Araçatuba;35022;Lagos do DRS II;3536;RRAS19
3532157;Nantes;SP;Sudeste;350018;Presidente Prudente;3505;Presidente Prudente;35113;Alto Capivari;3532;RRAS11
3532207;Narandiba;SP;Sudeste;350018;Presidente Prudente;3505;Presidente Prudente;35112;Alta Sorocabana;3532;RRAS11
3532306;Natividade da Serra;SP;Sudeste;350050;Taubaté - Pindamonhangaba;3511;São José dos Campos;35174;Vale do Paraíba/Região Serrana;3526;RRAS17
3532405;Nazaré Paulista;SP;Sudeste;350041;Bragança Paulista;3510;Campinas;35071;Bragança;3527;RRAS16
3532504;Neves Paulista;SP;Sudeste;350025;São José do Rio Preto;3507;São José do Rio Preto;35155;São José do Rio Preto;3531;RRAS12
3532603;Nhandeara;SP;Sudeste;350027;Votuporanga;3507;São José do Rio Preto;35157;Votuporanga;3531;RRAS12
3532702;Nipoã;SP;Sudeste;350025;São José do Rio Preto;3507;São José do Rio Preto;35156;José Bonifácio;3531;RRAS12
3532801;Nova Aliança;SP;Sudeste;350025;São José do Rio Preto;3507;São José do Rio Preto;35155;São José do Rio Preto;3531;RRAS12
3532827;Nova Campina;SP;Sudeste;350004;Itapeva;3502;Sorocaba;35162;Itapeva;3519;RRAS8
3532843;Nova Canaã Paulista;SP;Sudeste;350030;Santa Fé do Sul;3507;São José do Rio Preto;35152;Santa Fé do Sul;3531;RRAS12
3532868;Nova Castilho;SP;Sudeste;350022;Araçatuba;3506;Araçatuba;35021;Central do DRS II;3536;RRAS19
3532900;Nova Europa;SP;Sudeste;350036;Araraquara;3509;Araraquara;35033;Noroeste do DRS III;3535;RRAS18
3533007;Nova Granada;SP;Sudeste;350025;São José do Rio Preto;3507;São José do Rio Preto;35155;São José do Rio Preto;3531;RRAS12
3533106;Nova Guataporanga;SP;Sudeste;350020;Dracena;3505;Presidente Prudente;35111;Alta Paulista;3532;RRAS11
3533205;Nova Independência;SP;Sudeste;350024;Andradina;3506;Araçatuba;35022;Lagos do DRS II;3536;RRAS19
3533254;Novais;SP;Sudeste;350026;Catanduva;3507;São José do Rio Preto;35151;Catanduva;3531;RRAS12
3533304;Nova Luzitânia;SP;Sudeste;350022;Araçatuba;3506;Araçatuba;35021;Central do DRS II;3536;RRAS19
3533403;Nova Odessa;SP;Sudeste;350038;Campinas;3510;Campinas;35072;Região Metropolitana de Campinas;3528;RRAS15
3533502;Novo Horizonte;SP;Sudeste;350025;São José do Rio Preto;3507;São José do Rio Preto;35151;Catanduva;3531;RRAS12
3533601;Nuporanga;SP;Sudeste;350034;São Joaquim da Barra ¿ Orlândia;3508;Ribeirão Preto;35082;Alta Anhanguera;3530;RRAS13
3533700;Ocauçu;SP;Sudeste;350013;Marília;3504;Marília;35093;Marília;3533;RRAS10
3533809;Óleo;SP;Sudeste;350007;Avaré;3502;Sorocaba;35094;Ourinhos;3533;RRAS10
3533908;Olímpia;SP;Sudeste;350032;Barretos;3508;Ribeirão Preto;35051;Norte - Barretos;3530;RRAS13
3534005;Onda Verde;SP;Sudeste;350025;São José do Rio Preto;3507;São José do Rio Preto;35155;São José do Rio Preto;3531;RRAS12
3534104;Oriente;SP;Sudeste;350013;Marília;3504;Marília;35093;Marília;3533;RRAS10
3534203;Orindiúva;SP;Sudeste;350025;São José do Rio Preto;3507;São José do Rio Preto;35155;São José do Rio Preto;3531;RRAS12
3534302;Orlândia;SP;Sudeste;350034;São Joaquim da Barra ¿ Orlândia;3508;Ribeirão Preto;35082;Alta Anhanguera;3530;RRAS13
3534401;Osasco;SP;Sudeste;350001;São Paulo;3501;São Paulo;35014;Rota dos Bandeirantes;3522;RRAS5
3534500;Oscar Bressane;SP;Sudeste;350013;Marília;3504;Marília;35093;Marília;3533;RRAS10
3534609;Osvaldo Cruz;SP;Sudeste;350019;Adamantina - Lucélia;3505;Presidente Prudente;35091;Adamantina;3533;RRAS10
3534708;Ourinhos;SP;Sudeste;350015;Ourinhos;3504;Marília;35094;Ourinhos;3533;RRAS10
3534757;Ouroeste;SP;Sudeste;350029;Fernandópolis;3507;São José do Rio Preto;35154;Fernandópolis;3531;RRAS12
3534807;Ouro Verde;SP;Sudeste;350020;Dracena;3505;Presidente Prudente;35111;Alta Paulista;3532;RRAS11
3534906;Pacaembu;SP;Sudeste;350019;Adamantina - Lucélia;3505;Presidente Prudente;35091;Adamantina;3533;RRAS10
3535002;Palestina;SP;Sudeste;350025;São José do Rio Preto;3507;São José do Rio Preto;35155;São José do Rio Preto;3531;RRAS12
3535101;Palmares Paulista;SP;Sudeste;350026;Catanduva;3507;São José do Rio Preto;35151;Catanduva;3531;RRAS12
3535200;Palmeira d'Oeste;SP;Sudeste;350028;Jales;3507;São José do Rio Preto;35153;Jales;3531;RRAS12
3535309;Palmital;SP;Sudeste;350014;Assis;3504;Marília;35092;Assis;3533;RRAS10
3535408;Panorama;SP;Sudeste;350020;Dracena;3505;Presidente Prudente;35111;Alta Paulista;3532;RRAS11
3535507;Paraguaçu Paulista;SP;Sudeste;350014;Assis;3504;Marília;35092;Assis;3533;RRAS10
3535606;Paraibuna;SP;Sudeste;350049;São José dos Campos;3511;São José dos Campos;35171;Alto Vale do Paraíba;3526;RRAS17
3535705;Paraíso;SP;Sudeste;350026;Catanduva;3507;São José do Rio Preto;35151;Catanduva;3531;RRAS12
3535804;Paranapanema;SP;Sudeste;350007;Avaré;3502;Sorocaba;35061;Vale do Jurumirim;3518;RRAS9
3535903;Paranapuã;SP;Sudeste;350028;Jales;3507;São José do Rio Preto;35153;Jales;3531;RRAS12
3536000;Parapuã;SP;Sudeste;350016;Tupã;3504;Marília;35095;Tupã;3533;RRAS10
3536109;Pardinho;SP;Sudeste;350011;Botucatu;3503;Bauru;35063;Polo Cuesta;3518;RRAS9
3536208;Pariquera-Açu;SP;Sudeste;350005;Registro;3502;Sorocaba;35121;Vale do Ribeira;3520;RRAS7
3536257;Parisi;SP;Sudeste;350027;Votuporanga;3507;São José do Rio Preto;35157;Votuporanga;3531;RRAS12
3536307;Patrocínio Paulista;SP;Sudeste;350033;Franca;3508;Ribeirão Preto;35081;Três Colinas;3530;RRAS13
3536406;Paulicéia;SP;Sudeste;350020;Dracena;3505;Presidente Prudente;35111;Alta Paulista;3532;RRAS11
3536505;Paulínia;SP;Sudeste;350038;Campinas;3510;Campinas;35072;Região Metropolitana de Campinas;3528;RRAS15
3536570;Paulistânia;SP;Sudeste;350009;Bauru;3503;Bauru;35062;Bauru;3518;RRAS9
3536604;Paulo de Faria;SP;Sudeste;350025;São José do Rio Preto;3507;São José do Rio Preto;35155;São José do Rio Preto;3531;RRAS12
3536703;Pederneiras;SP;Sudeste;350009;Bauru;3503;Bauru;35062;Bauru;3518;RRAS9
3536802;Pedra Bela;SP;Sudeste;350041;Bragança Paulista;3510;Campinas;35071;Bragança;3527;RRAS16
3536901;Pedranópolis;SP;Sudeste;350029;Fernandópolis;3507;São José do Rio Preto;35154;Fernandópolis;3531;RRAS12
3537008;Pedregulho;SP;Sudeste;350033;Franca;3508;Ribeirão Preto;35081;Três Colinas;3530;RRAS13
3537107;Pedreira;SP;Sudeste;350038;Campinas;3510;Campinas;35072;Região Metropolitana de Campinas;3528;RRAS15
3537156;Pedrinhas Paulista;SP;Sudeste;350014;Assis;3504;Marília;35092;Assis;3533;RRAS10
3537206;Pedro de Toledo;SP;Sudeste;350002;Santos;3501;São Paulo;35121;Vale do Ribeira;3520;RRAS7
3537305;Penápolis;SP;Sudeste;350023;Birigui - Penápolis;3506;Araçatuba;35023;Consórcios do DRS II;3536;RRAS19
3537404;Pereira Barreto;SP;Sudeste;350024;Andradina;3506;Araçatuba;35022;Lagos do DRS II;3536;RRAS19
3537503;Pereiras;SP;Sudeste;350008;Tatuí;3502;Sorocaba;35063;Polo Cuesta;3518;RRAS9
3537602;Peruíbe;SP;Sudeste;350002;Santos;3501;São Paulo;35041;Baixada Santista;3520;RRAS7
3537701;Piacatu;SP;Sudeste;350023;Birigui - Penápolis;3506;Araçatuba;35023;Consórcios do DRS II;3536;RRAS19
3537800;Piedade;SP;Sudeste;350003;Sorocaba;3502;Sorocaba;35163;Sorocaba;3519;RRAS8
3537909;Pilar do Sul;SP;Sudeste;350003;Sorocaba;3502;Sorocaba;35163;Sorocaba;3519;RRAS8
3538006;Pindamonhangaba;SP;Sudeste;350050;Taubaté - Pindamonhangaba;3511;São José dos Campos;35174;Vale do Paraíba/Região Serrana;3526;RRAS17
3538105;Pindorama;SP;Sudeste;350026;Catanduva;3507;São José do Rio Preto;35151;Catanduva;3531;RRAS12
3538204;Pinhalzinho;SP;Sudeste;350041;Bragança Paulista;3510;Campinas;35071;Bragança;3527;RRAS16
3538303;Piquerobi;SP;Sudeste;350021;Presidente Epitácio-Presidente Venceslau;3505;Presidente Prudente;35114;Extremo Oeste Paulista;3532;RRAS11
3538501;Piquete;SP;Sudeste;350052;Guaratinguetá;3511;São José dos Campos;35172;Circuito da Fé e Vale Histórico;3526;RRAS17
3538600;Piracaia;SP;Sudeste;350041;Bragança Paulista;3510;Campinas;35071;Bragança;3527;RRAS16
3538709;Piracicaba;SP;Sudeste;350040;Piracicaba;3510;Campinas;35103;Piracicaba;3529;RRAS14
3538808;Piraju;SP;Sudeste;350017;Piraju;3504;Marília;35061;Vale do Jurumirim;3518;RRAS9
3538907;Pirajuí;SP;Sudeste;350009;Bauru;3503;Bauru;35062;Bauru;3518;RRAS9
3539004;Pirangi;SP;Sudeste;350026;Catanduva;3507;São José do Rio Preto;35151;Catanduva;3531;RRAS12
3539103;Pirapora do Bom Jesus;SP;Sudeste;350001;São Paulo;3501;São Paulo;35014;Rota dos Bandeirantes;3522;RRAS5
3539202;Pirapozinho;SP;Sudeste;350018;Presidente Prudente;3505;Presidente Prudente;35112;Alta Sorocabana;3532;RRAS11
3539301;Pirassununga;SP;Sudeste;350037;São Carlos;3509;Araraquara;35101;Araras;3529;RRAS14
3539400;Piratininga;SP;Sudeste;350009;Bauru;3503;Bauru;35062;Bauru;3518;RRAS9
3539509;Pitangueiras;SP;Sudeste;350031;Ribeirão Preto;3508;Ribeirão Preto;35131;Horizonte Verde;3530;RRAS13
3539608;Planalto;SP;Sudeste;350025;São José do Rio Preto;3507;São José do Rio Preto;35156;José Bonifácio;3531;RRAS12
3539707;Platina;SP;Sudeste;350014;Assis;3504;Marília;35092;Assis;3533;RRAS10
3539806;Poá;SP;Sudeste;350001;São Paulo;3501;São Paulo;35011;Alto do Tietê;3525;RRAS2
3539905;Poloni;SP;Sudeste;350025;São José do Rio Preto;3507;São José do Rio Preto;35156;José Bonifácio;3531;RRAS12
3540002;Pompéia;SP;Sudeste;350013;Marília;3504;Marília;35093;Marília;3533;RRAS10
3540101;Pongaí;SP;Sudeste;350012;Lins;3503;Bauru;35065;Lins;3518;RRAS9
3540200;Pontal;SP;Sudeste;350031;Ribeirão Preto;3508;Ribeirão Preto;35131;Horizonte Verde;3530;RRAS13
3540259;Pontalinda;SP;Sudeste;350028;Jales;3507;São José do Rio Preto;35153;Jales;3531;RRAS12
3540309;Pontes Gestal;SP;Sudeste;350027;Votuporanga;3507;São José do Rio Preto;35157;Votuporanga;3531;RRAS12
3540408;Populina;SP;Sudeste;350028;Jales;3507;São José do Rio Preto;35154;Fernandópolis;3531;RRAS12
3540507;Porangaba;SP;Sudeste;350008;Tatuí;3502;Sorocaba;35063;Polo Cuesta;3518;RRAS9
3540606;Porto Feliz;SP;Sudeste;350003;Sorocaba;3502;Sorocaba;35163;Sorocaba;3519;RRAS8
3540705;Porto Ferreira;SP;Sudeste;350037;São Carlos;3509;Araraquara;35032;Coração do DRS III;3535;RRAS18
3540754;Potim;SP;Sudeste;350052;Guaratinguetá;3511;São José dos Campos;35172;Circuito da Fé e Vale Histórico;3526;RRAS17
3540804;Potirendaba;SP;Sudeste;350025;São José do Rio Preto;3507;São José do Rio Preto;35155;São José do Rio Preto;3531;RRAS12
3540853;Pracinha;SP;Sudeste;350019;Adamantina - Lucélia;3505;Presidente Prudente;35091;Adamantina;3533;RRAS10
3540903;Pradópolis;SP;Sudeste;350031;Ribeirão Preto;3508;Ribeirão Preto;35131;Horizonte Verde;3530;RRAS13
3541000;Praia Grande;SP;Sudeste;350002;Santos;3501;São Paulo;35041;Baixada Santista;3520;RRAS7
3541059;Pratânia;SP;Sudeste;350011;Botucatu;3503;Bauru;35063;Polo Cuesta;3518;RRAS9
3541109;Presidente Alves;SP;Sudeste;350009;Bauru;3503;Bauru;35062;Bauru;3518;RRAS9
3541208;Presidente Bernardes;SP;Sudeste;350018;Presidente Prudente;3505;Presidente Prudente;35112;Alta Sorocabana;3532;RRAS11
3541307;Presidente Epitácio;SP;Sudeste;350021;Presidente Epitácio-Presidente Venceslau;3505;Presidente Prudente;35114;Extremo Oeste Paulista;3532;RRAS11
3541406;Presidente Prudente;SP;Sudeste;350018;Presidente Prudente;3505;Presidente Prudente;35112;Alta Sorocabana;3532;RRAS11
3541505;Presidente Venceslau;SP;Sudeste;350021;Presidente Epitácio-Presidente Venceslau;3505;Presidente Prudente;35114;Extremo Oeste Paulista;3532;RRAS11
3541604;Promissão;SP;Sudeste;350012;Lins;3503;Bauru;35065;Lins;3518;RRAS9
3541653;Quadra;SP;Sudeste;350008;Tatuí;3502;Sorocaba;35161;Itapetininga;3519;RRAS8
3541703;Quatá;SP;Sudeste;350018;Presidente Prudente;3505;Presidente Prudente;35113;Alto Capivari;3532;RRAS11
3541802;Queiroz;SP;Sudeste;350016;Tupã;3504;Marília;35095;Tupã;3533;RRAS10
3541901;Queluz;SP;Sudeste;350053;Cruzeiro;3511;São José dos Campos;35172;Circuito da Fé e Vale Histórico;3526;RRAS17
3542008;Quintana;SP;Sudeste;350013;Marília;3504;Marília;35093;Marília;3533;RRAS10
3542107;Rafard;SP;Sudeste;350040;Piracicaba;3510;Campinas;35103;Piracicaba;3529;RRAS14
3542206;Rancharia;SP;Sudeste;350018;Presidente Prudente;3505;Presidente Prudente;35113;Alto Capivari;3532;RRAS11
3542305;Redenção da Serra;SP;Sudeste;350050;Taubaté - Pindamonhangaba;3511;São José dos Campos;35174;Vale do Paraíba/Região Serrana;3526;RRAS17
3542404;Regente Feijó;SP;Sudeste;350018;Presidente Prudente;3505;Presidente Prudente;35112;Alta Sorocabana;3532;RRAS11
3542503;Reginópolis;SP;Sudeste;350009;Bauru;3503;Bauru;35062;Bauru;3518;RRAS9
3542602;Registro;SP;Sudeste;350005;Registro;3502;Sorocaba;35121;Vale do Ribeira;3520;RRAS7
3542701;Restinga;SP;Sudeste;350033;Franca;3508;Ribeirão Preto;35081;Três Colinas;3530;RRAS13
3542800;Ribeira;SP;Sudeste;350004;Itapeva;3502;Sorocaba;35162;Itapeva;3519;RRAS8
3542909;Ribeirão Bonito;SP;Sudeste;350037;São Carlos;3509;Araraquara;35032;Coração do DRS III;3535;RRAS18
3543006;Ribeirão Branco;SP;Sudeste;350004;Itapeva;3502;Sorocaba;35162;Itapeva;3519;RRAS8
3543105;Ribeirão Corrente;SP;Sudeste;350033;Franca;3508;Ribeirão Preto;35081;Três Colinas;3530;RRAS13
3543204;Ribeirão do Sul;SP;Sudeste;350015;Ourinhos;3504;Marília;35094;Ourinhos;3533;RRAS10
3543238;Ribeirão dos Índios;SP;Sudeste;350018;Presidente Prudente;3505;Presidente Prudente;35112;Alta Sorocabana;3532;RRAS11
3543253;Ribeirão Grande;SP;Sudeste;350004;Itapeva;3502;Sorocaba;35161;Itapetininga;3519;RRAS8
3543303;Ribeirão Pires;SP;Sudeste;350001;São Paulo;3501;São Paulo;35015;Grande ABC;3534;RRAS1
3543402;Ribeirão Preto;SP;Sudeste;350031;Ribeirão Preto;3508;Ribeirão Preto;35132;Aquífero Guarani;3530;RRAS13
3543501;Riversul;SP;Sudeste;350004;Itapeva;3502;Sorocaba;35162;Itapeva;3519;RRAS8
3543600;Rifaina;SP;Sudeste;350033;Franca;3508;Ribeirão Preto;35081;Três Colinas;3530;RRAS13
3543709;Rincão;SP;Sudeste;350036;Araraquara;3509;Araraquara;35031;Central do DRS III;3535;RRAS18
3543808;Rinópolis;SP;Sudeste;350016;Tupã;3504;Marília;35095;Tupã;3533;RRAS10
3543907;Rio Claro;SP;Sudeste;350046;Rio Claro;3510;Campinas;35104;Rio Claro;3529;RRAS14
3544004;Rio das Pedras;SP;Sudeste;350040;Piracicaba;3510;Campinas;35103;Piracicaba;3529;RRAS14
3544103;Rio Grande da Serra;SP;Sudeste;350001;São Paulo;3501;São Paulo;35015;Grande ABC;3534;RRAS1
3544202;Riolândia;SP;Sudeste;350027;Votuporanga;3507;São José do Rio Preto;35157;Votuporanga;3531;RRAS12
3544251;Rosana;SP;Sudeste;350018;Presidente Prudente;3505;Presidente Prudente;35115;Pontal do Paranapanema;3532;RRAS11
3544301;Roseira;SP;Sudeste;350052;Guaratinguetá;3511;São José dos Campos;35172;Circuito da Fé e Vale Histórico;3526;RRAS17
3544400;Rubiácea;SP;Sudeste;350022;Araçatuba;3506;Araçatuba;35021;Central do DRS II;3536;RRAS19
3544509;Rubinéia;SP;Sudeste;350030;Santa Fé do Sul;3507;São José do Rio Preto;35152;Santa Fé do Sul;3531;RRAS12
3544608;Sabino;SP;Sudeste;350012;Lins;3503;Bauru;35065;Lins;3518;RRAS9
3544707;Sagres;SP;Sudeste;350019;Adamantina - Lucélia;3505;Presidente Prudente;35091;Adamantina;3533;RRAS10
3544806;Sales;SP;Sudeste;350025;São José do Rio Preto;3507;São José do Rio Preto;35151;Catanduva;3531;RRAS12
3544905;Sales Oliveira;SP;Sudeste;350034;São Joaquim da Barra ¿ Orlândia;3508;Ribeirão Preto;35082;Alta Anhanguera;3530;RRAS13
3545001;Salesópolis;SP;Sudeste;350001;São Paulo;3501;São Paulo;35011;Alto do Tietê;3525;RRAS2
3545100;Salmourão;SP;Sudeste;350019;Adamantina - Lucélia;3505;Presidente Prudente;35091;Adamantina;3533;RRAS10
3545159;Saltinho;SP;Sudeste;350040;Piracicaba;3510;Campinas;35103;Piracicaba;3529;RRAS14
3545209;Salto;SP;Sudeste;350003;Sorocaba;3502;Sorocaba;35163;Sorocaba;3519;RRAS8
3545308;Salto de Pirapora;SP;Sudeste;350003;Sorocaba;3502;Sorocaba;35163;Sorocaba;3519;RRAS8
3545407;Salto Grande;SP;Sudeste;350015;Ourinhos;3504;Marília;35094;Ourinhos;3533;RRAS10
3545506;Sandovalina;SP;Sudeste;350018;Presidente Prudente;3505;Presidente Prudente;35112;Alta Sorocabana;3532;RRAS11
3545605;Santa Adélia;SP;Sudeste;350026;Catanduva;3507;São José do Rio Preto;35151;Catanduva;3531;RRAS12
3545704;Santa Albertina;SP;Sudeste;350028;Jales;3507;São José do Rio Preto;35153;Jales;3531;RRAS12
3545803;Santa Bárbara d'Oeste;SP;Sudeste;350038;Campinas;3510;Campinas;35072;Região Metropolitana de Campinas;3528;RRAS15
3546009;Santa Branca;SP;Sudeste;350049;São José dos Campos;3511;São José dos Campos;35171;Alto Vale do Paraíba;3526;RRAS17
3546108;Santa Clara d'Oeste;SP;Sudeste;350030;Santa Fé do Sul;3507;São José do Rio Preto;35152;Santa Fé do Sul;3531;RRAS12
3546207;Santa Cruz da Conceição;SP;Sudeste;350045;Araras;3510;Campinas;35101;Araras;3529;RRAS14
3546256;Santa Cruz da Esperança;SP;Sudeste;350031;Ribeirão Preto;3508;Ribeirão Preto;35133;Vale das Cachoeiras;3530;RRAS13
3546306;Santa Cruz das Palmeiras;SP;Sudeste;350044;São João da Boa Vista;3510;Campinas;35142;Mantiqueira;3528;RRAS15
3546405;Santa Cruz do Rio Pardo;SP;Sudeste;350015;Ourinhos;3504;Marília;35094;Ourinhos;3533;RRAS10
3546504;Santa Ernestina;SP;Sudeste;350031;Ribeirão Preto;3508;Ribeirão Preto;35033;Noroeste do DRS III;3535;RRAS18
3546603;Santa Fé do Sul;SP;Sudeste;350030;Santa Fé do Sul;3507;São José do Rio Preto;35152;Santa Fé do Sul;3531;RRAS12
3546702;Santa Gertrudes;SP;Sudeste;350046;Rio Claro;3510;Campinas;35104;Rio Claro;3529;RRAS14
3546801;Santa Isabel;SP;Sudeste;350001;São Paulo;3501;São Paulo;35011;Alto do Tietê;3525;RRAS2
3546900;Santa Lúcia;SP;Sudeste;350036;Araraquara;3509;Araraquara;35031;Central do DRS III;3535;RRAS18
3547007;Santa Maria da Serra;SP;Sudeste;350040;Piracicaba;3510;Campinas;35103;Piracicaba;3529;RRAS14
3547106;Santa Mercedes;SP;Sudeste;350020;Dracena;3505;Presidente Prudente;35111;Alta Paulista;3532;RRAS11
3547205;Santana da Ponte Pensa;SP;Sudeste;350030;Santa Fé do Sul;3507;São José do Rio Preto;35153;Jales;3531;RRAS12
3547304;Santana de Parnaíba;SP;Sudeste;350001;São Paulo;3501;São Paulo;35014;Rota dos Bandeirantes;3522;RRAS5
3547403;Santa Rita d'Oeste;SP;Sudeste;350030;Santa Fé do Sul;3507;São José do Rio Preto;35152;Santa Fé do Sul;3531;RRAS12
3547502;Santa Rita do Passa Quatro;SP;Sudeste;350037;São Carlos;3509;Araraquara;35132;Aquífero Guarani;3530;RRAS13
3547601;Santa Rosa de Viterbo;SP;Sudeste;350031;Ribeirão Preto;3508;Ribeirão Preto;35132;Aquífero Guarani;3530;RRAS13
3547650;Santa Salete;SP;Sudeste;350028;Jales;3507;São José do Rio Preto;35153;Jales;3531;RRAS12
3547700;Santo Anastácio;SP;Sudeste;350018;Presidente Prudente;3505;Presidente Prudente;35112;Alta Sorocabana;3532;RRAS11
3547809;Santo André;SP;Sudeste;350001;São Paulo;3501;São Paulo;35015;Grande ABC;3534;RRAS1
3547908;Santo Antônio da Alegria;SP;Sudeste;350031;Ribeirão Preto;3508;Ribeirão Preto;35133;Vale das Cachoeiras;3530;RRAS13
3548005;Santo Antônio de Posse;SP;Sudeste;350038;Campinas;3510;Campinas;35072;Região Metropolitana de Campinas;3528;RRAS15
3548054;Santo Antônio do Aracanguá;SP;Sudeste;350022;Araçatuba;3506;Araçatuba;35021;Central do DRS II;3536;RRAS19
3548104;Santo Antônio do Jardim;SP;Sudeste;350044;São João da Boa Vista;3510;Campinas;35142;Mantiqueira;3528;RRAS15
3548203;Santo Antônio do Pinhal;SP;Sudeste;350050;Taubaté - Pindamonhangaba;3511;São José dos Campos;35174;Vale do Paraíba/Região Serrana;3526;RRAS17
3548302;Santo Expedito;SP;Sudeste;350018;Presidente Prudente;3505;Presidente Prudente;35112;Alta Sorocabana;3532;RRAS11
3548401;Santópolis do Aguapeí;SP;Sudeste;350023;Birigui - Penápolis;3506;Araçatuba;35023;Consórcios do DRS II;3536;RRAS19
3548500;Santos;SP;Sudeste;350002;Santos;3501;São Paulo;35041;Baixada Santista;3520;RRAS7
3548609;São Bento do Sapucaí;SP;Sudeste;350050;Taubaté - Pindamonhangaba;3511;São José dos Campos;35174;Vale do Paraíba/Região Serrana;3526;RRAS17
3548708;São Bernardo do Campo;SP;Sudeste;350001;São Paulo;3501;São Paulo;35015;Grande ABC;3534;RRAS1
3548807;São Caetano do Sul;SP;Sudeste;350001;São Paulo;3501;São Paulo;35015;Grande ABC;3534;RRAS1
3548906;São Carlos;SP;Sudeste;350037;São Carlos;3509;Araraquara;35032;Coração do DRS III;3535;RRAS18
3549003;São Francisco;SP;Sudeste;350028;Jales;3507;São José do Rio Preto;35153;Jales;3531;RRAS12
3549102;São João da Boa Vista;SP;Sudeste;350044;São João da Boa Vista;3510;Campinas;35142;Mantiqueira;3528;RRAS15
3549201;São João das Duas Pontes;SP;Sudeste;350029;Fernandópolis;3507;São José do Rio Preto;35154;Fernandópolis;3531;RRAS12
3549250;São João de Iracema;SP;Sudeste;350029;Fernandópolis;3507;São José do Rio Preto;35154;Fernandópolis;3531;RRAS12
3549300;São João do Pau d'Alho;SP;Sudeste;350020;Dracena;3505;Presidente Prudente;35111;Alta Paulista;3532;RRAS11
3549409;São Joaquim da Barra;SP;Sudeste;350034;São Joaquim da Barra ¿ Orlândia;3508;Ribeirão Preto;35082;Alta Anhanguera;3530;RRAS13
3549508;São José da Bela Vista;SP;Sudeste;350033;Franca;3508;Ribeirão Preto;35081;Três Colinas;3530;RRAS13
3549607;São José do Barreiro;SP;Sudeste;350053;Cruzeiro;3511;São José dos Campos;35172;Circuito da Fé e Vale Histórico;3526;RRAS17
3549706;São José do Rio Pardo;SP;Sudeste;350047;São José do Rio Pardo - Mococa;3510;Campinas;35143;Rio Pardo;3528;RRAS15
3549805;São José do Rio Preto;SP;Sudeste;350025;São José do Rio Preto;3507;São José do Rio Preto;35155;São José do Rio Preto;3531;RRAS12
3549904;São José dos Campos;SP;Sudeste;350049;São José dos Campos;3511;São José dos Campos;35171;Alto Vale do Paraíba;3526;RRAS17
3549953;São Lourenço da Serra;SP;Sudeste;350001;São Paulo;3501;São Paulo;35013;Mananciais;3523;RRAS4
3550001;São Luiz do Paraitinga;SP;Sudeste;350050;Taubaté - Pindamonhangaba;3511;São José dos Campos;35174;Vale do Paraíba/Região Serrana;3526;RRAS17
3550100;São Manuel;SP;Sudeste;350011;Botucatu;3503;Bauru;35063;Polo Cuesta;3518;RRAS9
3550209;São Miguel Arcanjo;SP;Sudeste;350006;Itapetininga;3502;Sorocaba;35161;Itapetininga;3519;RRAS8
3550308;São Paulo;SP;Sudeste;350001;São Paulo;3501;São Paulo;35016;São Paulo;3521;RRAS6
3550407;São Pedro;SP;Sudeste;350040;Piracicaba;3510;Campinas;35103;Piracicaba;3529;RRAS14
3550506;São Pedro do Turvo;SP;Sudeste;350015;Ourinhos;3504;Marília;35094;Ourinhos;3533;RRAS10
3550605;São Roque;SP;Sudeste;350003;Sorocaba;3502;Sorocaba;35163;Sorocaba;3519;RRAS8
3550704;São Sebastião;SP;Sudeste;350051;Caraguatatuba - Ubatuba - São Sebastião;3511;São José dos Campos;35173;Litoral Norte;3526;RRAS17
3550803;São Sebastião da Grama;SP;Sudeste;350047;São José do Rio Pardo - Mococa;3510;Campinas;35143;Rio Pardo;3528;RRAS15
3550902;São Simão;SP;Sudeste;350031;Ribeirão Preto;3508;Ribeirão Preto;35132;Aquífero Guarani;3530;RRAS13
3551009;São Vicente;SP;Sudeste;350002;Santos;3501;São Paulo;35041;Baixada Santista;3520;RRAS7
3551108;Sarapuí;SP;Sudeste;350003;Sorocaba;3502;Sorocaba;35161;Itapetininga;3519;RRAS8
3551207;Sarutaiá;SP;Sudeste;350017;Piraju;3504;Marília;35061;Vale do Jurumirim;3518;RRAS9
3551306;Sebastianópolis do Sul;SP;Sudeste;350027;Votuporanga;3507;São José do Rio Preto;35157;Votuporanga;3531;RRAS12
3551405;Serra Azul;SP;Sudeste;350031;Ribeirão Preto;3508;Ribeirão Preto;35132;Aquífero Guarani;3530;RRAS13
3551504;Serrana;SP;Sudeste;350031;Ribeirão Preto;3508;Ribeirão Preto;35132;Aquífero Guarani;3530;RRAS13
3551603;Serra Negra;SP;Sudeste;350048;Amparo;3510;Campinas;35074;Circuito das Águas;3528;RRAS15
3551702;Sertãozinho;SP;Sudeste;350031;Ribeirão Preto;3508;Ribeirão Preto;35131;Horizonte Verde;3530;RRAS13
3551801;Sete Barras;SP;Sudeste;350005;Registro;3502;Sorocaba;35121;Vale do Ribeira;3520;RRAS7
3551900;Severínia;SP;Sudeste;350032;Barretos;3508;Ribeirão Preto;35051;Norte - Barretos;3530;RRAS13
3552007;Silveiras;SP;Sudeste;350053;Cruzeiro;3511;São José dos Campos;35172;Circuito da Fé e Vale Histórico;3526;RRAS17
3552106;Socorro;SP;Sudeste;350041;Bragança Paulista;3510;Campinas;35071;Bragança;3527;RRAS16
3552205;Sorocaba;SP;Sudeste;350003;Sorocaba;3502;Sorocaba;35163;Sorocaba;3519;RRAS8
3552304;Sud Mennucci;SP;Sudeste;350024;Andradina;3506;Araçatuba;35022;Lagos do DRS II;3536;RRAS19
3552403;Sumaré;SP;Sudeste;350038;Campinas;3510;Campinas;35072;Região Metropolitana de Campinas;3528;RRAS15
3552502;Suzano;SP;Sudeste;350001;São Paulo;3501;São Paulo;35011;Alto do Tietê;3525;RRAS2
3552551;Suzanápolis;SP;Sudeste;350028;Jales;3507;São José do Rio Preto;35022;Lagos do DRS II;3536;RRAS19
3552601;Tabapuã;SP;Sudeste;350026;Catanduva;3507;São José do Rio Preto;35151;Catanduva;3531;RRAS12
3552700;Tabatinga;SP;Sudeste;350036;Araraquara;3509;Araraquara;35033;Noroeste do DRS III;3535;RRAS18
3552809;Taboão da Serra;SP;Sudeste;350001;São Paulo;3501;São Paulo;35013;Mananciais;3523;RRAS4
3552908;Taciba;SP;Sudeste;350018;Presidente Prudente;3505;Presidente Prudente;35112;Alta Sorocabana;3532;RRAS11
3553005;Taguaí;SP;Sudeste;350007;Avaré;3502;Sorocaba;35061;Vale do Jurumirim;3518;RRAS9
3553104;Taiaçu;SP;Sudeste;350032;Barretos;3508;Ribeirão Preto;35052;Sul - Barretos;3530;RRAS13
3553203;Taiúva;SP;Sudeste;350032;Barretos;3508;Ribeirão Preto;35052;Sul - Barretos;3530;RRAS13
3553302;Tambaú;SP;Sudeste;350044;São João da Boa Vista;3510;Campinas;35142;Mantiqueira;3528;RRAS15
3553401;Tanabi;SP;Sudeste;350025;São José do Rio Preto;3507;São José do Rio Preto;35155;São José do Rio Preto;3531;RRAS12
3553500;Tapiraí;SP;Sudeste;350003;Sorocaba;3502;Sorocaba;35163;Sorocaba;3519;RRAS8
3553609;Tapiratiba;SP;Sudeste;350047;São José do Rio Pardo - Mococa;3510;Campinas;35143;Rio Pardo;3528;RRAS15
3553658;Taquaral;SP;Sudeste;350032;Barretos;3508;Ribeirão Preto;35052;Sul - Barretos;3530;RRAS13
3553708;Taquaritinga;SP;Sudeste;350036;Araraquara;3509;Araraquara;35033;Noroeste do DRS III;3535;RRAS18
3553807;Taquarituba;SP;Sudeste;350007;Avaré;3502;Sorocaba;35061;Vale do Jurumirim;3518;RRAS9
3553856;Taquarivaí;SP;Sudeste;350004;Itapeva;3502;Sorocaba;35162;Itapeva;3519;RRAS8
3553906;Tarabai;SP;Sudeste;350018;Presidente Prudente;3505;Presidente Prudente;35112;Alta Sorocabana;3532;RRAS11
3553955;Tarumã;SP;Sudeste;350014;Assis;3504;Marília;35092;Assis;3533;RRAS10
3554003;Tatuí;SP;Sudeste;350008;Tatuí;3502;Sorocaba;35161;Itapetininga;3519;RRAS8
3554102;Taubaté;SP;Sudeste;350050;Taubaté - Pindamonhangaba;3511;São José dos Campos;35174;Vale do Paraíba/Região Serrana;3526;RRAS17
3554201;Tejupá;SP;Sudeste;350017;Piraju;3504;Marília;35061;Vale do Jurumirim;3518;RRAS9
3554300;Teodoro Sampaio;SP;Sudeste;350018;Presidente Prudente;3505;Presidente Prudente;35115;Pontal do Paranapanema;3532;RRAS11
3554409;Terra Roxa;SP;Sudeste;350032;Barretos;3508;Ribeirão Preto;35052;Sul - Barretos;3530;RRAS13
3554508;Tietê;SP;Sudeste;350003;Sorocaba;3502;Sorocaba;35163;Sorocaba;3519;RRAS8
3554607;Timburi;SP;Sudeste;350017;Piraju;3504;Marília;35094;Ourinhos;3533;RRAS10
3554656;Torre de Pedra;SP;Sudeste;350008;Tatuí;3502;Sorocaba;35063;Polo Cuesta;3518;RRAS9
3554706;Torrinha;SP;Sudeste;350010;Jaú;3503;Bauru;35064;Jaú;3518;RRAS9
3554755;Trabiju;SP;Sudeste;350036;Araraquara;3509;Araraquara;35031;Central do DRS III;3535;RRAS18
3554805;Tremembé;SP;Sudeste;350050;Taubaté - Pindamonhangaba;3511;São José dos Campos;35174;Vale do Paraíba/Região Serrana;3526;RRAS17
3554904;Três Fronteiras;SP;Sudeste;350030;Santa Fé do Sul;3507;São José do Rio Preto;35152;Santa Fé do Sul;3531;RRAS12
3554953;Tuiuti;SP;Sudeste;350041;Bragança Paulista;3510;Campinas;35071;Bragança;3527;RRAS16
3555000;Tupã;SP;Sudeste;350016;Tupã;3504;Marília;35095;Tupã;3533;RRAS10
3555109;Tupi Paulista;SP;Sudeste;350020;Dracena;3505;Presidente Prudente;35111;Alta Paulista;3532;RRAS11
3555208;Turiúba;SP;Sudeste;350023;Birigui - Penápolis;3506;Araçatuba;35023;Consórcios do DRS II;3536;RRAS19
3555307;Turmalina;SP;Sudeste;350028;Jales;3507;São José do Rio Preto;35154;Fernandópolis;3531;RRAS12
3555356;Ubarana;SP;Sudeste;350025;São José do Rio Preto;3507;São José do Rio Preto;35156;José Bonifácio;3531;RRAS12
3555406;Ubatuba;SP;Sudeste;350051;Caraguatatuba - Ubatuba - São Sebastião;3511;São José dos Campos;35173;Litoral Norte;3526;RRAS17
3555505;Ubirajara;SP;Sudeste;350009;Bauru;3503;Bauru;35093;Marília;3533;RRAS10
3555604;Uchoa;SP;Sudeste;350025;São José do Rio Preto;3507;São José do Rio Preto;35155;São José do Rio Preto;3531;RRAS12
3555703;União Paulista;SP;Sudeste;350025;São José do Rio Preto;3507;São José do Rio Preto;35156;José Bonifácio;3531;RRAS12
3555802;Urânia;SP;Sudeste;350028;Jales;3507;São José do Rio Preto;35153;Jales;3531;RRAS12
3555901;Uru;SP;Sudeste;350012;Lins;3503;Bauru;35065;Lins;3518;RRAS9
3556008;Urupês;SP;Sudeste;350025;São José do Rio Preto;3507;São José do Rio Preto;35151;Catanduva;3531;RRAS12
3556107;Valentim Gentil;SP;Sudeste;350027;Votuporanga;3507;São José do Rio Preto;35157;Votuporanga;3531;RRAS12
3556206;Valinhos;SP;Sudeste;350038;Campinas;3510;Campinas;35072;Região Metropolitana de Campinas;3528;RRAS15
3556305;Valparaíso;SP;Sudeste;350022;Araçatuba;3506;Araçatuba;35021;Central do DRS II;3536;RRAS19
3556354;Vargem;SP;Sudeste;350041;Bragança Paulista;3510;Campinas;35071;Bragança;3527;RRAS16
3556404;Vargem Grande do Sul;SP;Sudeste;350044;São João da Boa Vista;3510;Campinas;35142;Mantiqueira;3528;RRAS15
3556453;Vargem Grande Paulista;SP;Sudeste;350001;São Paulo;3501;São Paulo;35013;Mananciais;3523;RRAS4
3556503;Várzea Paulista;SP;Sudeste;350039;Jundiaí;3510;Campinas;35073;Jundiaí;3527;RRAS16
3556602;Vera Cruz;SP;Sudeste;350013;Marília;3504;Marília;35093;Marília;3533;RRAS10
3556701;Vinhedo;SP;Sudeste;350038;Campinas;3510;Campinas;35072;Região Metropolitana de Campinas;3528;RRAS15
3556800;Viradouro;SP;Sudeste;350032;Barretos;3508;Ribeirão Preto;35052;Sul - Barretos;3530;RRAS13
3556909;Vista Alegre do Alto;SP;Sudeste;350026;Catanduva;3507;São José do Rio Preto;35052;Sul - Barretos;3530;RRAS13
3556958;Vitória Brasil;SP;Sudeste;350028;Jales;3507;São José do Rio Preto;35153;Jales;3531;RRAS12
3557006;Votorantim;SP;Sudeste;350003;Sorocaba;3502;Sorocaba;35163;Sorocaba;3519;RRAS8
3557105;Votuporanga;SP;Sudeste;350027;Votuporanga;3507;São José do Rio Preto;35157;Votuporanga;3531;RRAS12
3557154;Zacarias;SP;Sudeste;350023;Birigui - Penápolis;3506;Araçatuba;35156;José Bonifácio;3531;RRAS12
3557204;Chavantes;SP;Sudeste;350015;Ourinhos;3504;Marília;35094;Ourinhos;3533;RRAS10
3557303;Estiva Gerbi;SP;Sudeste;350043;Mogi Guaçu;3510;Campinas;35141;Baixa Mogiana;3528;RRAS15
4100103;Abatiá;PR;Sul;410022;Santo Antônio da Platina;4105;Londrina;41018;18ª RS Cornélio Procópio;4105;MACRORREGIONAL NORTE
4100202;Adrianópolis;PR;Sul;410001;Curitiba;4101;Curitiba;41002;2ª RS Metropolitana;4107;MACRORREGIONAL LESTE
4100301;Agudos do Sul;PR;Sul;410001;Curitiba;4101;Curitiba;41002;2ª RS Metropolitana;4107;MACRORREGIONAL LESTE
4100400;Almirante Tamandaré;PR;Sul;410001;Curitiba;4101;Curitiba;41002;2ª RS Metropolitana;4107;MACRORREGIONAL LESTE
4100459;Altamira do Paraná;PR;Sul;410015;Campo Mourão;4104;Maringá;41011;11ª RS Campo Mourão;4106;MACRORREGIONAL NOROESTE
4100509;Altônia;PR;Sul;410016;Umuarama;4104;Maringá;41012;12ª RS Umuarama;4106;MACRORREGIONAL NOROESTE
4100608;Alto Paraná;PR;Sul;410017;Paranavaí;4104;Maringá;41014;14ª RS Paranavaí;4106;MACRORREGIONAL NOROESTE
4100707;Alto Piquiri;PR;Sul;410016;Umuarama;4104;Maringá;41012;12ª RS Umuarama;4106;MACRORREGIONAL NOROESTE
4100806;Alvorada do Sul;PR;Sul;410021;Londrina;4105;Londrina;41017;17ª RS Londrina;4105;MACRORREGIONAL NORTE
4100905;Amaporã;PR;Sul;410017;Paranavaí;4104;Maringá;41014;14ª RS Paranavaí;4106;MACRORREGIONAL NOROESTE
4101002;Ampére;PR;Sul;410009;Francisco Beltrão;4103;Cascavel;41008;8ª RS Francisco Beltrão;4108;MACRORREGIAO OESTE
4101051;Anahy;PR;Sul;410006;Cascavel;4103;Cascavel;41010;10ª RS Cascavel;4108;MACRORREGIAO OESTE
4101101;Andirá;PR;Sul;410022;Santo Antônio da Platina;4105;Londrina;41018;18ª RS Cornélio Procópio;4105;MACRORREGIONAL NORTE
4101150;Ângulo;PR;Sul;410014;Maringá;4104;Maringá;41015;15ª RS Maringá;4106;MACRORREGIONAL NOROESTE
4101200;Antonina;PR;Sul;410002;Paranaguá;4101;Curitiba;41001;1ª RS Paranaguá;4107;MACRORREGIONAL LESTE
4101309;Antônio Olinto;PR;Sul;410003;União da Vitória;4101;Curitiba;41006;6ª RS União da Vitória;4107;MACRORREGIONAL LESTE
4101408;Apucarana;PR;Sul;410023;Apucarana;4105;Londrina;41016;16ª RS Apucarana;4105;MACRORREGIONAL NORTE
4101507;Arapongas;PR;Sul;410021;Londrina;4105;Londrina;41016;16ª RS Apucarana;4105;MACRORREGIONAL NORTE
4101606;Arapoti;PR;Sul;410027;Ponta Grossa;4106;Ponta Grossa;41003;3ª RS Ponta Grossa;4107;MACRORREGIONAL LESTE
4101655;Arapuã;PR;Sul;410025;Ivaiporã;4105;Londrina;41022;22ª RS Ivaiporã;4105;MACRORREGIONAL NORTE
4101705;Araruna;PR;Sul;410015;Campo Mourão;4104;Maringá;41011;11ª RS Campo Mourão;4106;MACRORREGIONAL NOROESTE
4101804;Araucária;PR;Sul;410001;Curitiba;4101;Curitiba;41002;2ª RS Metropolitana;4107;MACRORREGIONAL LESTE
4101853;Ariranha do Ivaí;PR;Sul;410025;Ivaiporã;4105;Londrina;41022;22ª RS Ivaiporã;4105;MACRORREGIONAL NORTE
4101903;Assaí;PR;Sul;410021;Londrina;4105;Londrina;41017;17ª RS Londrina;4105;MACRORREGIONAL NORTE
4102000;Assis Chateaubriand;PR;Sul;410008;Toledo;4103;Cascavel;41020;20ª RS Toledo;4108;MACRORREGIAO OESTE
4102109;Astorga;PR;Sul;410014;Maringá;4104;Maringá;41015;15ª RS Maringá;4106;MACRORREGIONAL NOROESTE
4102208;Atalaia;PR;Sul;410014;Maringá;4104;Maringá;41015;15ª RS Maringá;4106;MACRORREGIONAL NOROESTE
4102307;Balsa Nova;PR;Sul;410001;Curitiba;4101;Curitiba;41002;2ª RS Metropolitana;4107;MACRORREGIONAL LESTE
4102406;Bandeirantes;PR;Sul;410024;Cornélio Procópio ¿ Bandeirantes;4105;Londrina;41018;18ª RS Cornélio Procópio;4105;MACRORREGIONAL NORTE
4102505;Barbosa Ferraz;PR;Sul;410015;Campo Mourão;4104;Maringá;41011;11ª RS Campo Mourão;4106;MACRORREGIONAL NOROESTE
4102604;Barracão;PR;Sul;410009;Francisco Beltrão;4103;Cascavel;41008;8ª RS Francisco Beltrão;4108;MACRORREGIAO OESTE
4102703;Barra do Jacaré;PR;Sul;410022;Santo Antônio da Platina;4105;Londrina;41019;19ª RS Jacarezinho;4105;MACRORREGIONAL NORTE
4102752;Bela Vista da Caroba;PR;Sul;410009;Francisco Beltrão;4103;Cascavel;41008;8ª RS Francisco Beltrão;4108;MACRORREGIAO OESTE
4102802;Bela Vista do Paraíso;PR;Sul;410021;Londrina;4105;Londrina;41017;17ª RS Londrina;4105;MACRORREGIONAL NORTE
4102901;Bituruna;PR;Sul;410003;União da Vitória;4101;Curitiba;41006;6ª RS União da Vitória;4107;MACRORREGIONAL LESTE
4103008;Boa Esperança;PR;Sul;410015;Campo Mourão;4104;Maringá;41011;11ª RS Campo Mourão;4106;MACRORREGIONAL NOROESTE
4103024;Boa Esperança do Iguaçu;PR;Sul;410012;Dois Vizinhos;4103;Cascavel;41008;8ª RS Francisco Beltrão;4108;MACRORREGIAO OESTE
4103040;Boa Ventura de São Roque;PR;Sul;410005;Pitanga;4102;Guarapuava;41005;5ª RS Guarapuava;4107;MACRORREGIONAL LESTE
4103057;Boa Vista da Aparecida;PR;Sul;410006;Cascavel;4103;Cascavel;41010;10ª RS Cascavel;4108;MACRORREGIAO OESTE
4103107;Bocaiúva do Sul;PR;Sul;410001;Curitiba;4101;Curitiba;41002;2ª RS Metropolitana;4107;MACRORREGIONAL LESTE
4103156;Bom Jesus do Sul;PR;Sul;410009;Francisco Beltrão;4103;Cascavel;41008;8ª RS Francisco Beltrão;4108;MACRORREGIAO OESTE
4103206;Bom Sucesso;PR;Sul;410023;Apucarana;4105;Londrina;41016;16ª RS Apucarana;4105;MACRORREGIONAL NORTE
4103222;Bom Sucesso do Sul;PR;Sul;410010;Pato Branco;4103;Cascavel;41007;7ª RS Pato Branco;4108;MACRORREGIAO OESTE
4103305;Borrazópolis;PR;Sul;410023;Apucarana;4105;Londrina;41016;16ª RS Apucarana;4105;MACRORREGIONAL NORTE
4103354;Braganey;PR;Sul;410006;Cascavel;4103;Cascavel;41010;10ª RS Cascavel;4108;MACRORREGIAO OESTE
4103370;Brasilândia do Sul;PR;Sul;410016;Umuarama;4104;Maringá;41012;12ª RS Umuarama;4106;MACRORREGIONAL NOROESTE
4103404;Cafeara;PR;Sul;410021;Londrina;4105;Londrina;41017;17ª RS Londrina;4105;MACRORREGIONAL NORTE
4103453;Cafelândia;PR;Sul;410006;Cascavel;4103;Cascavel;41010;10ª RS Cascavel;4108;MACRORREGIAO OESTE
4103479;Cafezal do Sul;PR;Sul;410016;Umuarama;4104;Maringá;41012;12ª RS Umuarama;4106;MACRORREGIONAL NOROESTE
4103503;Califórnia;PR;Sul;410023;Apucarana;4105;Londrina;41016;16ª RS Apucarana;4105;MACRORREGIONAL NORTE
4103602;Cambará;PR;Sul;410022;Santo Antônio da Platina;4105;Londrina;41019;19ª RS Jacarezinho;4105;MACRORREGIONAL NORTE
4103701;Cambé;PR;Sul;410021;Londrina;4105;Londrina;41017;17ª RS Londrina;4105;MACRORREGIONAL NORTE
4103800;Cambira;PR;Sul;410023;Apucarana;4105;Londrina;41016;16ª RS Apucarana;4105;MACRORREGIONAL NORTE
4103909;Campina da Lagoa;PR;Sul;410015;Campo Mourão;4104;Maringá;41011;11ª RS Campo Mourão;4106;MACRORREGIONAL NOROESTE
4103958;Campina do Simão;PR;Sul;410004;Guarapuava;4102;Guarapuava;41005;5ª RS Guarapuava;4107;MACRORREGIONAL LESTE
4104006;Campina Grande do Sul;PR;Sul;410001;Curitiba;4101;Curitiba;41002;2ª RS Metropolitana;4107;MACRORREGIONAL LESTE
4104055;Campo Bonito;PR;Sul;410006;Cascavel;4103;Cascavel;41010;10ª RS Cascavel;4108;MACRORREGIAO OESTE
4104105;Campo do Tenente;PR;Sul;410001;Curitiba;4101;Curitiba;41002;2ª RS Metropolitana;4107;MACRORREGIONAL LESTE
4104204;Campo Largo;PR;Sul;410001;Curitiba;4101;Curitiba;41002;2ª RS Metropolitana;4107;MACRORREGIONAL LESTE
4104253;Campo Magro;PR;Sul;410001;Curitiba;4101;Curitiba;41002;2ª RS Metropolitana;4107;MACRORREGIONAL LESTE
4104303;Campo Mourão;PR;Sul;410015;Campo Mourão;4104;Maringá;41011;11ª RS Campo Mourão;4106;MACRORREGIONAL NOROESTE
4104402;Cândido de Abreu;PR;Sul;410025;Ivaiporã;4105;Londrina;41022;22ª RS Ivaiporã;4105;MACRORREGIONAL NORTE
4104428;Candói;PR;Sul;410004;Guarapuava;4102;Guarapuava;41005;5ª RS Guarapuava;4107;MACRORREGIONAL LESTE
4104451;Cantagalo;PR;Sul;410004;Guarapuava;4102;Guarapuava;41005;5ª RS Guarapuava;4107;MACRORREGIONAL LESTE
4104501;Capanema;PR;Sul;410009;Francisco Beltrão;4103;Cascavel;41008;8ª RS Francisco Beltrão;4108;MACRORREGIAO OESTE
4104600;Capitão Leônidas Marques;PR;Sul;410006;Cascavel;4103;Cascavel;41010;10ª RS Cascavel;4108;MACRORREGIAO OESTE
4104659;Carambeí;PR;Sul;410027;Ponta Grossa;4106;Ponta Grossa;41003;3ª RS Ponta Grossa;4107;MACRORREGIONAL LESTE
4104709;Carlópolis;PR;Sul;410022;Santo Antônio da Platina;4105;Londrina;41019;19ª RS Jacarezinho;4105;MACRORREGIONAL NORTE
4104808;Cascavel;PR;Sul;410006;Cascavel;4103;Cascavel;41010;10ª RS Cascavel;4108;MACRORREGIAO OESTE
4104907;Castro;PR;Sul;410027;Ponta Grossa;4106;Ponta Grossa;41003;3ª RS Ponta Grossa;4107;MACRORREGIONAL LESTE
4105003;Catanduvas;PR;Sul;410006;Cascavel;4103;Cascavel;41010;10ª RS Cascavel;4108;MACRORREGIAO OESTE
4105102;Centenário do Sul;PR;Sul;410021;Londrina;4105;Londrina;41017;17ª RS Londrina;4105;MACRORREGIONAL NORTE
4105201;Cerro Azul;PR;Sul;410001;Curitiba;4101;Curitiba;41002;2ª RS Metropolitana;4107;MACRORREGIONAL LESTE
4105300;Céu Azul;PR;Sul;410006;Cascavel;4103;Cascavel;41010;10ª RS Cascavel;4108;MACRORREGIAO OESTE
4105409;Chopinzinho;PR;Sul;410010;Pato Branco;4103;Cascavel;41007;7ª RS Pato Branco;4108;MACRORREGIAO OESTE
4105508;Cianorte;PR;Sul;410018;Cianorte;4104;Maringá;41013;13ª RS Cianorte;4106;MACRORREGIONAL NOROESTE
4105607;Cidade Gaúcha;PR;Sul;410016;Umuarama;4104;Maringá;41013;13ª RS Cianorte;4106;MACRORREGIONAL NOROESTE
4105706;Clevelândia;PR;Sul;410010;Pato Branco;4103;Cascavel;41007;7ª RS Pato Branco;4108;MACRORREGIAO OESTE
4105805;Colombo;PR;Sul;410001;Curitiba;4101;Curitiba;41002;2ª RS Metropolitana;4107;MACRORREGIONAL LESTE
4105904;Colorado;PR;Sul;410019;Paranacity - Colorado;4104;Maringá;41015;15ª RS Maringá;4106;MACRORREGIONAL NOROESTE
4106001;Congonhinhas;PR;Sul;410024;Cornélio Procópio ¿ Bandeirantes;4105;Londrina;41018;18ª RS Cornélio Procópio;4105;MACRORREGIONAL NORTE
4106100;Conselheiro Mairinck;PR;Sul;410026;Ibaiti;4105;Londrina;41019;19ª RS Jacarezinho;4105;MACRORREGIONAL NORTE
4106209;Contenda;PR;Sul;410001;Curitiba;4101;Curitiba;41002;2ª RS Metropolitana;4107;MACRORREGIONAL LESTE
4106308;Corbélia;PR;Sul;410006;Cascavel;4103;Cascavel;41010;10ª RS Cascavel;4108;MACRORREGIAO OESTE
4106407;Cornélio Procópio;PR;Sul;410024;Cornélio Procópio ¿ Bandeirantes;4105;Londrina;41018;18ª RS Cornélio Procópio;4105;MACRORREGIONAL NORTE
4106456;Coronel Domingos Soares;PR;Sul;410010;Pato Branco;4103;Cascavel;41007;7ª RS Pato Branco;4108;MACRORREGIAO OESTE
4106506;Coronel Vivida;PR;Sul;410010;Pato Branco;4103;Cascavel;41007;7ª RS Pato Branco;4108;MACRORREGIAO OESTE
4106555;Corumbataí do Sul;PR;Sul;410015;Campo Mourão;4104;Maringá;41011;11ª RS Campo Mourão;4106;MACRORREGIONAL NOROESTE
4106571;Cruzeiro do Iguaçu;PR;Sul;410012;Dois Vizinhos;4103;Cascavel;41008;8ª RS Francisco Beltrão;4108;MACRORREGIAO OESTE
4106605;Cruzeiro do Oeste;PR;Sul;410016;Umuarama;4104;Maringá;41012;12ª RS Umuarama;4106;MACRORREGIONAL NOROESTE
4106704;Cruzeiro do Sul;PR;Sul;410019;Paranacity - Colorado;4104;Maringá;41014;14ª RS Paranavaí;4106;MACRORREGIONAL NOROESTE
4106803;Cruz Machado;PR;Sul;410003;União da Vitória;4101;Curitiba;41006;6ª RS União da Vitória;4107;MACRORREGIONAL LESTE
4106852;Cruzmaltina;PR;Sul;410025;Ivaiporã;4105;Londrina;41022;22ª RS Ivaiporã;4105;MACRORREGIONAL NORTE
4106902;Curitiba;PR;Sul;410001;Curitiba;4101;Curitiba;41002;2ª RS Metropolitana;4107;MACRORREGIONAL LESTE
4107009;Curiúva;PR;Sul;410028;Telêmaco Borba;4106;Ponta Grossa;41021;21ª RS Telêmaco Borba;4107;MACRORREGIONAL LESTE
4107108;Diamante do Norte;PR;Sul;410017;Paranavaí;4104;Maringá;41014;14ª RS Paranavaí;4106;MACRORREGIONAL NOROESTE
4107124;Diamante do Sul;PR;Sul;410006;Cascavel;4103;Cascavel;41010;10ª RS Cascavel;4108;MACRORREGIAO OESTE
4107157;Diamante D'Oeste;PR;Sul;410006;Cascavel;4103;Cascavel;41020;20ª RS Toledo;4108;MACRORREGIAO OESTE
4107207;Dois Vizinhos;PR;Sul;410012;Dois Vizinhos;4103;Cascavel;41008;8ª RS Francisco Beltrão;4108;MACRORREGIAO OESTE
4107256;Douradina;PR;Sul;410016;Umuarama;4104;Maringá;41012;12ª RS Umuarama;4106;MACRORREGIONAL NOROESTE
4107306;Doutor Camargo;PR;Sul;410014;Maringá;4104;Maringá;41015;15ª RS Maringá;4106;MACRORREGIONAL NOROESTE
4107405;Enéas Marques;PR;Sul;410009;Francisco Beltrão;4103;Cascavel;41008;8ª RS Francisco Beltrão;4108;MACRORREGIAO OESTE
4107504;Engenheiro Beltrão;PR;Sul;410015;Campo Mourão;4104;Maringá;41011;11ª RS Campo Mourão;4106;MACRORREGIONAL NOROESTE
4107520;Esperança Nova;PR;Sul;410016;Umuarama;4104;Maringá;41012;12ª RS Umuarama;4106;MACRORREGIONAL NOROESTE
4107538;Entre Rios do Oeste;PR;Sul;410013;Marechal Cândido Rondon;4103;Cascavel;41020;20ª RS Toledo;4108;MACRORREGIAO OESTE
4107546;Espigão Alto do Iguaçu;PR;Sul;410011;Laranjeiras do Sul - Quedas do Iguaçu;4103;Cascavel;41010;10ª RS Cascavel;4108;MACRORREGIAO OESTE
4107553;Farol;PR;Sul;410015;Campo Mourão;4104;Maringá;41011;11ª RS Campo Mourão;4106;MACRORREGIONAL NOROESTE
4107603;Faxinal;PR;Sul;410025;Ivaiporã;4105;Londrina;41016;16ª RS Apucarana;4105;MACRORREGIONAL NORTE
4107652;Fazenda Rio Grande;PR;Sul;410001;Curitiba;4101;Curitiba;41002;2ª RS Metropolitana;4107;MACRORREGIONAL LESTE
4107702;Fênix;PR;Sul;410015;Campo Mourão;4104;Maringá;41011;11ª RS Campo Mourão;4106;MACRORREGIONAL NOROESTE
4107736;Fernandes Pinheiro;PR;Sul;410029;Irati;4106;Ponta Grossa;41004;4ª RS Irati;4107;MACRORREGIONAL LESTE
4107751;Figueira;PR;Sul;410026;Ibaiti;4105;Londrina;41019;19ª RS Jacarezinho;4105;MACRORREGIONAL NORTE
4107801;Floraí;PR;Sul;410014;Maringá;4104;Maringá;41015;15ª RS Maringá;4106;MACRORREGIONAL NOROESTE
4107850;Flor da Serra do Sul;PR;Sul;410009;Francisco Beltrão;4103;Cascavel;41008;8ª RS Francisco Beltrão;4108;MACRORREGIAO OESTE
4107900;Floresta;PR;Sul;410014;Maringá;4104;Maringá;41015;15ª RS Maringá;4106;MACRORREGIONAL NOROESTE
4108007;Florestópolis;PR;Sul;410021;Londrina;4105;Londrina;41017;17ª RS Londrina;4105;MACRORREGIONAL NORTE
4108106;Flórida;PR;Sul;410014;Maringá;4104;Maringá;41015;15ª RS Maringá;4106;MACRORREGIONAL NOROESTE
4108205;Formosa do Oeste;PR;Sul;410008;Toledo;4103;Cascavel;41010;10ª RS Cascavel;4108;MACRORREGIAO OESTE
4108304;Foz do Iguaçu;PR;Sul;410007;Foz do Iguaçu;4103;Cascavel;41009;9ª RS Foz do Iguaçu;4108;MACRORREGIAO OESTE
4108320;Francisco Alves;PR;Sul;410016;Umuarama;4104;Maringá;41012;12ª RS Umuarama;4106;MACRORREGIONAL NOROESTE
4108403;Francisco Beltrão;PR;Sul;410009;Francisco Beltrão;4103;Cascavel;41008;8ª RS Francisco Beltrão;4108;MACRORREGIAO OESTE
4108452;Foz do Jordão;PR;Sul;410004;Guarapuava;4102;Guarapuava;41005;5ª RS Guarapuava;4107;MACRORREGIONAL LESTE
4108502;General Carneiro;PR;Sul;410003;União da Vitória;4101;Curitiba;41006;6ª RS União da Vitória;4107;MACRORREGIONAL LESTE
4108551;Godoy Moreira;PR;Sul;410025;Ivaiporã;4105;Londrina;41022;22ª RS Ivaiporã;4105;MACRORREGIONAL NORTE
4108601;Goioerê;PR;Sul;410015;Campo Mourão;4104;Maringá;41011;11ª RS Campo Mourão;4106;MACRORREGIONAL NOROESTE
4108650;Goioxim;PR;Sul;410004;Guarapuava;4102;Guarapuava;41005;5ª RS Guarapuava;4107;MACRORREGIONAL LESTE
4108700;Grandes Rios;PR;Sul;410025;Ivaiporã;4105;Londrina;41016;16ª RS Apucarana;4105;MACRORREGIONAL NORTE
4108809;Guaíra;PR;Sul;410008;Toledo;4103;Cascavel;41020;20ª RS Toledo;4108;MACRORREGIAO OESTE
4108908;Guairaçá;PR;Sul;410017;Paranavaí;4104;Maringá;41014;14ª RS Paranavaí;4106;MACRORREGIONAL NOROESTE
4108957;Guamiranga;PR;Sul;410004;Guarapuava;4102;Guarapuava;41004;4ª RS Irati;4107;MACRORREGIONAL LESTE
4109005;Guapirama;PR;Sul;410022;Santo Antônio da Platina;4105;Londrina;41019;19ª RS Jacarezinho;4105;MACRORREGIONAL NORTE
4109104;Guaporema;PR;Sul;410018;Cianorte;4104;Maringá;41013;13ª RS Cianorte;4106;MACRORREGIONAL NOROESTE
4109203;Guaraci;PR;Sul;410021;Londrina;4105;Londrina;41017;17ª RS Londrina;4105;MACRORREGIONAL NORTE
4109302;Guaraniaçu;PR;Sul;410006;Cascavel;4103;Cascavel;41010;10ª RS Cascavel;4108;MACRORREGIAO OESTE
4109401;Guarapuava;PR;Sul;410004;Guarapuava;4102;Guarapuava;41005;5ª RS Guarapuava;4107;MACRORREGIONAL LESTE
4109500;Guaraqueçaba;PR;Sul;410002;Paranaguá;4101;Curitiba;41001;1ª RS Paranaguá;4107;MACRORREGIONAL LESTE
4109609;Guaratuba;PR;Sul;410002;Paranaguá;4101;Curitiba;41001;1ª RS Paranaguá;4107;MACRORREGIONAL LESTE
4109658;Honório Serpa;PR;Sul;410010;Pato Branco;4103;Cascavel;41007;7ª RS Pato Branco;4108;MACRORREGIAO OESTE
4109708;Ibaiti;PR;Sul;410026;Ibaiti;4105;Londrina;41019;19ª RS Jacarezinho;4105;MACRORREGIONAL NORTE
4109757;Ibema;PR;Sul;410006;Cascavel;4103;Cascavel;41010;10ª RS Cascavel;4108;MACRORREGIAO OESTE
4109807;Ibiporã;PR;Sul;410021;Londrina;4105;Londrina;41017;17ª RS Londrina;4105;MACRORREGIONAL NORTE
4109906;Icaraíma;PR;Sul;410016;Umuarama;4104;Maringá;41012;12ª RS Umuarama;4106;MACRORREGIONAL NOROESTE
4110003;Iguaraçu;PR;Sul;410014;Maringá;4104;Maringá;41015;15ª RS Maringá;4106;MACRORREGIONAL NOROESTE
4110052;Iguatu;PR;Sul;410006;Cascavel;4103;Cascavel;41010;10ª RS Cascavel;4108;MACRORREGIAO OESTE
4110078;Imbaú;PR;Sul;410028;Telêmaco Borba;4106;Ponta Grossa;41021;21ª RS Telêmaco Borba;4107;MACRORREGIONAL LESTE
4110102;Imbituva;PR;Sul;410029;Irati;4106;Ponta Grossa;41004;4ª RS Irati;4107;MACRORREGIONAL LESTE
4110201;Inácio Martins;PR;Sul;410004;Guarapuava;4102;Guarapuava;41004;4ª RS Irati;4107;MACRORREGIONAL LESTE
4110300;Inajá;PR;Sul;410019;Paranacity - Colorado;4104;Maringá;41014;14ª RS Paranavaí;4106;MACRORREGIONAL NOROESTE
4110409;Indianópolis;PR;Sul;410018;Cianorte;4104;Maringá;41013;13ª RS Cianorte;4106;MACRORREGIONAL NOROESTE
4110508;Ipiranga;PR;Sul;410027;Ponta Grossa;4106;Ponta Grossa;41003;3ª RS Ponta Grossa;4107;MACRORREGIONAL LESTE
4110607;Iporã;PR;Sul;410016;Umuarama;4104;Maringá;41012;12ª RS Umuarama;4106;MACRORREGIONAL NOROESTE
4110656;Iracema do Oeste;PR;Sul;410008;Toledo;4103;Cascavel;41010;10ª RS Cascavel;4108;MACRORREGIAO OESTE
4110706;Irati;PR;Sul;410029;Irati;4106;Ponta Grossa;41004;4ª RS Irati;4107;MACRORREGIONAL LESTE
4110805;Iretama;PR;Sul;410015;Campo Mourão;4104;Maringá;41011;11ª RS Campo Mourão;4106;MACRORREGIONAL NOROESTE
4110904;Itaguajé;PR;Sul;410019;Paranacity - Colorado;4104;Maringá;41015;15ª RS Maringá;4106;MACRORREGIONAL NOROESTE
4110953;Itaipulândia;PR;Sul;410007;Foz do Iguaçu;4103;Cascavel;41009;9ª RS Foz do Iguaçu;4108;MACRORREGIAO OESTE
4111001;Itambaracá;PR;Sul;410024;Cornélio Procópio ¿ Bandeirantes;4105;Londrina;41018;18ª RS Cornélio Procópio;4105;MACRORREGIONAL NORTE
4111100;Itambé;PR;Sul;410014;Maringá;4104;Maringá;41015;15ª RS Maringá;4106;MACRORREGIONAL NOROESTE
4111209;Itapejara d'Oeste;PR;Sul;410010;Pato Branco;4103;Cascavel;41007;7ª RS Pato Branco;4108;MACRORREGIAO OESTE
4111258;Itaperuçu;PR;Sul;410001;Curitiba;4101;Curitiba;41002;2ª RS Metropolitana;4107;MACRORREGIONAL LESTE
4111308;Itaúna do Sul;PR;Sul;410017;Paranavaí;4104;Maringá;41014;14ª RS Paranavaí;4106;MACRORREGIONAL NOROESTE
4111407;Ivaí;PR;Sul;410027;Ponta Grossa;4106;Ponta Grossa;41003;3ª RS Ponta Grossa;4107;MACRORREGIONAL LESTE
4111506;Ivaiporã;PR;Sul;410025;Ivaiporã;4105;Londrina;41022;22ª RS Ivaiporã;4105;MACRORREGIONAL NORTE
4111555;Ivaté;PR;Sul;410016;Umuarama;4104;Maringá;41012;12ª RS Umuarama;4106;MACRORREGIONAL NOROESTE
4111605;Ivatuba;PR;Sul;410014;Maringá;4104;Maringá;41015;15ª RS Maringá;4106;MACRORREGIONAL NOROESTE
4111704;Jaboti;PR;Sul;410026;Ibaiti;4105;Londrina;41019;19ª RS Jacarezinho;4105;MACRORREGIONAL NORTE
4111803;Jacarezinho;PR;Sul;410022;Santo Antônio da Platina;4105;Londrina;41019;19ª RS Jacarezinho;4105;MACRORREGIONAL NORTE
4111902;Jaguapitã;PR;Sul;410021;Londrina;4105;Londrina;41017;17ª RS Londrina;4105;MACRORREGIONAL NORTE
4112009;Jaguariaíva;PR;Sul;410027;Ponta Grossa;4106;Ponta Grossa;41003;3ª RS Ponta Grossa;4107;MACRORREGIONAL LESTE
4112108;Jandaia do Sul;PR;Sul;410023;Apucarana;4105;Londrina;41016;16ª RS Apucarana;4105;MACRORREGIONAL NORTE
4112207;Janiópolis;PR;Sul;410015;Campo Mourão;4104;Maringá;41011;11ª RS Campo Mourão;4106;MACRORREGIONAL NOROESTE
4112306;Japira;PR;Sul;410026;Ibaiti;4105;Londrina;41019;19ª RS Jacarezinho;4105;MACRORREGIONAL NORTE
4112405;Japurá;PR;Sul;410018;Cianorte;4104;Maringá;41013;13ª RS Cianorte;4106;MACRORREGIONAL NOROESTE
4112504;Jardim Alegre;PR;Sul;410025;Ivaiporã;4105;Londrina;41022;22ª RS Ivaiporã;4105;MACRORREGIONAL NORTE
4112603;Jardim Olinda;PR;Sul;410019;Paranacity - Colorado;4104;Maringá;41014;14ª RS Paranavaí;4106;MACRORREGIONAL NOROESTE
4112702;Jataizinho;PR;Sul;410021;Londrina;4105;Londrina;41017;17ª RS Londrina;4105;MACRORREGIONAL NORTE
4112751;Jesuítas;PR;Sul;410008;Toledo;4103;Cascavel;41010;10ª RS Cascavel;4108;MACRORREGIAO OESTE
4112801;Joaquim Távora;PR;Sul;410022;Santo Antônio da Platina;4105;Londrina;41019;19ª RS Jacarezinho;4105;MACRORREGIONAL NORTE
4112900;Jundiaí do Sul;PR;Sul;410022;Santo Antônio da Platina;4105;Londrina;41019;19ª RS Jacarezinho;4105;MACRORREGIONAL NORTE
4112959;Juranda;PR;Sul;410015;Campo Mourão;4104;Maringá;41011;11ª RS Campo Mourão;4106;MACRORREGIONAL NOROESTE
4113007;Jussara;PR;Sul;410018;Cianorte;4104;Maringá;41013;13ª RS Cianorte;4106;MACRORREGIONAL NOROESTE
4113106;Kaloré;PR;Sul;410023;Apucarana;4105;Londrina;41016;16ª RS Apucarana;4105;MACRORREGIONAL NORTE
4113205;Lapa;PR;Sul;410001;Curitiba;4101;Curitiba;41002;2ª RS Metropolitana;4107;MACRORREGIONAL LESTE
4113254;Laranjal;PR;Sul;410005;Pitanga;4102;Guarapuava;41005;5ª RS Guarapuava;4107;MACRORREGIONAL LESTE
4113304;Laranjeiras do Sul;PR;Sul;410011;Laranjeiras do Sul - Quedas do Iguaçu;4103;Cascavel;41005;5ª RS Guarapuava;4107;MACRORREGIONAL LESTE
4113403;Leópolis;PR;Sul;410024;Cornélio Procópio ¿ Bandeirantes;4105;Londrina;41018;18ª RS Cornélio Procópio;4105;MACRORREGIONAL NORTE
4113429;Lidianópolis;PR;Sul;410025;Ivaiporã;4105;Londrina;41022;22ª RS Ivaiporã;4105;MACRORREGIONAL NORTE
4113452;Lindoeste;PR;Sul;410006;Cascavel;4103;Cascavel;41010;10ª RS Cascavel;4108;MACRORREGIAO OESTE
4113502;Loanda;PR;Sul;410020;Loanda;4104;Maringá;41014;14ª RS Paranavaí;4106;MACRORREGIONAL NOROESTE
4113601;Lobato;PR;Sul;410019;Paranacity - Colorado;4104;Maringá;41015;15ª RS Maringá;4106;MACRORREGIONAL NOROESTE
4113700;Londrina;PR;Sul;410021;Londrina;4105;Londrina;41017;17ª RS Londrina;4105;MACRORREGIONAL NORTE
4113734;Luiziana;PR;Sul;410015;Campo Mourão;4104;Maringá;41011;11ª RS Campo Mourão;4106;MACRORREGIONAL NOROESTE
4113759;Lunardelli;PR;Sul;410025;Ivaiporã;4105;Londrina;41022;22ª RS Ivaiporã;4105;MACRORREGIONAL NORTE
4113809;Lupionópolis;PR;Sul;410021;Londrina;4105;Londrina;41017;17ª RS Londrina;4105;MACRORREGIONAL NORTE
4113908;Mallet;PR;Sul;410029;Irati;4106;Ponta Grossa;41004;4ª RS Irati;4107;MACRORREGIONAL LESTE
4114005;Mamborê;PR;Sul;410015;Campo Mourão;4104;Maringá;41011;11ª RS Campo Mourão;4106;MACRORREGIONAL NOROESTE
4114104;Mandaguaçu;PR;Sul;410014;Maringá;4104;Maringá;41015;15ª RS Maringá;4106;MACRORREGIONAL NOROESTE
4114203;Mandaguari;PR;Sul;410014;Maringá;4104;Maringá;41015;15ª RS Maringá;4106;MACRORREGIONAL NOROESTE
4114302;Mandirituba;PR;Sul;410001;Curitiba;4101;Curitiba;41002;2ª RS Metropolitana;4107;MACRORREGIONAL LESTE
4114351;Manfrinópolis;PR;Sul;410009;Francisco Beltrão;4103;Cascavel;41008;8ª RS Francisco Beltrão;4108;MACRORREGIAO OESTE
4114401;Mangueirinha;PR;Sul;410010;Pato Branco;4103;Cascavel;41007;7ª RS Pato Branco;4108;MACRORREGIAO OESTE
4114500;Manoel Ribas;PR;Sul;410025;Ivaiporã;4105;Londrina;41022;22ª RS Ivaiporã;4105;MACRORREGIONAL NORTE
4114609;Marechal Cândido Rondon;PR;Sul;410013;Marechal Cândido Rondon;4103;Cascavel;41020;20ª RS Toledo;4108;MACRORREGIAO OESTE
4114708;Maria Helena;PR;Sul;410016;Umuarama;4104;Maringá;41012;12ª RS Umuarama;4106;MACRORREGIONAL NOROESTE
4114807;Marialva;PR;Sul;410014;Maringá;4104;Maringá;41015;15ª RS Maringá;4106;MACRORREGIONAL NOROESTE
4114906;Marilândia do Sul;PR;Sul;410023;Apucarana;4105;Londrina;41016;16ª RS Apucarana;4105;MACRORREGIONAL NORTE
4115002;Marilena;PR;Sul;410017;Paranavaí;4104;Maringá;41014;14ª RS Paranavaí;4106;MACRORREGIONAL NOROESTE
4115101;Mariluz;PR;Sul;410016;Umuarama;4104;Maringá;41012;12ª RS Umuarama;4106;MACRORREGIONAL NOROESTE
4115200;Maringá;PR;Sul;410014;Maringá;4104;Maringá;41015;15ª RS Maringá;4106;MACRORREGIONAL NOROESTE
4115309;Mariópolis;PR;Sul;410010;Pato Branco;4103;Cascavel;41007;7ª RS Pato Branco;4108;MACRORREGIAO OESTE
4115358;Maripá;PR;Sul;410008;Toledo;4103;Cascavel;41020;20ª RS Toledo;4108;MACRORREGIAO OESTE
4115408;Marmeleiro;PR;Sul;410009;Francisco Beltrão;4103;Cascavel;41008;8ª RS Francisco Beltrão;4108;MACRORREGIAO OESTE
4115457;Marquinho;PR;Sul;410011;Laranjeiras do Sul - Quedas do Iguaçu;4103;Cascavel;41005;5ª RS Guarapuava;4107;MACRORREGIONAL LESTE
4115507;Marumbi;PR;Sul;410023;Apucarana;4105;Londrina;41016;16ª RS Apucarana;4105;MACRORREGIONAL NORTE
4115606;Matelândia;PR;Sul;410006;Cascavel;4103;Cascavel;41009;9ª RS Foz do Iguaçu;4108;MACRORREGIAO OESTE
4115705;Matinhos;PR;Sul;410002;Paranaguá;4101;Curitiba;41001;1ª RS Paranaguá;4107;MACRORREGIONAL LESTE
4115739;Mato Rico;PR;Sul;410005;Pitanga;4102;Guarapuava;41022;22ª RS Ivaiporã;4105;MACRORREGIONAL NORTE
4115754;Mauá da Serra;PR;Sul;410023;Apucarana;4105;Londrina;41016;16ª RS Apucarana;4105;MACRORREGIONAL NORTE
4115804;Medianeira;PR;Sul;410007;Foz do Iguaçu;4103;Cascavel;41009;9ª RS Foz do Iguaçu;4108;MACRORREGIAO OESTE
4115853;Mercedes;PR;Sul;410013;Marechal Cândido Rondon;4103;Cascavel;41020;20ª RS Toledo;4108;MACRORREGIAO OESTE
4115903;Mirador;PR;Sul;410017;Paranavaí;4104;Maringá;41014;14ª RS Paranavaí;4106;MACRORREGIONAL NOROESTE
4116000;Miraselva;PR;Sul;410021;Londrina;4105;Londrina;41017;17ª RS Londrina;4105;MACRORREGIONAL NORTE
4116059;Missal;PR;Sul;410007;Foz do Iguaçu;4103;Cascavel;41009;9ª RS Foz do Iguaçu;4108;MACRORREGIAO OESTE
4116109;Moreira Sales;PR;Sul;410015;Campo Mourão;4104;Maringá;41011;11ª RS Campo Mourão;4106;MACRORREGIONAL NOROESTE
4116208;Morretes;PR;Sul;410002;Paranaguá;4101;Curitiba;41001;1ª RS Paranaguá;4107;MACRORREGIONAL LESTE
4116307;Munhoz de Melo;PR;Sul;410014;Maringá;4104;Maringá;41015;15ª RS Maringá;4106;MACRORREGIONAL NOROESTE
4116406;Nossa Senhora das Graças;PR;Sul;410019;Paranacity - Colorado;4104;Maringá;41015;15ª RS Maringá;4106;MACRORREGIONAL NOROESTE
4116505;Nova Aliança do Ivaí;PR;Sul;410017;Paranavaí;4104;Maringá;41014;14ª RS Paranavaí;4106;MACRORREGIONAL NOROESTE
4116604;Nova América da Colina;PR;Sul;410024;Cornélio Procópio ¿ Bandeirantes;4105;Londrina;41018;18ª RS Cornélio Procópio;4105;MACRORREGIONAL NORTE
4116703;Nova Aurora;PR;Sul;410006;Cascavel;4103;Cascavel;41010;10ª RS Cascavel;4108;MACRORREGIAO OESTE
4116802;Nova Cantu;PR;Sul;410015;Campo Mourão;4104;Maringá;41011;11ª RS Campo Mourão;4106;MACRORREGIONAL NOROESTE
4116901;Nova Esperança;PR;Sul;410014;Maringá;4104;Maringá;41015;15ª RS Maringá;4106;MACRORREGIONAL NOROESTE
4116950;Nova Esperança do Sudoeste;PR;Sul;410009;Francisco Beltrão;4103;Cascavel;41008;8ª RS Francisco Beltrão;4108;MACRORREGIAO OESTE
4117008;Nova Fátima;PR;Sul;410024;Cornélio Procópio ¿ Bandeirantes;4105;Londrina;41018;18ª RS Cornélio Procópio;4105;MACRORREGIONAL NORTE
4117057;Nova Laranjeiras;PR;Sul;410011;Laranjeiras do Sul - Quedas do Iguaçu;4103;Cascavel;41005;5ª RS Guarapuava;4107;MACRORREGIONAL LESTE
4117107;Nova Londrina;PR;Sul;410017;Paranavaí;4104;Maringá;41014;14ª RS Paranavaí;4106;MACRORREGIONAL NOROESTE
4117206;Nova Olímpia;PR;Sul;410016;Umuarama;4104;Maringá;41012;12ª RS Umuarama;4106;MACRORREGIONAL NOROESTE
4117214;Nova Santa Bárbara;PR;Sul;410024;Cornélio Procópio ¿ Bandeirantes;4105;Londrina;41018;18ª RS Cornélio Procópio;4105;MACRORREGIONAL NORTE
4117222;Nova Santa Rosa;PR;Sul;410013;Marechal Cândido Rondon;4103;Cascavel;41020;20ª RS Toledo;4108;MACRORREGIAO OESTE
4117255;Nova Prata do Iguaçu;PR;Sul;410012;Dois Vizinhos;4103;Cascavel;41008;8ª RS Francisco Beltrão;4108;MACRORREGIAO OESTE
4117271;Nova Tebas;PR;Sul;410005;Pitanga;4102;Guarapuava;41022;22ª RS Ivaiporã;4105;MACRORREGIONAL NORTE
4117297;Novo Itacolomi;PR;Sul;410023;Apucarana;4105;Londrina;41016;16ª RS Apucarana;4105;MACRORREGIONAL NORTE
4117305;Ortigueira;PR;Sul;410028;Telêmaco Borba;4106;Ponta Grossa;41021;21ª RS Telêmaco Borba;4107;MACRORREGIONAL LESTE
4117404;Ourizona;PR;Sul;410014;Maringá;4104;Maringá;41015;15ª RS Maringá;4106;MACRORREGIONAL NOROESTE
4117453;Ouro Verde do Oeste;PR;Sul;410008;Toledo;4103;Cascavel;41020;20ª RS Toledo;4108;MACRORREGIAO OESTE
4117503;Paiçandu;PR;Sul;410014;Maringá;4104;Maringá;41015;15ª RS Maringá;4106;MACRORREGIONAL NOROESTE
4117602;Palmas;PR;Sul;410010;Pato Branco;4103;Cascavel;41007;7ª RS Pato Branco;4108;MACRORREGIAO OESTE
4117701;Palmeira;PR;Sul;410027;Ponta Grossa;4106;Ponta Grossa;41003;3ª RS Ponta Grossa;4107;MACRORREGIONAL LESTE
4117800;Palmital;PR;Sul;410005;Pitanga;4102;Guarapuava;41005;5ª RS Guarapuava;4107;MACRORREGIONAL LESTE
4117909;Palotina;PR;Sul;410008;Toledo;4103;Cascavel;41020;20ª RS Toledo;4108;MACRORREGIAO OESTE
4118006;Paraíso do Norte;PR;Sul;410017;Paranavaí;4104;Maringá;41014;14ª RS Paranavaí;4106;MACRORREGIONAL NOROESTE
4118105;Paranacity;PR;Sul;410019;Paranacity - Colorado;4104;Maringá;41015;15ª RS Maringá;4106;MACRORREGIONAL NOROESTE
4118204;Paranaguá;PR;Sul;410002;Paranaguá;4101;Curitiba;41001;1ª RS Paranaguá;4107;MACRORREGIONAL LESTE
4118303;Paranapoema;PR;Sul;410019;Paranacity - Colorado;4104;Maringá;41014;14ª RS Paranavaí;4106;MACRORREGIONAL NOROESTE
4118402;Paranavaí;PR;Sul;410017;Paranavaí;4104;Maringá;41014;14ª RS Paranavaí;4106;MACRORREGIONAL NOROESTE
4118451;Pato Bragado;PR;Sul;410013;Marechal Cândido Rondon;4103;Cascavel;41020;20ª RS Toledo;4108;MACRORREGIAO OESTE
4118501;Pato Branco;PR;Sul;410010;Pato Branco;4103;Cascavel;41007;7ª RS Pato Branco;4108;MACRORREGIAO OESTE
4118600;Paula Freitas;PR;Sul;410003;União da Vitória;4101;Curitiba;41006;6ª RS União da Vitória;4107;MACRORREGIONAL LESTE
4118709;Paulo Frontin;PR;Sul;410003;União da Vitória;4101;Curitiba;41006;6ª RS União da Vitória;4107;MACRORREGIONAL LESTE
4118808;Peabiru;PR;Sul;410015;Campo Mourão;4104;Maringá;41011;11ª RS Campo Mourão;4106;MACRORREGIONAL NOROESTE
4118857;Perobal;PR;Sul;410016;Umuarama;4104;Maringá;41012;12ª RS Umuarama;4106;MACRORREGIONAL NOROESTE
4118907;Pérola;PR;Sul;410016;Umuarama;4104;Maringá;41012;12ª RS Umuarama;4106;MACRORREGIONAL NOROESTE
4119004;Pérola d'Oeste;PR;Sul;410009;Francisco Beltrão;4103;Cascavel;41008;8ª RS Francisco Beltrão;4108;MACRORREGIAO OESTE
4119103;Piên;PR;Sul;410001;Curitiba;4101;Curitiba;41002;2ª RS Metropolitana;4107;MACRORREGIONAL LESTE
4119152;Pinhais;PR;Sul;410001;Curitiba;4101;Curitiba;41002;2ª RS Metropolitana;4107;MACRORREGIONAL LESTE
4119202;Pinhalão;PR;Sul;410026;Ibaiti;4105;Londrina;41019;19ª RS Jacarezinho;4105;MACRORREGIONAL NORTE
4119251;Pinhal de São Bento;PR;Sul;410009;Francisco Beltrão;4103;Cascavel;41008;8ª RS Francisco Beltrão;4108;MACRORREGIAO OESTE
4119301;Pinhão;PR;Sul;410004;Guarapuava;4102;Guarapuava;41005;5ª RS Guarapuava;4107;MACRORREGIONAL LESTE
4119400;Piraí do Sul;PR;Sul;410027;Ponta Grossa;4106;Ponta Grossa;41003;3ª RS Ponta Grossa;4107;MACRORREGIONAL LESTE
4119509;Piraquara;PR;Sul;410001;Curitiba;4101;Curitiba;41002;2ª RS Metropolitana;4107;MACRORREGIONAL LESTE
4119608;Pitanga;PR;Sul;410005;Pitanga;4102;Guarapuava;41005;5ª RS Guarapuava;4107;MACRORREGIONAL LESTE
4119657;Pitangueiras;PR;Sul;410021;Londrina;4105;Londrina;41017;17ª RS Londrina;4105;MACRORREGIONAL NORTE
4119707;Planaltina do Paraná;PR;Sul;410017;Paranavaí;4104;Maringá;41014;14ª RS Paranavaí;4106;MACRORREGIONAL NOROESTE
4119806;Planalto;PR;Sul;410009;Francisco Beltrão;4103;Cascavel;41008;8ª RS Francisco Beltrão;4108;MACRORREGIAO OESTE
4119905;Ponta Grossa;PR;Sul;410027;Ponta Grossa;4106;Ponta Grossa;41003;3ª RS Ponta Grossa;4107;MACRORREGIONAL LESTE
4119954;Pontal do Paraná;PR;Sul;410002;Paranaguá;4101;Curitiba;41001;1ª RS Paranaguá;4107;MACRORREGIONAL LESTE
4120002;Porecatu;PR;Sul;410021;Londrina;4105;Londrina;41017;17ª RS Londrina;4105;MACRORREGIONAL NORTE
4120101;Porto Amazonas;PR;Sul;410027;Ponta Grossa;4106;Ponta Grossa;41003;3ª RS Ponta Grossa;4107;MACRORREGIONAL LESTE
4120150;Porto Barreiro;PR;Sul;410011;Laranjeiras do Sul - Quedas do Iguaçu;4103;Cascavel;41005;5ª RS Guarapuava;4107;MACRORREGIONAL LESTE
4120200;Porto Rico;PR;Sul;410020;Loanda;4104;Maringá;41014;14ª RS Paranavaí;4106;MACRORREGIONAL NOROESTE
4120309;Porto Vitória;PR;Sul;410003;União da Vitória;4101;Curitiba;41006;6ª RS União da Vitória;4107;MACRORREGIONAL LESTE
4120333;Prado Ferreira;PR;Sul;410021;Londrina;4105;Londrina;41017;17ª RS Londrina;4105;MACRORREGIONAL NORTE
4120358;Pranchita;PR;Sul;410009;Francisco Beltrão;4103;Cascavel;41008;8ª RS Francisco Beltrão;4108;MACRORREGIAO OESTE
4120408;Presidente Castelo Branco;PR;Sul;410014;Maringá;4104;Maringá;41015;15ª RS Maringá;4106;MACRORREGIONAL NOROESTE
4120507;Primeiro de Maio;PR;Sul;410021;Londrina;4105;Londrina;41017;17ª RS Londrina;4105;MACRORREGIONAL NORTE
4120606;Prudentópolis;PR;Sul;410004;Guarapuava;4102;Guarapuava;41005;5ª RS Guarapuava;4107;MACRORREGIONAL LESTE
4120655;Quarto Centenário;PR;Sul;410015;Campo Mourão;4104;Maringá;41011;11ª RS Campo Mourão;4106;MACRORREGIONAL NOROESTE
4120705;Quatiguá;PR;Sul;410022;Santo Antônio da Platina;4105;Londrina;41019;19ª RS Jacarezinho;4105;MACRORREGIONAL NORTE
4120804;Quatro Barras;PR;Sul;410001;Curitiba;4101;Curitiba;41002;2ª RS Metropolitana;4107;MACRORREGIONAL LESTE
4120853;Quatro Pontes;PR;Sul;410013;Marechal Cândido Rondon;4103;Cascavel;41020;20ª RS Toledo;4108;MACRORREGIAO OESTE
4120903;Quedas do Iguaçu;PR;Sul;410011;Laranjeiras do Sul - Quedas do Iguaçu;4103;Cascavel;41010;10ª RS Cascavel;4108;MACRORREGIAO OESTE
4121000;Querência do Norte;PR;Sul;410020;Loanda;4104;Maringá;41014;14ª RS Paranavaí;4106;MACRORREGIONAL NOROESTE
4121109;Quinta do Sol;PR;Sul;410015;Campo Mourão;4104;Maringá;41011;11ª RS Campo Mourão;4106;MACRORREGIONAL NOROESTE
4121208;Quitandinha;PR;Sul;410001;Curitiba;4101;Curitiba;41002;2ª RS Metropolitana;4107;MACRORREGIONAL LESTE
4121257;Ramilândia;PR;Sul;410006;Cascavel;4103;Cascavel;41009;9ª RS Foz do Iguaçu;4108;MACRORREGIAO OESTE
4121307;Rancho Alegre;PR;Sul;410024;Cornélio Procópio ¿ Bandeirantes;4105;Londrina;41018;18ª RS Cornélio Procópio;4105;MACRORREGIONAL NORTE
4121356;Rancho Alegre D'Oeste;PR;Sul;410015;Campo Mourão;4104;Maringá;41011;11ª RS Campo Mourão;4106;MACRORREGIONAL NOROESTE
4121406;Realeza;PR;Sul;410009;Francisco Beltrão;4103;Cascavel;41008;8ª RS Francisco Beltrão;4108;MACRORREGIAO OESTE
4121505;Rebouças;PR;Sul;410029;Irati;4106;Ponta Grossa;41004;4ª RS Irati;4107;MACRORREGIONAL LESTE
4121604;Renascença;PR;Sul;410009;Francisco Beltrão;4103;Cascavel;41008;8ª RS Francisco Beltrão;4108;MACRORREGIAO OESTE
4121703;Reserva;PR;Sul;410028;Telêmaco Borba;4106;Ponta Grossa;41021;21ª RS Telêmaco Borba;4107;MACRORREGIONAL LESTE
4121752;Reserva do Iguaçu;PR;Sul;410004;Guarapuava;4102;Guarapuava;41005;5ª RS Guarapuava;4107;MACRORREGIONAL LESTE
4121802;Ribeirão Claro;PR;Sul;410022;Santo Antônio da Platina;4105;Londrina;41019;19ª RS Jacarezinho;4105;MACRORREGIONAL NORTE
4121901;Ribeirão do Pinhal;PR;Sul;410022;Santo Antônio da Platina;4105;Londrina;41018;18ª RS Cornélio Procópio;4105;MACRORREGIONAL NORTE
4122008;Rio Azul;PR;Sul;410029;Irati;4106;Ponta Grossa;41004;4ª RS Irati;4107;MACRORREGIONAL LESTE
4122107;Rio Bom;PR;Sul;410023;Apucarana;4105;Londrina;41016;16ª RS Apucarana;4105;MACRORREGIONAL NORTE
4122156;Rio Bonito do Iguaçu;PR;Sul;410011;Laranjeiras do Sul - Quedas do Iguaçu;4103;Cascavel;41005;5ª RS Guarapuava;4107;MACRORREGIONAL LESTE
4122172;Rio Branco do Ivaí;PR;Sul;410025;Ivaiporã;4105;Londrina;41022;22ª RS Ivaiporã;4105;MACRORREGIONAL NORTE
4122206;Rio Branco do Sul;PR;Sul;410001;Curitiba;4101;Curitiba;41002;2ª RS Metropolitana;4107;MACRORREGIONAL LESTE
4122305;Rio Negro;PR;Sul;410001;Curitiba;4101;Curitiba;41002;2ª RS Metropolitana;4107;MACRORREGIONAL LESTE
4122404;Rolândia;PR;Sul;410021;Londrina;4105;Londrina;41017;17ª RS Londrina;4105;MACRORREGIONAL NORTE
4122503;Roncador;PR;Sul;410015;Campo Mourão;4104;Maringá;41011;11ª RS Campo Mourão;4106;MACRORREGIONAL NOROESTE
4122602;Rondon;PR;Sul;410018;Cianorte;4104;Maringá;41013;13ª RS Cianorte;4106;MACRORREGIONAL NOROESTE
4122651;Rosário do Ivaí;PR;Sul;410025;Ivaiporã;4105;Londrina;41022;22ª RS Ivaiporã;4105;MACRORREGIONAL NORTE
4122701;Sabáudia;PR;Sul;410021;Londrina;4105;Londrina;41016;16ª RS Apucarana;4105;MACRORREGIONAL NORTE
4122800;Salgado Filho;PR;Sul;410009;Francisco Beltrão;4103;Cascavel;41008;8ª RS Francisco Beltrão;4108;MACRORREGIAO OESTE
4122909;Salto do Itararé;PR;Sul;410022;Santo Antônio da Platina;4105;Londrina;41019;19ª RS Jacarezinho;4105;MACRORREGIONAL NORTE
4123006;Salto do Lontra;PR;Sul;410012;Dois Vizinhos;4103;Cascavel;41008;8ª RS Francisco Beltrão;4108;MACRORREGIAO OESTE
4123105;Santa Amélia;PR;Sul;410024;Cornélio Procópio ¿ Bandeirantes;4105;Londrina;41018;18ª RS Cornélio Procópio;4105;MACRORREGIONAL NORTE
4123204;Santa Cecília do Pavão;PR;Sul;410024;Cornélio Procópio ¿ Bandeirantes;4105;Londrina;41018;18ª RS Cornélio Procópio;4105;MACRORREGIONAL NORTE
4123303;Santa Cruz de Monte Castelo;PR;Sul;410020;Loanda;4104;Maringá;41014;14ª RS Paranavaí;4106;MACRORREGIONAL NOROESTE
4123402;Santa Fé;PR;Sul;410014;Maringá;4104;Maringá;41015;15ª RS Maringá;4106;MACRORREGIONAL NOROESTE
4123501;Santa Helena;PR;Sul;410008;Toledo;4103;Cascavel;41020;20ª RS Toledo;4108;MACRORREGIAO OESTE
4123600;Santa Inês;PR;Sul;410019;Paranacity - Colorado;4104;Maringá;41015;15ª RS Maringá;4106;MACRORREGIONAL NOROESTE
4123709;Santa Isabel do Ivaí;PR;Sul;410020;Loanda;4104;Maringá;41014;14ª RS Paranavaí;4106;MACRORREGIONAL NOROESTE
4123808;Santa Izabel do Oeste;PR;Sul;410009;Francisco Beltrão;4103;Cascavel;41008;8ª RS Francisco Beltrão;4108;MACRORREGIAO OESTE
4123824;Santa Lúcia;PR;Sul;410006;Cascavel;4103;Cascavel;41010;10ª RS Cascavel;4108;MACRORREGIAO OESTE
4123857;Santa Maria do Oeste;PR;Sul;410005;Pitanga;4102;Guarapuava;41022;22ª RS Ivaiporã;4105;MACRORREGIONAL NORTE
4123907;Santa Mariana;PR;Sul;410024;Cornélio Procópio ¿ Bandeirantes;4105;Londrina;41018;18ª RS Cornélio Procópio;4105;MACRORREGIONAL NORTE
4123956;Santa Mônica;PR;Sul;410020;Loanda;4104;Maringá;41014;14ª RS Paranavaí;4106;MACRORREGIONAL NOROESTE
4124004;Santana do Itararé;PR;Sul;410022;Santo Antônio da Platina;4105;Londrina;41019;19ª RS Jacarezinho;4105;MACRORREGIONAL NORTE
4124020;Santa Tereza do Oeste;PR;Sul;410006;Cascavel;4103;Cascavel;41010;10ª RS Cascavel;4108;MACRORREGIAO OESTE
4124053;Santa Terezinha de Itaipu;PR;Sul;410007;Foz do Iguaçu;4103;Cascavel;41009;9ª RS Foz do Iguaçu;4108;MACRORREGIAO OESTE
4124103;Santo Antônio da Platina;PR;Sul;410022;Santo Antônio da Platina;4105;Londrina;41019;19ª RS Jacarezinho;4105;MACRORREGIONAL NORTE
4124202;Santo Antônio do Caiuá;PR;Sul;410017;Paranavaí;4104;Maringá;41014;14ª RS Paranavaí;4106;MACRORREGIONAL NOROESTE
4124301;Santo Antônio do Paraíso;PR;Sul;410024;Cornélio Procópio ¿ Bandeirantes;4105;Londrina;41018;18ª RS Cornélio Procópio;4105;MACRORREGIONAL NORTE
4124400;Santo Antônio do Sudoeste;PR;Sul;410009;Francisco Beltrão;4103;Cascavel;41008;8ª RS Francisco Beltrão;4108;MACRORREGIAO OESTE
4124509;Santo Inácio;PR;Sul;410019;Paranacity - Colorado;4104;Maringá;41015;15ª RS Maringá;4106;MACRORREGIONAL NOROESTE
4124608;São Carlos do Ivaí;PR;Sul;410017;Paranavaí;4104;Maringá;41014;14ª RS Paranavaí;4106;MACRORREGIONAL NOROESTE
4124707;São Jerônimo da Serra;PR;Sul;410024;Cornélio Procópio ¿ Bandeirantes;4105;Londrina;41018;18ª RS Cornélio Procópio;4105;MACRORREGIONAL NORTE
4124806;São João;PR;Sul;410010;Pato Branco;4103;Cascavel;41007;7ª RS Pato Branco;4108;MACRORREGIAO OESTE
4124905;São João do Caiuá;PR;Sul;410017;Paranavaí;4104;Maringá;41014;14ª RS Paranavaí;4106;MACRORREGIONAL NOROESTE
4125001;São João do Ivaí;PR;Sul;410025;Ivaiporã;4105;Londrina;41022;22ª RS Ivaiporã;4105;MACRORREGIONAL NORTE
4125100;São João do Triunfo;PR;Sul;410027;Ponta Grossa;4106;Ponta Grossa;41003;3ª RS Ponta Grossa;4107;MACRORREGIONAL LESTE
4125209;São Jorge d'Oeste;PR;Sul;410012;Dois Vizinhos;4103;Cascavel;41008;8ª RS Francisco Beltrão;4108;MACRORREGIAO OESTE
4125308;São Jorge do Ivaí;PR;Sul;410014;Maringá;4104;Maringá;41015;15ª RS Maringá;4106;MACRORREGIONAL NOROESTE
4125357;São Jorge do Patrocínio;PR;Sul;410016;Umuarama;4104;Maringá;41012;12ª RS Umuarama;4106;MACRORREGIONAL NOROESTE
4125407;São José da Boa Vista;PR;Sul;410022;Santo Antônio da Platina;4105;Londrina;41019;19ª RS Jacarezinho;4105;MACRORREGIONAL NORTE
4125456;São José das Palmeiras;PR;Sul;410008;Toledo;4103;Cascavel;41020;20ª RS Toledo;4108;MACRORREGIAO OESTE
4125506;São José dos Pinhais;PR;Sul;410001;Curitiba;4101;Curitiba;41002;2ª RS Metropolitana;4107;MACRORREGIONAL LESTE
4125555;São Manoel do Paraná;PR;Sul;410018;Cianorte;4104;Maringá;41013;13ª RS Cianorte;4106;MACRORREGIONAL NOROESTE
4125605;São Mateus do Sul;PR;Sul;410003;União da Vitória;4101;Curitiba;41006;6ª RS União da Vitória;4107;MACRORREGIONAL LESTE
4125704;São Miguel do Iguaçu;PR;Sul;410007;Foz do Iguaçu;4103;Cascavel;41009;9ª RS Foz do Iguaçu;4108;MACRORREGIAO OESTE
4125753;São Pedro do Iguaçu;PR;Sul;410008;Toledo;4103;Cascavel;41020;20ª RS Toledo;4108;MACRORREGIAO OESTE
4125803;São Pedro do Ivaí;PR;Sul;410023;Apucarana;4105;Londrina;41016;16ª RS Apucarana;4105;MACRORREGIONAL NORTE
4125902;São Pedro do Paraná;PR;Sul;410020;Loanda;4104;Maringá;41014;14ª RS Paranavaí;4106;MACRORREGIONAL NOROESTE
4126009;São Sebastião da Amoreira;PR;Sul;410024;Cornélio Procópio ¿ Bandeirantes;4105;Londrina;41018;18ª RS Cornélio Procópio;4105;MACRORREGIONAL NORTE
4126108;São Tomé;PR;Sul;410018;Cianorte;4104;Maringá;41013;13ª RS Cianorte;4106;MACRORREGIONAL NOROESTE
4126207;Sapopema;PR;Sul;410024;Cornélio Procópio ¿ Bandeirantes;4105;Londrina;41018;18ª RS Cornélio Procópio;4105;MACRORREGIONAL NORTE
4126256;Sarandi;PR;Sul;410014;Maringá;4104;Maringá;41015;15ª RS Maringá;4106;MACRORREGIONAL NOROESTE
4126272;Saudade do Iguaçu;PR;Sul;410010;Pato Branco;4103;Cascavel;41007;7ª RS Pato Branco;4108;MACRORREGIAO OESTE
4126306;Sengés;PR;Sul;410027;Ponta Grossa;4106;Ponta Grossa;41003;3ª RS Ponta Grossa;4107;MACRORREGIONAL LESTE
4126355;Serranópolis do Iguaçu;PR;Sul;410007;Foz do Iguaçu;4103;Cascavel;41009;9ª RS Foz do Iguaçu;4108;MACRORREGIAO OESTE
4126405;Sertaneja;PR;Sul;410024;Cornélio Procópio ¿ Bandeirantes;4105;Londrina;41018;18ª RS Cornélio Procópio;4105;MACRORREGIONAL NORTE
4126504;Sertanópolis;PR;Sul;410021;Londrina;4105;Londrina;41017;17ª RS Londrina;4105;MACRORREGIONAL NORTE
4126603;Siqueira Campos;PR;Sul;410022;Santo Antônio da Platina;4105;Londrina;41019;19ª RS Jacarezinho;4105;MACRORREGIONAL NORTE
4126652;Sulina;PR;Sul;410010;Pato Branco;4103;Cascavel;41007;7ª RS Pato Branco;4108;MACRORREGIAO OESTE
4126678;Tamarana;PR;Sul;410021;Londrina;4105;Londrina;41017;17ª RS Londrina;4105;MACRORREGIONAL NORTE
4126702;Tamboara;PR;Sul;410017;Paranavaí;4104;Maringá;41014;14ª RS Paranavaí;4106;MACRORREGIONAL NOROESTE
4126801;Tapejara;PR;Sul;410018;Cianorte;4104;Maringá;41013;13ª RS Cianorte;4106;MACRORREGIONAL NOROESTE
4126900;Tapira;PR;Sul;410016;Umuarama;4104;Maringá;41012;12ª RS Umuarama;4106;MACRORREGIONAL NOROESTE
4127007;Teixeira Soares;PR;Sul;410029;Irati;4106;Ponta Grossa;41004;4ª RS Irati;4107;MACRORREGIONAL LESTE
4127106;Telêmaco Borba;PR;Sul;410028;Telêmaco Borba;4106;Ponta Grossa;41021;21ª RS Telêmaco Borba;4107;MACRORREGIONAL LESTE
4127205;Terra Boa;PR;Sul;410018;Cianorte;4104;Maringá;41011;11ª RS Campo Mourão;4106;MACRORREGIONAL NOROESTE
4127304;Terra Rica;PR;Sul;410017;Paranavaí;4104;Maringá;41014;14ª RS Paranavaí;4106;MACRORREGIONAL NOROESTE
4127403;Terra Roxa;PR;Sul;410008;Toledo;4103;Cascavel;41020;20ª RS Toledo;4108;MACRORREGIAO OESTE
4127502;Tibagi;PR;Sul;410028;Telêmaco Borba;4106;Ponta Grossa;41021;21ª RS Telêmaco Borba;4107;MACRORREGIONAL LESTE
4127601;Tijucas do Sul;PR;Sul;410001;Curitiba;4101;Curitiba;41002;2ª RS Metropolitana;4107;MACRORREGIONAL LESTE
4127700;Toledo;PR;Sul;410008;Toledo;4103;Cascavel;41020;20ª RS Toledo;4108;MACRORREGIAO OESTE
4127809;Tomazina;PR;Sul;410022;Santo Antônio da Platina;4105;Londrina;41019;19ª RS Jacarezinho;4105;MACRORREGIONAL NORTE
4127858;Três Barras do Paraná;PR;Sul;410006;Cascavel;4103;Cascavel;41010;10ª RS Cascavel;4108;MACRORREGIAO OESTE
4127882;Tunas do Paraná;PR;Sul;410001;Curitiba;4101;Curitiba;41002;2ª RS Metropolitana;4107;MACRORREGIONAL LESTE
4127908;Tuneiras do Oeste;PR;Sul;410018;Cianorte;4104;Maringá;41013;13ª RS Cianorte;4106;MACRORREGIONAL NOROESTE
4127957;Tupãssi;PR;Sul;410008;Toledo;4103;Cascavel;41020;20ª RS Toledo;4108;MACRORREGIAO OESTE
4127965;Turvo;PR;Sul;410004;Guarapuava;4102;Guarapuava;41005;5ª RS Guarapuava;4107;MACRORREGIONAL LESTE
4128005;Ubiratã;PR;Sul;410015;Campo Mourão;4104;Maringá;41011;11ª RS Campo Mourão;4106;MACRORREGIONAL NOROESTE
4128104;Umuarama;PR;Sul;410016;Umuarama;4104;Maringá;41012;12ª RS Umuarama;4106;MACRORREGIONAL NOROESTE
4128203;União da Vitória;PR;Sul;410003;União da Vitória;4101;Curitiba;41006;6ª RS União da Vitória;4107;MACRORREGIONAL LESTE
4128302;Uniflor;PR;Sul;410014;Maringá;4104;Maringá;41015;15ª RS Maringá;4106;MACRORREGIONAL NOROESTE
4128401;Uraí;PR;Sul;410024;Cornélio Procópio ¿ Bandeirantes;4105;Londrina;41018;18ª RS Cornélio Procópio;4105;MACRORREGIONAL NORTE
4128500;Wenceslau Braz;PR;Sul;410022;Santo Antônio da Platina;4105;Londrina;41019;19ª RS Jacarezinho;4105;MACRORREGIONAL NORTE
4128534;Ventania;PR;Sul;410028;Telêmaco Borba;4106;Ponta Grossa;41021;21ª RS Telêmaco Borba;4107;MACRORREGIONAL LESTE
4128559;Vera Cruz do Oeste;PR;Sul;410006;Cascavel;4103;Cascavel;41010;10ª RS Cascavel;4108;MACRORREGIAO OESTE
4128609;Verê;PR;Sul;410009;Francisco Beltrão;4103;Cascavel;41008;8ª RS Francisco Beltrão;4108;MACRORREGIAO OESTE
4128625;Alto Paraíso;PR;Sul;410016;Umuarama;4104;Maringá;41012;12ª RS Umuarama;4106;MACRORREGIONAL NOROESTE
4128633;Doutor Ulysses;PR;Sul;410001;Curitiba;4101;Curitiba;41002;2ª RS Metropolitana;4107;MACRORREGIONAL LESTE
4128658;Virmond;PR;Sul;410011;Laranjeiras do Sul - Quedas do Iguaçu;4103;Cascavel;41005;5ª RS Guarapuava;4107;MACRORREGIONAL LESTE
4128708;Vitorino;PR;Sul;410010;Pato Branco;4103;Cascavel;41007;7ª RS Pato Branco;4108;MACRORREGIAO OESTE
4128807;Xambrê;PR;Sul;410016;Umuarama;4104;Maringá;41012;12ª RS Umuarama;4106;MACRORREGIONAL NOROESTE
4200051;Abdon Batista;SC;Sul;420008;Joaçaba - Herval d'Oeste;4204;Chapecó;42008;Meio Oeste;4217;MEIO OESTE
4200101;Abelardo Luz;SC;Sul;420011;Xanxerê;4204;Chapecó;42003;Xanxerê;4213;GRANDE OESTE
4200200;Agrolândia;SC;Sul;420022;Rio do Sul;4207;Blumenau;42004;Alto Vale do Itajaí;4216;VALE DO ITAJAI
4200309;Agronômica;SC;Sul;420022;Rio do Sul;4207;Blumenau;42004;Alto Vale do Itajaí;4216;VALE DO ITAJAI
4200408;Água Doce;SC;Sul;420008;Joaçaba - Herval d'Oeste;4204;Chapecó;42008;Meio Oeste;4217;MEIO OESTE
4200507;Águas de Chapecó;SC;Sul;420007;Chapecó;4204;Chapecó;42002;Oeste;4213;GRANDE OESTE
4200556;Águas Frias;SC;Sul;420007;Chapecó;4204;Chapecó;42002;Oeste;4213;GRANDE OESTE
4200606;Águas Mornas;SC;Sul;420001;Florianópolis;4201;Florianópolis;42007;Grande Florianópolis;4214;GRANDE FLORIANOPOLIS
4200705;Alfredo Wagner;SC;Sul;420001;Florianópolis;4201;Florianópolis;42007;Grande Florianópolis;4214;GRANDE FLORIANOPOLIS
4200754;Alto Bela Vista;SC;Sul;420010;Concórdia;4204;Chapecó;42010;Alto Uruguai Catarinense;4217;MEIO OESTE
4200804;Anchieta;SC;Sul;420009;São Miguel do Oeste;4204;Chapecó;42001;Extremo Oeste;4213;GRANDE OESTE
4200903;Angelina;SC;Sul;420001;Florianópolis;4201;Florianópolis;42007;Grande Florianópolis;4214;GRANDE FLORIANOPOLIS
4201000;Anita Garibaldi;SC;Sul;420005;Lages;4203;Lages;42013;Serra Catarinense;4218;SERRA CATARINENSE
4201109;Anitápolis;SC;Sul;420001;Florianópolis;4201;Florianópolis;42007;Grande Florianópolis;4214;GRANDE FLORIANOPOLIS
4201208;Antônio Carlos;SC;Sul;420001;Florianópolis;4201;Florianópolis;42007;Grande Florianópolis;4214;GRANDE FLORIANOPOLIS
4201257;Apiúna;SC;Sul;420019;Blumenau;4207;Blumenau;42006;Médio Vale do Itajaí;4216;VALE DO ITAJAI
4201273;Arabutã;SC;Sul;420010;Concórdia;4204;Chapecó;42010;Alto Uruguai Catarinense;4217;MEIO OESTE
4201307;Araquari;SC;Sul;420016;Joinville;4206;Joinville;42011;Nordeste;4211;PLANALTO NORTE E NORDESTE
4201406;Araranguá;SC;Sul;420004;Araranguá;4202;Criciúma;42014;Extremo Sul Catarinense;4210;SUL
4201505;Armazém;SC;Sul;420003;Tubarão;4202;Criciúma;42016;Laguna;4210;SUL
4201604;Arroio Trinta;SC;Sul;420015;Videira;4205;Caçador;42009;Alto Vale do Rio do Peixe;4217;MEIO OESTE
4201653;Arvoredo;SC;Sul;420007;Chapecó;4204;Chapecó;42002;Oeste;4213;GRANDE OESTE
4201703;Ascurra;SC;Sul;420019;Blumenau;4207;Blumenau;42006;Médio Vale do Itajaí;4216;VALE DO ITAJAI
4201802;Atalanta;SC;Sul;420022;Rio do Sul;4207;Blumenau;42004;Alto Vale do Itajaí;4216;VALE DO ITAJAI
4201901;Aurora;SC;Sul;420022;Rio do Sul;4207;Blumenau;42004;Alto Vale do Itajaí;4216;VALE DO ITAJAI
4201950;Balneário Arroio do Silva;SC;Sul;420004;Araranguá;4202;Criciúma;42014;Extremo Sul Catarinense;4210;SUL
4202008;Balneário Camboriú;SC;Sul;420020;Itajaí;4207;Blumenau;42005;Foz do Rio Itajaí;4215;FOZ DO RIO ITAJAI
4202057;Balneário Barra do Sul;SC;Sul;420016;Joinville;4206;Joinville;42011;Nordeste;4211;PLANALTO NORTE E NORDESTE
4202073;Balneário Gaivota;SC;Sul;420004;Araranguá;4202;Criciúma;42014;Extremo Sul Catarinense;4210;SUL
4202081;Bandeirante;SC;Sul;420009;São Miguel do Oeste;4204;Chapecó;42001;Extremo Oeste;4213;GRANDE OESTE
4202099;Barra Bonita;SC;Sul;420009;São Miguel do Oeste;4204;Chapecó;42001;Extremo Oeste;4213;GRANDE OESTE
4202107;Barra Velha;SC;Sul;420020;Itajaí;4207;Blumenau;42017;Vale do Itapocú;4211;PLANALTO NORTE E NORDESTE
4202131;Bela Vista do Toldo;SC;Sul;420017;Mafra;4206;Joinville;42012;Planalto Norte;4211;PLANALTO NORTE E NORDESTE
4202156;Belmonte;SC;Sul;420009;São Miguel do Oeste;4204;Chapecó;42001;Extremo Oeste;4213;GRANDE OESTE
4202206;Benedito Novo;SC;Sul;420019;Blumenau;4207;Blumenau;42006;Médio Vale do Itajaí;4216;VALE DO ITAJAI
4202305;Biguaçu;SC;Sul;420001;Florianópolis;4201;Florianópolis;42007;Grande Florianópolis;4214;GRANDE FLORIANOPOLIS
4202404;Blumenau;SC;Sul;420019;Blumenau;4207;Blumenau;42006;Médio Vale do Itajaí;4216;VALE DO ITAJAI
4202438;Bocaina do Sul;SC;Sul;420005;Lages;4203;Lages;42013;Serra Catarinense;4218;SERRA CATARINENSE
4202453;Bombinhas;SC;Sul;420020;Itajaí;4207;Blumenau;42005;Foz do Rio Itajaí;4215;FOZ DO RIO ITAJAI
4202503;Bom Jardim da Serra;SC;Sul;420005;Lages;4203;Lages;42013;Serra Catarinense;4218;SERRA CATARINENSE
4202537;Bom Jesus;SC;Sul;420011;Xanxerê;4204;Chapecó;42003;Xanxerê;4213;GRANDE OESTE
4202578;Bom Jesus do Oeste;SC;Sul;420012;Maravilha;4204;Chapecó;42001;Extremo Oeste;4213;GRANDE OESTE
4202602;Bom Retiro;SC;Sul;420005;Lages;4203;Lages;42013;Serra Catarinense;4218;SERRA CATARINENSE
4202701;Botuverá;SC;Sul;420021;Brusque;4207;Blumenau;42006;Médio Vale do Itajaí;4216;VALE DO ITAJAI
4202800;Braço do Norte;SC;Sul;420003;Tubarão;4202;Criciúma;42016;Laguna;4210;SUL
4202859;Braço do Trombudo;SC;Sul;420022;Rio do Sul;4207;Blumenau;42004;Alto Vale do Itajaí;4216;VALE DO ITAJAI
4202875;Brunópolis;SC;Sul;420006;Curitibanos;4203;Lages;42008;Meio Oeste;4217;MEIO OESTE
4202909;Brusque;SC;Sul;420021;Brusque;4207;Blumenau;42006;Médio Vale do Itajaí;4216;VALE DO ITAJAI
4203006;Caçador;SC;Sul;420014;Caçador;4205;Caçador;42009;Alto Vale do Rio do Peixe;4217;MEIO OESTE
4203105;Caibi;SC;Sul;420007;Chapecó;4204;Chapecó;42002;Oeste;4213;GRANDE OESTE
4203154;Calmon;SC;Sul;420014;Caçador;4205;Caçador;42009;Alto Vale do Rio do Peixe;4217;MEIO OESTE
4203204;Camboriú;SC;Sul;420020;Itajaí;4207;Blumenau;42005;Foz do Rio Itajaí;4215;FOZ DO RIO ITAJAI
4203253;Capão Alto;SC;Sul;420005;Lages;4203;Lages;42013;Serra Catarinense;4218;SERRA CATARINENSE
4203303;Campo Alegre;SC;Sul;420018;São Bento do Sul - Rio Negrinho;4206;Joinville;42012;Planalto Norte;4211;PLANALTO NORTE E NORDESTE
4203402;Campo Belo do Sul;SC;Sul;420005;Lages;4203;Lages;42013;Serra Catarinense;4218;SERRA CATARINENSE
4203501;Campo Erê;SC;Sul;420013;São Lourenço do Oeste;4204;Chapecó;42003;Xanxerê;4213;GRANDE OESTE
4203600;Campos Novos;SC;Sul;420008;Joaçaba - Herval d'Oeste;4204;Chapecó;42008;Meio Oeste;4217;MEIO OESTE
4203709;Canelinha;SC;Sul;420021;Brusque;4207;Blumenau;42007;Grande Florianópolis;4214;GRANDE FLORIANOPOLIS
4203808;Canoinhas;SC;Sul;420017;Mafra;4206;Joinville;42012;Planalto Norte;4211;PLANALTO NORTE E NORDESTE
4203907;Capinzal;SC;Sul;420008;Joaçaba - Herval d'Oeste;4204;Chapecó;42008;Meio Oeste;4217;MEIO OESTE
4203956;Capivari de Baixo;SC;Sul;420003;Tubarão;4202;Criciúma;42016;Laguna;4210;SUL
4204004;Catanduvas;SC;Sul;420008;Joaçaba - Herval d'Oeste;4204;Chapecó;42008;Meio Oeste;4217;MEIO OESTE
4204103;Caxambu do Sul;SC;Sul;420007;Chapecó;4204;Chapecó;42002;Oeste;4213;GRANDE OESTE
4204152;Celso Ramos;SC;Sul;420008;Joaçaba - Herval d'Oeste;4204;Chapecó;42008;Meio Oeste;4217;MEIO OESTE
4204178;Cerro Negro;SC;Sul;420005;Lages;4203;Lages;42013;Serra Catarinense;4218;SERRA CATARINENSE
4204194;Chapadão do Lageado;SC;Sul;420024;Ituporanga;4207;Blumenau;42004;Alto Vale do Itajaí;4216;VALE DO ITAJAI
4204202;Chapecó;SC;Sul;420007;Chapecó;4204;Chapecó;42002;Oeste;4213;GRANDE OESTE
4204251;Cocal do Sul;SC;Sul;420002;Criciúma;4202;Criciúma;42015;Carbonífera;4210;SUL
4204301;Concórdia;SC;Sul;420010;Concórdia;4204;Chapecó;42010;Alto Uruguai Catarinense;4217;MEIO OESTE
4204350;Cordilheira Alta;SC;Sul;420007;Chapecó;4204;Chapecó;42002;Oeste;4213;GRANDE OESTE
4204400;Coronel Freitas;SC;Sul;420007;Chapecó;4204;Chapecó;42002;Oeste;4213;GRANDE OESTE
4204459;Coronel Martins;SC;Sul;420011;Xanxerê;4204;Chapecó;42003;Xanxerê;4213;GRANDE OESTE
4204509;Corupá;SC;Sul;420016;Joinville;4206;Joinville;42017;Vale do Itapocú;4211;PLANALTO NORTE E NORDESTE
4204558;Correia Pinto;SC;Sul;420005;Lages;4203;Lages;42013;Serra Catarinense;4218;SERRA CATARINENSE
4204608;Criciúma;SC;Sul;420002;Criciúma;4202;Criciúma;42015;Carbonífera;4210;SUL
4204707;Cunha Porã;SC;Sul;420012;Maravilha;4204;Chapecó;42002;Oeste;4213;GRANDE OESTE
4204756;Cunhataí;SC;Sul;420007;Chapecó;4204;Chapecó;42002;Oeste;4213;GRANDE OESTE
4204806;Curitibanos;SC;Sul;420006;Curitibanos;4203;Lages;42009;Alto Vale do Rio do Peixe;4217;MEIO OESTE
4204905;Descanso;SC;Sul;420009;São Miguel do Oeste;4204;Chapecó;42001;Extremo Oeste;4213;GRANDE OESTE
4205001;Dionísio Cerqueira;SC;Sul;420009;São Miguel do Oeste;4204;Chapecó;42001;Extremo Oeste;4213;GRANDE OESTE
4205100;Dona Emma;SC;Sul;420023;Ibirama - Presidente Getúlio;4207;Blumenau;42004;Alto Vale do Itajaí;4216;VALE DO ITAJAI
4205159;Doutor Pedrinho;SC;Sul;420019;Blumenau;4207;Blumenau;42006;Médio Vale do Itajaí;4216;VALE DO ITAJAI
4205175;Entre Rios;SC;Sul;420011;Xanxerê;4204;Chapecó;42003;Xanxerê;4213;GRANDE OESTE
4205191;Ermo;SC;Sul;420004;Araranguá;4202;Criciúma;42014;Extremo Sul Catarinense;4210;SUL
4205209;Erval Velho;SC;Sul;420008;Joaçaba - Herval d'Oeste;4204;Chapecó;42008;Meio Oeste;4217;MEIO OESTE
4205308;Faxinal dos Guedes;SC;Sul;420011;Xanxerê;4204;Chapecó;42003;Xanxerê;4213;GRANDE OESTE
4205357;Flor do Sertão;SC;Sul;420009;São Miguel do Oeste;4204;Chapecó;42001;Extremo Oeste;4213;GRANDE OESTE
4205407;Florianópolis;SC;Sul;420001;Florianópolis;4201;Florianópolis;42007;Grande Florianópolis;4214;GRANDE FLORIANOPOLIS
4205431;Formosa do Sul;SC;Sul;420007;Chapecó;4204;Chapecó;42002;Oeste;4213;GRANDE OESTE
4205456;Forquilhinha;SC;Sul;420002;Criciúma;4202;Criciúma;42015;Carbonífera;4210;SUL
4205506;Fraiburgo;SC;Sul;420015;Videira;4205;Caçador;42009;Alto Vale do Rio do Peixe;4217;MEIO OESTE
4205555;Frei Rogério;SC;Sul;420006;Curitibanos;4203;Lages;42009;Alto Vale do Rio do Peixe;4217;MEIO OESTE
4205605;Galvão;SC;Sul;420013;São Lourenço do Oeste;4204;Chapecó;42003;Xanxerê;4213;GRANDE OESTE
4205704;Garopaba;SC;Sul;420001;Florianópolis;4201;Florianópolis;42007;Grande Florianópolis;4214;GRANDE FLORIANOPOLIS
4205803;Garuva;SC;Sul;420016;Joinville;4206;Joinville;42011;Nordeste;4211;PLANALTO NORTE E NORDESTE
4205902;Gaspar;SC;Sul;420019;Blumenau;4207;Blumenau;42006;Médio Vale do Itajaí;4216;VALE DO ITAJAI
4206009;Governador Celso Ramos;SC;Sul;420001;Florianópolis;4201;Florianópolis;42007;Grande Florianópolis;4214;GRANDE FLORIANOPOLIS
4206108;Grão-Pará;SC;Sul;420003;Tubarão;4202;Criciúma;42016;Laguna;4210;SUL
4206207;Gravatal;SC;Sul;420003;Tubarão;4202;Criciúma;42016;Laguna;4210;SUL
4206306;Guabiruba;SC;Sul;420021;Brusque;4207;Blumenau;42006;Médio Vale do Itajaí;4216;VALE DO ITAJAI
4206405;Guaraciaba;SC;Sul;420009;São Miguel do Oeste;4204;Chapecó;42001;Extremo Oeste;4213;GRANDE OESTE
4206504;Guaramirim;SC;Sul;420016;Joinville;4206;Joinville;42017;Vale do Itapocú;4211;PLANALTO NORTE E NORDESTE
4206603;Guarujá do Sul;SC;Sul;420009;São Miguel do Oeste;4204;Chapecó;42001;Extremo Oeste;4213;GRANDE OESTE
4206652;Guatambú;SC;Sul;420007;Chapecó;4204;Chapecó;42002;Oeste;4213;GRANDE OESTE
4206702;Herval d'Oeste;SC;Sul;420008;Joaçaba - Herval d'Oeste;4204;Chapecó;42008;Meio Oeste;4217;MEIO OESTE
4206751;Ibiam;SC;Sul;420015;Videira;4205;Caçador;42009;Alto Vale do Rio do Peixe;4217;MEIO OESTE
4206801;Ibicaré;SC;Sul;420008;Joaçaba - Herval d'Oeste;4204;Chapecó;42008;Meio Oeste;4217;MEIO OESTE
4206900;Ibirama;SC;Sul;420023;Ibirama - Presidente Getúlio;4207;Blumenau;42004;Alto Vale do Itajaí;4216;VALE DO ITAJAI
4207007;Içara;SC;Sul;420002;Criciúma;4202;Criciúma;42015;Carbonífera;4210;SUL
4207106;Ilhota;SC;Sul;420019;Blumenau;4207;Blumenau;42005;Foz do Rio Itajaí;4215;FOZ DO RIO ITAJAI
4207205;Imaruí;SC;Sul;420003;Tubarão;4202;Criciúma;42016;Laguna;4210;SUL
4207304;Imbituba;SC;Sul;420001;Florianópolis;4201;Florianópolis;42016;Laguna;4210;SUL
4207403;Imbuia;SC;Sul;420024;Ituporanga;4207;Blumenau;42004;Alto Vale do Itajaí;4216;VALE DO ITAJAI
4207502;Indaial;SC;Sul;420019;Blumenau;4207;Blumenau;42006;Médio Vale do Itajaí;4216;VALE DO ITAJAI
4207577;Iomerê;SC;Sul;420015;Videira;4205;Caçador;42009;Alto Vale do Rio do Peixe;4217;MEIO OESTE
4207601;Ipira;SC;Sul;420010;Concórdia;4204;Chapecó;42010;Alto Uruguai Catarinense;4217;MEIO OESTE
4207650;Iporã do Oeste;SC;Sul;420009;São Miguel do Oeste;4204;Chapecó;42001;Extremo Oeste;4213;GRANDE OESTE
4207684;Ipuaçu;SC;Sul;420011;Xanxerê;4204;Chapecó;42003;Xanxerê;4213;GRANDE OESTE
4207700;Ipumirim;SC;Sul;420010;Concórdia;4204;Chapecó;42010;Alto Uruguai Catarinense;4217;MEIO OESTE
4207759;Iraceminha;SC;Sul;420012;Maravilha;4204;Chapecó;42001;Extremo Oeste;4213;GRANDE OESTE
4207809;Irani;SC;Sul;420010;Concórdia;4204;Chapecó;42010;Alto Uruguai Catarinense;4217;MEIO OESTE
4207858;Irati;SC;Sul;420007;Chapecó;4204;Chapecó;42002;Oeste;4213;GRANDE OESTE
4207908;Irineópolis;SC;Sul;420017;Mafra;4206;Joinville;42012;Planalto Norte;4211;PLANALTO NORTE E NORDESTE
4208005;Itá;SC;Sul;420010;Concórdia;4204;Chapecó;42010;Alto Uruguai Catarinense;4217;MEIO OESTE
4208104;Itaiópolis;SC;Sul;420017;Mafra;4206;Joinville;42012;Planalto Norte;4211;PLANALTO NORTE E NORDESTE
4208203;Itajaí;SC;Sul;420020;Itajaí;4207;Blumenau;42005;Foz do Rio Itajaí;4215;FOZ DO RIO ITAJAI
4208302;Itapema;SC;Sul;420020;Itajaí;4207;Blumenau;42005;Foz do Rio Itajaí;4215;FOZ DO RIO ITAJAI
4208401;Itapiranga;SC;Sul;420009;São Miguel do Oeste;4204;Chapecó;42001;Extremo Oeste;4213;GRANDE OESTE
4208450;Itapoá;SC;Sul;420016;Joinville;4206;Joinville;42011;Nordeste;4211;PLANALTO NORTE E NORDESTE
4208500;Ituporanga;SC;Sul;420024;Ituporanga;4207;Blumenau;42004;Alto Vale do Itajaí;4216;VALE DO ITAJAI
4208609;Jaborá;SC;Sul;420008;Joaçaba - Herval d'Oeste;4204;Chapecó;42008;Meio Oeste;4217;MEIO OESTE
4208708;Jacinto Machado;SC;Sul;420004;Araranguá;4202;Criciúma;42014;Extremo Sul Catarinense;4210;SUL
4208807;Jaguaruna;SC;Sul;420003;Tubarão;4202;Criciúma;42016;Laguna;4210;SUL
4208906;Jaraguá do Sul;SC;Sul;420016;Joinville;4206;Joinville;42017;Vale do Itapocú;4211;PLANALTO NORTE E NORDESTE
4208955;Jardinópolis;SC;Sul;420007;Chapecó;4204;Chapecó;42002;Oeste;4213;GRANDE OESTE
4209003;Joaçaba;SC;Sul;420008;Joaçaba - Herval d'Oeste;4204;Chapecó;42008;Meio Oeste;4217;MEIO OESTE
4209102;Joinville;SC;Sul;420016;Joinville;4206;Joinville;42011;Nordeste;4211;PLANALTO NORTE E NORDESTE
4209151;José Boiteux;SC;Sul;420023;Ibirama - Presidente Getúlio;4207;Blumenau;42004;Alto Vale do Itajaí;4216;VALE DO ITAJAI
4209177;Jupiá;SC;Sul;420013;São Lourenço do Oeste;4204;Chapecó;42003;Xanxerê;4213;GRANDE OESTE
4209201;Lacerdópolis;SC;Sul;420008;Joaçaba - Herval d'Oeste;4204;Chapecó;42008;Meio Oeste;4217;MEIO OESTE
4209300;Lages;SC;Sul;420005;Lages;4203;Lages;42013;Serra Catarinense;4218;SERRA CATARINENSE
4209409;Laguna;SC;Sul;420003;Tubarão;4202;Criciúma;42016;Laguna;4210;SUL
4209458;Lajeado Grande;SC;Sul;420007;Chapecó;4204;Chapecó;42003;Xanxerê;4213;GRANDE OESTE
4209508;Laurentino;SC;Sul;420022;Rio do Sul;4207;Blumenau;42004;Alto Vale do Itajaí;4216;VALE DO ITAJAI
4209607;Lauro Müller;SC;Sul;420002;Criciúma;4202;Criciúma;42015;Carbonífera;4210;SUL
4209706;Lebon Régis;SC;Sul;420014;Caçador;4205;Caçador;42009;Alto Vale do Rio do Peixe;4217;MEIO OESTE
4209805;Leoberto Leal;SC;Sul;420024;Ituporanga;4207;Blumenau;42007;Grande Florianópolis;4214;GRANDE FLORIANOPOLIS
4209854;Lindóia do Sul;SC;Sul;420010;Concórdia;4204;Chapecó;42010;Alto Uruguai Catarinense;4217;MEIO OESTE
4209904;Lontras;SC;Sul;420022;Rio do Sul;4207;Blumenau;42004;Alto Vale do Itajaí;4216;VALE DO ITAJAI
4210001;Luiz Alves;SC;Sul;420020;Itajaí;4207;Blumenau;42005;Foz do Rio Itajaí;4215;FOZ DO RIO ITAJAI
4210035;Luzerna;SC;Sul;420008;Joaçaba - Herval d'Oeste;4204;Chapecó;42008;Meio Oeste;4217;MEIO OESTE
4210050;Macieira;SC;Sul;420014;Caçador;4205;Caçador;42009;Alto Vale do Rio do Peixe;4217;MEIO OESTE
4210100;Mafra;SC;Sul;420017;Mafra;4206;Joinville;42012;Planalto Norte;4211;PLANALTO NORTE E NORDESTE
4210209;Major Gercino;SC;Sul;420021;Brusque;4207;Blumenau;42007;Grande Florianópolis;4214;GRANDE FLORIANOPOLIS
4210308;Major Vieira;SC;Sul;420017;Mafra;4206;Joinville;42012;Planalto Norte;4211;PLANALTO NORTE E NORDESTE
4210407;Maracajá;SC;Sul;420004;Araranguá;4202;Criciúma;42014;Extremo Sul Catarinense;4210;SUL
4210506;Maravilha;SC;Sul;420012;Maravilha;4204;Chapecó;42001;Extremo Oeste;4213;GRANDE OESTE
4210555;Marema;SC;Sul;420007;Chapecó;4204;Chapecó;42003;Xanxerê;4213;GRANDE OESTE
4210605;Massaranduba;SC;Sul;420016;Joinville;4206;Joinville;42017;Vale do Itapocú;4211;PLANALTO NORTE E NORDESTE
4210704;Matos Costa;SC;Sul;420014;Caçador;4205;Caçador;42009;Alto Vale do Rio do Peixe;4217;MEIO OESTE
4210803;Meleiro;SC;Sul;420004;Araranguá;4202;Criciúma;42014;Extremo Sul Catarinense;4210;SUL
4210852;Mirim Doce;SC;Sul;420022;Rio do Sul;4207;Blumenau;42004;Alto Vale do Itajaí;4216;VALE DO ITAJAI
4210902;Modelo;SC;Sul;420007;Chapecó;4204;Chapecó;42001;Extremo Oeste;4213;GRANDE OESTE
4211009;Mondaí;SC;Sul;420007;Chapecó;4204;Chapecó;42001;Extremo Oeste;4213;GRANDE OESTE
4211058;Monte Carlo;SC;Sul;420015;Videira;4205;Caçador;42008;Meio Oeste;4217;MEIO OESTE
4211108;Monte Castelo;SC;Sul;420017;Mafra;4206;Joinville;42012;Planalto Norte;4211;PLANALTO NORTE E NORDESTE
4211207;Morro da Fumaça;SC;Sul;420002;Criciúma;4202;Criciúma;42015;Carbonífera;4210;SUL
4211256;Morro Grande;SC;Sul;420002;Criciúma;4202;Criciúma;42014;Extremo Sul Catarinense;4210;SUL
4211306;Navegantes;SC;Sul;420020;Itajaí;4207;Blumenau;42005;Foz do Rio Itajaí;4215;FOZ DO RIO ITAJAI
4211405;Nova Erechim;SC;Sul;420007;Chapecó;4204;Chapecó;42002;Oeste;4213;GRANDE OESTE
4211454;Nova Itaberaba;SC;Sul;420007;Chapecó;4204;Chapecó;42002;Oeste;4213;GRANDE OESTE
4211504;Nova Trento;SC;Sul;420021;Brusque;4207;Blumenau;42007;Grande Florianópolis;4214;GRANDE FLORIANOPOLIS
4211603;Nova Veneza;SC;Sul;420002;Criciúma;4202;Criciúma;42015;Carbonífera;4210;SUL
4211652;Novo Horizonte;SC;Sul;420013;São Lourenço do Oeste;4204;Chapecó;42003;Xanxerê;4213;GRANDE OESTE
4211702;Orleans;SC;Sul;420002;Criciúma;4202;Criciúma;42015;Carbonífera;4210;SUL
4211751;Otacílio Costa;SC;Sul;420005;Lages;4203;Lages;42013;Serra Catarinense;4218;SERRA CATARINENSE
4211801;Ouro;SC;Sul;420008;Joaçaba - Herval d'Oeste;4204;Chapecó;42008;Meio Oeste;4217;MEIO OESTE
4211850;Ouro Verde;SC;Sul;420011;Xanxerê;4204;Chapecó;42003;Xanxerê;4213;GRANDE OESTE
4211876;Paial;SC;Sul;420007;Chapecó;4204;Chapecó;42002;Oeste;4213;GRANDE OESTE
4211892;Painel;SC;Sul;420005;Lages;4203;Lages;42013;Serra Catarinense;4218;SERRA CATARINENSE
4211900;Palhoça;SC;Sul;420001;Florianópolis;4201;Florianópolis;42007;Grande Florianópolis;4214;GRANDE FLORIANOPOLIS
4212007;Palma Sola;SC;Sul;420009;São Miguel do Oeste;4204;Chapecó;42001;Extremo Oeste;4213;GRANDE OESTE
4212056;Palmeira;SC;Sul;420005;Lages;4203;Lages;42013;Serra Catarinense;4218;SERRA CATARINENSE
4212106;Palmitos;SC;Sul;420007;Chapecó;4204;Chapecó;42002;Oeste;4213;GRANDE OESTE
4212205;Papanduva;SC;Sul;420017;Mafra;4206;Joinville;42012;Planalto Norte;4211;PLANALTO NORTE E NORDESTE
4212239;Paraíso;SC;Sul;420009;São Miguel do Oeste;4204;Chapecó;42001;Extremo Oeste;4213;GRANDE OESTE
4212254;Passo de Torres;SC;Sul;420004;Araranguá;4202;Criciúma;42014;Extremo Sul Catarinense;4210;SUL
4212270;Passos Maia;SC;Sul;420011;Xanxerê;4204;Chapecó;42003;Xanxerê;4213;GRANDE OESTE
4212304;Paulo Lopes;SC;Sul;420001;Florianópolis;4201;Florianópolis;42007;Grande Florianópolis;4214;GRANDE FLORIANOPOLIS
4212403;Pedras Grandes;SC;Sul;420003;Tubarão;4202;Criciúma;42016;Laguna;4210;SUL
4212502;Penha;SC;Sul;420020;Itajaí;4207;Blumenau;42005;Foz do Rio Itajaí;4215;FOZ DO RIO ITAJAI
4212601;Peritiba;SC;Sul;420010;Concórdia;4204;Chapecó;42010;Alto Uruguai Catarinense;4217;MEIO OESTE
4212650;Pescaria Brava;SC;Sul;420003;Tubarão;4202;Criciúma;42016;Laguna;4210;SUL
4212700;Petrolândia;SC;Sul;420024;Ituporanga;4207;Blumenau;42004;Alto Vale do Itajaí;4216;VALE DO ITAJAI
4212809;Balneário Piçarras;SC;Sul;420020;Itajaí;4207;Blumenau;42005;Foz do Rio Itajaí;4215;FOZ DO RIO ITAJAI
4212908;Pinhalzinho;SC;Sul;420007;Chapecó;4204;Chapecó;42002;Oeste;4213;GRANDE OESTE
4213005;Pinheiro Preto;SC;Sul;420015;Videira;4205;Caçador;42009;Alto Vale do Rio do Peixe;4217;MEIO OESTE
4213104;Piratuba;SC;Sul;420010;Concórdia;4204;Chapecó;42010;Alto Uruguai Catarinense;4217;MEIO OESTE
4213153;Planalto Alegre;SC;Sul;420007;Chapecó;4204;Chapecó;42002;Oeste;4213;GRANDE OESTE
4213203;Pomerode;SC;Sul;420019;Blumenau;4207;Blumenau;42006;Médio Vale do Itajaí;4216;VALE DO ITAJAI
4213302;Ponte Alta;SC;Sul;420005;Lages;4203;Lages;42013;Serra Catarinense;4218;SERRA CATARINENSE
4213351;Ponte Alta do Norte;SC;Sul;420006;Curitibanos;4203;Lages;42009;Alto Vale do Rio do Peixe;4217;MEIO OESTE
4213401;Ponte Serrada;SC;Sul;420011;Xanxerê;4204;Chapecó;42003;Xanxerê;4213;GRANDE OESTE
4213500;Porto Belo;SC;Sul;420020;Itajaí;4207;Blumenau;42005;Foz do Rio Itajaí;4215;FOZ DO RIO ITAJAI
4213609;Porto União;SC;Sul;420017;Mafra;4206;Joinville;42012;Planalto Norte;4211;PLANALTO NORTE E NORDESTE
4213708;Pouso Redondo;SC;Sul;420022;Rio do Sul;4207;Blumenau;42004;Alto Vale do Itajaí;4216;VALE DO ITAJAI
4213807;Praia Grande;SC;Sul;420004;Araranguá;4202;Criciúma;42014;Extremo Sul Catarinense;4210;SUL
4213906;Presidente Castello Branco;SC;Sul;420010;Concórdia;4204;Chapecó;42010;Alto Uruguai Catarinense;4217;MEIO OESTE
4214003;Presidente Getúlio;SC;Sul;420023;Ibirama - Presidente Getúlio;4207;Blumenau;42004;Alto Vale do Itajaí;4216;VALE DO ITAJAI
4214102;Presidente Nereu;SC;Sul;420022;Rio do Sul;4207;Blumenau;42004;Alto Vale do Itajaí;4216;VALE DO ITAJAI
4214151;Princesa;SC;Sul;420009;São Miguel do Oeste;4204;Chapecó;42001;Extremo Oeste;4213;GRANDE OESTE
4214201;Quilombo;SC;Sul;420007;Chapecó;4204;Chapecó;42002;Oeste;4213;GRANDE OESTE
4214300;Rancho Queimado;SC;Sul;420001;Florianópolis;4201;Florianópolis;42007;Grande Florianópolis;4214;GRANDE FLORIANOPOLIS
4214409;Rio das Antas;SC;Sul;420015;Videira;4205;Caçador;42009;Alto Vale do Rio do Peixe;4217;MEIO OESTE
4214508;Rio do Campo;SC;Sul;420022;Rio do Sul;4207;Blumenau;42004;Alto Vale do Itajaí;4216;VALE DO ITAJAI
4214607;Rio do Oeste;SC;Sul;420022;Rio do Sul;4207;Blumenau;42004;Alto Vale do Itajaí;4216;VALE DO ITAJAI
4214706;Rio dos Cedros;SC;Sul;420019;Blumenau;4207;Blumenau;42006;Médio Vale do Itajaí;4216;VALE DO ITAJAI
4214805;Rio do Sul;SC;Sul;420022;Rio do Sul;4207;Blumenau;42004;Alto Vale do Itajaí;4216;VALE DO ITAJAI
4214904;Rio Fortuna;SC;Sul;420003;Tubarão;4202;Criciúma;42016;Laguna;4210;SUL
4215000;Rio Negrinho;SC;Sul;420018;São Bento do Sul - Rio Negrinho;4206;Joinville;42012;Planalto Norte;4211;PLANALTO NORTE E NORDESTE
4215059;Rio Rufino;SC;Sul;420005;Lages;4203;Lages;42013;Serra Catarinense;4218;SERRA CATARINENSE
4215075;Riqueza;SC;Sul;420007;Chapecó;4204;Chapecó;42002;Oeste;4213;GRANDE OESTE
4215109;Rodeio;SC;Sul;420019;Blumenau;4207;Blumenau;42006;Médio Vale do Itajaí;4216;VALE DO ITAJAI
4215208;Romelândia;SC;Sul;420009;São Miguel do Oeste;4204;Chapecó;42001;Extremo Oeste;4213;GRANDE OESTE
4215307;Salete;SC;Sul;420022;Rio do Sul;4207;Blumenau;42004;Alto Vale do Itajaí;4216;VALE DO ITAJAI
4215356;Saltinho;SC;Sul;420012;Maravilha;4204;Chapecó;42001;Extremo Oeste;4213;GRANDE OESTE
4215406;Salto Veloso;SC;Sul;420015;Videira;4205;Caçador;42009;Alto Vale do Rio do Peixe;4217;MEIO OESTE
4215455;Sangão;SC;Sul;420003;Tubarão;4202;Criciúma;42016;Laguna;4210;SUL
4215505;Santa Cecília;SC;Sul;420006;Curitibanos;4203;Lages;42009;Alto Vale do Rio do Peixe;4217;MEIO OESTE
4215554;Santa Helena;SC;Sul;420009;São Miguel do Oeste;4204;Chapecó;42001;Extremo Oeste;4213;GRANDE OESTE
4215604;Santa Rosa de Lima;SC;Sul;420003;Tubarão;4202;Criciúma;42016;Laguna;4210;SUL
4215653;Santa Rosa do Sul;SC;Sul;420004;Araranguá;4202;Criciúma;42014;Extremo Sul Catarinense;4210;SUL
4215679;Santa Terezinha;SC;Sul;420022;Rio do Sul;4207;Blumenau;42004;Alto Vale do Itajaí;4216;VALE DO ITAJAI
4215687;Santa Terezinha do Progresso;SC;Sul;420012;Maravilha;4204;Chapecó;42001;Extremo Oeste;4213;GRANDE OESTE
4215695;Santiago do Sul;SC;Sul;420007;Chapecó;4204;Chapecó;42002;Oeste;4213;GRANDE OESTE
4215703;Santo Amaro da Imperatriz;SC;Sul;420001;Florianópolis;4201;Florianópolis;42007;Grande Florianópolis;4214;GRANDE FLORIANOPOLIS
4215752;São Bernardino;SC;Sul;420013;São Lourenço do Oeste;4204;Chapecó;42003;Xanxerê;4213;GRANDE OESTE
4215802;São Bento do Sul;SC;Sul;420018;São Bento do Sul - Rio Negrinho;4206;Joinville;42012;Planalto Norte;4211;PLANALTO NORTE E NORDESTE
4215901;São Bonifácio;SC;Sul;420001;Florianópolis;4201;Florianópolis;42007;Grande Florianópolis;4214;GRANDE FLORIANOPOLIS
4216008;São Carlos;SC;Sul;420007;Chapecó;4204;Chapecó;42002;Oeste;4213;GRANDE OESTE
4216057;São Cristóvão do Sul;SC;Sul;420006;Curitibanos;4203;Lages;42009;Alto Vale do Rio do Peixe;4217;MEIO OESTE
4216107;São Domingos;SC;Sul;420011;Xanxerê;4204;Chapecó;42003;Xanxerê;4213;GRANDE OESTE
4216206;São Francisco do Sul;SC;Sul;420016;Joinville;4206;Joinville;42011;Nordeste;4211;PLANALTO NORTE E NORDESTE
4216255;São João do Oeste;SC;Sul;420009;São Miguel do Oeste;4204;Chapecó;42001;Extremo Oeste;4213;GRANDE OESTE
4216305;São João Batista;SC;Sul;420021;Brusque;4207;Blumenau;42007;Grande Florianópolis;4214;GRANDE FLORIANOPOLIS
4216354;São João do Itaperiú;SC;Sul;420016;Joinville;4206;Joinville;42017;Vale do Itapocú;4211;PLANALTO NORTE E NORDESTE
4216404;São João do Sul;SC;Sul;420004;Araranguá;4202;Criciúma;42014;Extremo Sul Catarinense;4210;SUL
4216503;São Joaquim;SC;Sul;420005;Lages;4203;Lages;42013;Serra Catarinense;4218;SERRA CATARINENSE
4216602;São José;SC;Sul;420001;Florianópolis;4201;Florianópolis;42007;Grande Florianópolis;4214;GRANDE FLORIANOPOLIS
4216701;São José do Cedro;SC;Sul;420009;São Miguel do Oeste;4204;Chapecó;42001;Extremo Oeste;4213;GRANDE OESTE
4216800;São José do Cerrito;SC;Sul;420005;Lages;4203;Lages;42013;Serra Catarinense;4218;SERRA CATARINENSE
4216909;São Lourenço do Oeste;SC;Sul;420013;São Lourenço do Oeste;4204;Chapecó;42003;Xanxerê;4213;GRANDE OESTE
4217006;São Ludgero;SC;Sul;420003;Tubarão;4202;Criciúma;42016;Laguna;4210;SUL
4217105;São Martinho;SC;Sul;420003;Tubarão;4202;Criciúma;42016;Laguna;4210;SUL
4217154;São Miguel da Boa Vista;SC;Sul;420012;Maravilha;4204;Chapecó;42001;Extremo Oeste;4213;GRANDE OESTE
4217204;São Miguel do Oeste;SC;Sul;420009;São Miguel do Oeste;4204;Chapecó;42001;Extremo Oeste;4213;GRANDE OESTE
4217253;São Pedro de Alcântara;SC;Sul;420001;Florianópolis;4201;Florianópolis;42007;Grande Florianópolis;4214;GRANDE FLORIANOPOLIS
4217303;Saudades;SC;Sul;420007;Chapecó;4204;Chapecó;42001;Extremo Oeste;4213;GRANDE OESTE
4217402;Schroeder;SC;Sul;420016;Joinville;4206;Joinville;42017;Vale do Itapocú;4211;PLANALTO NORTE E NORDESTE
4217501;Seara;SC;Sul;420010;Concórdia;4204;Chapecó;42010;Alto Uruguai Catarinense;4217;MEIO OESTE
4217550;Serra Alta;SC;Sul;420007;Chapecó;4204;Chapecó;42002;Oeste;4213;GRANDE OESTE
4217600;Siderópolis;SC;Sul;420002;Criciúma;4202;Criciúma;42015;Carbonífera;4210;SUL
4217709;Sombrio;SC;Sul;420004;Araranguá;4202;Criciúma;42014;Extremo Sul Catarinense;4210;SUL
4217758;Sul Brasil;SC;Sul;420007;Chapecó;4204;Chapecó;42002;Oeste;4213;GRANDE OESTE
4217808;Taió;SC;Sul;420022;Rio do Sul;4207;Blumenau;42004;Alto Vale do Itajaí;4216;VALE DO ITAJAI
4217907;Tangará;SC;Sul;420015;Videira;4205;Caçador;42009;Alto Vale do Rio do Peixe;4217;MEIO OESTE
4217956;Tigrinhos;SC;Sul;420012;Maravilha;4204;Chapecó;42001;Extremo Oeste;4213;GRANDE OESTE
4218004;Tijucas;SC;Sul;420020;Itajaí;4207;Blumenau;42007;Grande Florianópolis;4214;GRANDE FLORIANOPOLIS
4218103;Timbé do Sul;SC;Sul;420004;Araranguá;4202;Criciúma;42014;Extremo Sul Catarinense;4210;SUL
4218202;Timbó;SC;Sul;420019;Blumenau;4207;Blumenau;42006;Médio Vale do Itajaí;4216;VALE DO ITAJAI
4218251;Timbó Grande;SC;Sul;420014;Caçador;4205;Caçador;42009;Alto Vale do Rio do Peixe;4217;MEIO OESTE
4218301;Três Barras;SC;Sul;420017;Mafra;4206;Joinville;42012;Planalto Norte;4211;PLANALTO NORTE E NORDESTE
4218350;Treviso;SC;Sul;420002;Criciúma;4202;Criciúma;42015;Carbonífera;4210;SUL
4218400;Treze de Maio;SC;Sul;420003;Tubarão;4202;Criciúma;42016;Laguna;4210;SUL
4218509;Treze Tílias;SC;Sul;420008;Joaçaba - Herval d'Oeste;4204;Chapecó;42008;Meio Oeste;4217;MEIO OESTE
4218608;Trombudo Central;SC;Sul;420022;Rio do Sul;4207;Blumenau;42004;Alto Vale do Itajaí;4216;VALE DO ITAJAI
4218707;Tubarão;SC;Sul;420003;Tubarão;4202;Criciúma;42016;Laguna;4210;SUL
4218756;Tunápolis;SC;Sul;420009;São Miguel do Oeste;4204;Chapecó;42001;Extremo Oeste;4213;GRANDE OESTE
4218806;Turvo;SC;Sul;420004;Araranguá;4202;Criciúma;42014;Extremo Sul Catarinense;4210;SUL
4218855;União do Oeste;SC;Sul;420007;Chapecó;4204;Chapecó;42002;Oeste;4213;GRANDE OESTE
4218905;Urubici;SC;Sul;420005;Lages;4203;Lages;42013;Serra Catarinense;4218;SERRA CATARINENSE
4218954;Urupema;SC;Sul;420005;Lages;4203;Lages;42013;Serra Catarinense;4218;SERRA CATARINENSE
4219002;Urussanga;SC;Sul;420002;Criciúma;4202;Criciúma;42015;Carbonífera;4210;SUL
4219101;Vargeão;SC;Sul;420011;Xanxerê;4204;Chapecó;42003;Xanxerê;4213;GRANDE OESTE
4219150;Vargem;SC;Sul;420008;Joaçaba - Herval d'Oeste;4204;Chapecó;42008;Meio Oeste;4217;MEIO OESTE
4219176;Vargem Bonita;SC;Sul;420008;Joaçaba - Herval d'Oeste;4204;Chapecó;42008;Meio Oeste;4217;MEIO OESTE
4219200;Vidal Ramos;SC;Sul;420024;Ituporanga;4207;Blumenau;42004;Alto Vale do Itajaí;4216;VALE DO ITAJAI
4219309;Videira;SC;Sul;420015;Videira;4205;Caçador;42009;Alto Vale do Rio do Peixe;4217;MEIO OESTE
4219358;Vitor Meireles;SC;Sul;420023;Ibirama - Presidente Getúlio;4207;Blumenau;42004;Alto Vale do Itajaí;4216;VALE DO ITAJAI
4219408;Witmarsum;SC;Sul;420023;Ibirama - Presidente Getúlio;4207;Blumenau;42004;Alto Vale do Itajaí;4216;VALE DO ITAJAI
4219507;Xanxerê;SC;Sul;420011;Xanxerê;4204;Chapecó;42003;Xanxerê;4213;GRANDE OESTE
4219606;Xavantina;SC;Sul;420011;Xanxerê;4204;Chapecó;42010;Alto Uruguai Catarinense;4217;MEIO OESTE
4219705;Xaxim;SC;Sul;420007;Chapecó;4204;Chapecó;42003;Xanxerê;4213;GRANDE OESTE
4219853;Zortéa;SC;Sul;420008;Joaçaba - Herval d'Oeste;4204;Chapecó;42008;Meio Oeste;4217;MEIO OESTE
4220000;Balneário Rincão;SC;Sul;420002;Criciúma;4202;Criciúma;42015;Carbonífera;4210;SUL
4300034;Aceguá;RS;Sul;430010;Bagé;4302;Pelotas;43022;Região 22 - Pampa;4309;SUL
4300059;Água Santa;RS;Sul;430032;Tapejara - Sananduva;4306;Passo Fundo;43018;Região 18 - Araucárias;4311;NORTE
4300109;Agudo;RS;Sul;430011;Santa Maria;4303;Santa Maria;43001;Região 01 - Verdes Campos;4314;CENTRO-OESTE
4300208;Ajuricaba;RS;Sul;430018;Ijuí;4305;Ijuí;43013;Região 13 - Diversidade;4312;MISSIONEIRA
4300307;Alecrim;RS;Sul;430019;Santa Rosa;4305;Ijuí;43014;Região 14 - Fronteira Noroeste;4312;MISSIONEIRA
4300406;Alegrete;RS;Sul;430015;Uruguaiana;4304;Uruguaiana;43003;Região 03 - Fronteira Oeste;4314;CENTRO-OESTE
4300455;Alegria;RS;Sul;430023;Três de Maio;4305;Ijuí;43014;Região 14 - Fronteira Noroeste;4312;MISSIONEIRA
4300471;Almirante Tamandaré do Sul;RS;Sul;430028;Carazinho;4306;Passo Fundo;43017;Região 17 - Planalto;4311;NORTE
4300505;Alpestre;RS;Sul;430035;Nonoai;4306;Passo Fundo;43015;Região 15 - Caminho das Águas;4311;NORTE
4300554;Alto Alegre;RS;Sul;430025;Passo Fundo;4306;Passo Fundo;43019;Região 19 - Botucaraí;4311;NORTE
4300570;Alto Feliz;RS;Sul;430036;Caxias do Sul;4307;Caxias do Sul;43026;Região 26 - Uva Vale;4310;SERRA
4300604;Alvorada;RS;Sul;430001;Porto Alegre;4301;Porto Alegre;43010;Região 10 - Capital e Vale do Gravataí;4313;METROPOLITANA
4300638;Amaral Ferrador;RS;Sul;430005;Camaquã;4301;Porto Alegre;43021;Região 21 - Sul;4309;SUL
4300646;Ametista do Sul;RS;Sul;430029;Frederico Westphalen;4306;Passo Fundo;43015;Região 15 - Caminho das Águas;4311;NORTE
4300661;André da Rocha;RS;Sul;430038;Nova Prata - Guaporé;4307;Caxias do Sul;43018;Região 18 - Araucárias;4311;NORTE
4300703;Anta Gorda;RS;Sul;430043;Encantado;4308;Santa Cruz do Sul - Lajeado;43029;Região 29 - Vales e Montanhas;4308;VALES
4300802;Antônio Prado;RS;Sul;430036;Caxias do Sul;4307;Caxias do Sul;43026;Região 26 - Uva Vale;4310;SERRA
4300851;Arambaré;RS;Sul;430005;Camaquã;4301;Porto Alegre;43009;Região 09 - Carbonífera/Costa Doce;4313;METROPOLITANA
4300877;Araricá;RS;Sul;430002;Novo Hamburgo - São Leopoldo;4301;Porto Alegre;43007;Região 07 - Vale dos Sinos;4313;METROPOLITANA
4300901;Aratiba;RS;Sul;430026;Erechim;4306;Passo Fundo;43016;Região 16 - Alto Uruguai Gaúcho;4311;NORTE
4301008;Arroio do Meio;RS;Sul;430041;Lajeado;4308;Santa Cruz do Sul - Lajeado;43029;Região 29 - Vales e Montanhas;4308;VALES
4301057;Arroio do Sal;RS;Sul;430008;Torres;4301;Porto Alegre;43004;Região 04 - Belas Praias;4313;METROPOLITANA
4301073;Arroio do Padre;RS;Sul;430009;Pelotas;4302;Pelotas;43021;Região 21 - Sul;4309;SUL
4301107;Arroio dos Ratos;RS;Sul;430001;Porto Alegre;4301;Porto Alegre;43009;Região 09 - Carbonífera/Costa Doce;4313;METROPOLITANA
4301206;Arroio do Tigre;RS;Sul;430042;Sobradinho;4308;Santa Cruz do Sul - Lajeado;43027;Região 27 - Jacuí Centro;4308;VALES
4301305;Arroio Grande;RS;Sul;430009;Pelotas;4302;Pelotas;43021;Região 21 - Sul;4309;SUL
4301404;Arvorezinha;RS;Sul;430031;Soledade;4306;Passo Fundo;43019;Região 19 - Botucaraí;4311;NORTE
4301503;Augusto Pestana;RS;Sul;430018;Ijuí;4305;Ijuí;43013;Região 13 - Diversidade;4312;MISSIONEIRA
4301552;Áurea;RS;Sul;430026;Erechim;4306;Passo Fundo;43016;Região 16 - Alto Uruguai Gaúcho;4311;NORTE
4301602;Bagé;RS;Sul;430010;Bagé;4302;Pelotas;43022;Região 22 - Pampa;4309;SUL
4301636;Balneário Pinhal;RS;Sul;430003;Tramandaí - Osório;4301;Porto Alegre;43005;Região 05 - Bons Ventos;4313;METROPOLITANA
4301651;Barão;RS;Sul;430037;Bento Gonçalves;4307;Caxias do Sul;43008;Região 08 - Vale do Caí e Metropolitana;4313;METROPOLITANA
4301701;Barão de Cotegipe;RS;Sul;430026;Erechim;4306;Passo Fundo;43016;Região 16 - Alto Uruguai Gaúcho;4311;NORTE
4301750;Barão do Triunfo;RS;Sul;430001;Porto Alegre;4301;Porto Alegre;43009;Região 09 - Carbonífera/Costa Doce;4313;METROPOLITANA
4301800;Barracão;RS;Sul;430033;Lagoa Vermelha;4306;Passo Fundo;43018;Região 18 - Araucárias;4311;NORTE
4301859;Barra do Guarita;RS;Sul;430021;Três Passos;4305;Ijuí;43015;Região 15 - Caminho das Águas;4311;NORTE
4301875;Barra do Quaraí;RS;Sul;430015;Uruguaiana;4304;Uruguaiana;43003;Região 03 - Fronteira Oeste;4314;CENTRO-OESTE
4301909;Barra do Ribeiro;RS;Sul;430001;Porto Alegre;4301;Porto Alegre;43009;Região 09 - Carbonífera/Costa Doce;4313;METROPOLITANA
4301925;Barra do Rio Azul;RS;Sul;430026;Erechim;4306;Passo Fundo;43016;Região 16 - Alto Uruguai Gaúcho;4311;NORTE
4301958;Barra Funda;RS;Sul;430028;Carazinho;4306;Passo Fundo;43020;Região 20 - Rota da Produção;4311;NORTE
4302006;Barros Cassal;RS;Sul;430031;Soledade;4306;Passo Fundo;43019;Região 19 - Botucaraí;4311;NORTE
4302055;Benjamin Constant do Sul;RS;Sul;430026;Erechim;4306;Passo Fundo;43016;Região 16 - Alto Uruguai Gaúcho;4311;NORTE
4302105;Bento Gonçalves;RS;Sul;430037;Bento Gonçalves;4307;Caxias do Sul;43025;Região 25 - Vinhedos e Basalto;4310;SERRA
4302154;Boa Vista das Missões;RS;Sul;430029;Frederico Westphalen;4306;Passo Fundo;43020;Região 20 - Rota da Produção;4311;NORTE
4302204;Boa Vista do Buricá;RS;Sul;430023;Três de Maio;4305;Ijuí;43014;Região 14 - Fronteira Noroeste;4312;MISSIONEIRA
4302220;Boa Vista do Cadeado;RS;Sul;430027;Cruz Alta;4306;Passo Fundo;43012;Região 12 - Portal das Missões;4312;MISSIONEIRA
4302238;Boa Vista do Incra;RS;Sul;430027;Cruz Alta;4306;Passo Fundo;43012;Região 12 - Portal das Missões;4312;MISSIONEIRA
4302253;Boa Vista do Sul;RS;Sul;430037;Bento Gonçalves;4307;Caxias do Sul;43025;Região 25 - Vinhedos e Basalto;4310;SERRA
4302303;Bom Jesus;RS;Sul;430039;Vacaria;4307;Caxias do Sul;43024;Região 24 - Campos de Cima da Serra;4310;SERRA
4302352;Bom Princípio;RS;Sul;430002;Novo Hamburgo - São Leopoldo;4301;Porto Alegre;43026;Região 26 - Uva Vale;4310;SERRA
4302378;Bom Progresso;RS;Sul;430021;Três Passos;4305;Ijuí;43015;Região 15 - Caminho das Águas;4311;NORTE
4302402;Bom Retiro do Sul;RS;Sul;430041;Lajeado;4308;Santa Cruz do Sul - Lajeado;43030;Região 30 - Vale da Luz;4308;VALES
4302451;Boqueirão do Leão;RS;Sul;430041;Lajeado;4308;Santa Cruz do Sul - Lajeado;43029;Região 29 - Vales e Montanhas;4308;VALES
4302501;Bossoroca;RS;Sul;430022;São Luiz Gonzaga;4305;Ijuí;43011;Região 11 - Sete Povos das Missões;4312;MISSIONEIRA
4302584;Bozano;RS;Sul;430018;Ijuí;4305;Ijuí;43013;Região 13 - Diversidade;4312;MISSIONEIRA
4302600;Braga;RS;Sul;430021;Três Passos;4305;Ijuí;43020;Região 20 - Rota da Produção;4311;NORTE
4302659;Brochier;RS;Sul;430007;Montenegro;4301;Porto Alegre;43008;Região 08 - Vale do Caí e Metropolitana;4313;METROPOLITANA
4302709;Butiá;RS;Sul;430006;Charqueadas - Triunfo - São Jerônimo;4301;Porto Alegre;43009;Região 09 - Carbonífera/Costa Doce;4313;METROPOLITANA
4302808;Caçapava do Sul;RS;Sul;430012;São Gabriel - Caçapava do Sul;4303;Santa Maria;43027;Região 27 - Jacuí Centro;4308;VALES
4302907;Cacequi;RS;Sul;430011;Santa Maria;4303;Santa Maria;43002;Região 02 - Entre Rios;4314;CENTRO-OESTE
4303004;Cachoeira do Sul;RS;Sul;430013;Cachoeira do Sul;4303;Santa Maria;43027;Região 27 - Jacuí Centro;4308;VALES
4303103;Cachoeirinha;RS;Sul;430001;Porto Alegre;4301;Porto Alegre;43010;Região 10 - Capital e Vale do Gravataí;4313;METROPOLITANA
4303202;Cacique Doble;RS;Sul;430033;Lagoa Vermelha;4306;Passo Fundo;43018;Região 18 - Araucárias;4311;NORTE
4303301;Caibaté;RS;Sul;430022;São Luiz Gonzaga;4305;Ijuí;43011;Região 11 - Sete Povos das Missões;4312;MISSIONEIRA
4303400;Caiçara;RS;Sul;430029;Frederico Westphalen;4306;Passo Fundo;43015;Região 15 - Caminho das Águas;4311;NORTE
4303509;Camaquã;RS;Sul;430005;Camaquã;4301;Porto Alegre;43009;Região 09 - Carbonífera/Costa Doce;4313;METROPOLITANA
4303558;Camargo;RS;Sul;430030;Marau;4306;Passo Fundo;43017;Região 17 - Planalto;4311;NORTE
4303608;Cambará do Sul;RS;Sul;430036;Caxias do Sul;4307;Caxias do Sul;43006;Região 06 - Vale do Paranhana e Costa Serra;4313;METROPOLITANA
4303673;Campestre da Serra;RS;Sul;430036;Caxias do Sul;4307;Caxias do Sul;43024;Região 24 - Campos de Cima da Serra;4310;SERRA
4303707;Campina das Missões;RS;Sul;430019;Santa Rosa;4305;Ijuí;43014;Região 14 - Fronteira Noroeste;4312;MISSIONEIRA
4303806;Campinas do Sul;RS;Sul;430026;Erechim;4306;Passo Fundo;43016;Região 16 - Alto Uruguai Gaúcho;4311;NORTE
4303905;Campo Bom;RS;Sul;430002;Novo Hamburgo - São Leopoldo;4301;Porto Alegre;43007;Região 07 - Vale dos Sinos;4313;METROPOLITANA
4304002;Campo Novo;RS;Sul;430021;Três Passos;4305;Ijuí;43013;Região 13 - Diversidade;4312;MISSIONEIRA
4304101;Campos Borges;RS;Sul;430025;Passo Fundo;4306;Passo Fundo;43019;Região 19 - Botucaraí;4311;NORTE
4304200;Candelária;RS;Sul;430040;Santa Cruz do Sul;4308;Santa Cruz do Sul - Lajeado;43028;Região 28 - Vinte e Oito;4308;VALES
4304309;Cândido Godói;RS;Sul;430019;Santa Rosa;4305;Ijuí;43014;Região 14 - Fronteira Noroeste;4312;MISSIONEIRA
4304358;Candiota;RS;Sul;430010;Bagé;4302;Pelotas;43022;Região 22 - Pampa;4309;SUL
4304408;Canela;RS;Sul;430036;Caxias do Sul;4307;Caxias do Sul;43023;Região 23 - Caxias e Hortênsias;4310;SERRA
4304507;Canguçu;RS;Sul;430009;Pelotas;4302;Pelotas;43021;Região 21 - Sul;4309;SUL
4304606;Canoas;RS;Sul;430001;Porto Alegre;4301;Porto Alegre;43008;Região 08 - Vale do Caí e Metropolitana;4313;METROPOLITANA
4304614;Canudos do Vale;RS;Sul;430041;Lajeado;4308;Santa Cruz do Sul - Lajeado;43029;Região 29 - Vales e Montanhas;4308;VALES
4304622;Capão Bonito do Sul;RS;Sul;430033;Lagoa Vermelha;4306;Passo Fundo;43018;Região 18 - Araucárias;4311;NORTE
4304630;Capão da Canoa;RS;Sul;430003;Tramandaí - Osório;4301;Porto Alegre;43004;Região 04 - Belas Praias;4313;METROPOLITANA
4304655;Capão do Cipó;RS;Sul;430014;Santiago;4303;Santa Maria;43002;Região 02 - Entre Rios;4314;CENTRO-OESTE
4304663;Capão do Leão;RS;Sul;430009;Pelotas;4302;Pelotas;43021;Região 21 - Sul;4309;SUL
4304671;Capivari do Sul;RS;Sul;430001;Porto Alegre;4301;Porto Alegre;43005;Região 05 - Bons Ventos;4313;METROPOLITANA
4304689;Capela de Santana;RS;Sul;430002;Novo Hamburgo - São Leopoldo;4301;Porto Alegre;43008;Região 08 - Vale do Caí e Metropolitana;4313;METROPOLITANA
4304697;Capitão;RS;Sul;430041;Lajeado;4308;Santa Cruz do Sul - Lajeado;43029;Região 29 - Vales e Montanhas;4308;VALES
4304705;Carazinho;RS;Sul;430028;Carazinho;4306;Passo Fundo;43017;Região 17 - Planalto;4311;NORTE
4304713;Caraá;RS;Sul;430001;Porto Alegre;4301;Porto Alegre;43005;Região 05 - Bons Ventos;4313;METROPOLITANA
4304804;Carlos Barbosa;RS;Sul;430037;Bento Gonçalves;4307;Caxias do Sul;43025;Região 25 - Vinhedos e Basalto;4310;SERRA
4304853;Carlos Gomes;RS;Sul;430026;Erechim;4306;Passo Fundo;43016;Região 16 - Alto Uruguai Gaúcho;4311;NORTE
4304903;Casca;RS;Sul;430030;Marau;4306;Passo Fundo;43017;Região 17 - Planalto;4311;NORTE
4304952;Caseiros;RS;Sul;430033;Lagoa Vermelha;4306;Passo Fundo;43018;Região 18 - Araucárias;4311;NORTE
4305009;Catuípe;RS;Sul;430018;Ijuí;4305;Ijuí;43013;Região 13 - Diversidade;4312;MISSIONEIRA
4305108;Caxias do Sul;RS;Sul;430036;Caxias do Sul;4307;Caxias do Sul;43023;Região 23 - Caxias e Hortênsias;4310;SERRA
4305116;Centenário;RS;Sul;430026;Erechim;4306;Passo Fundo;43016;Região 16 - Alto Uruguai Gaúcho;4311;NORTE
4305124;Cerrito;RS;Sul;430009;Pelotas;4302;Pelotas;43021;Região 21 - Sul;4309;SUL
4305132;Cerro Branco;RS;Sul;430013;Cachoeira do Sul;4303;Santa Maria;43027;Região 27 - Jacuí Centro;4308;VALES
4305157;Cerro Grande;RS;Sul;430034;Palmeira das Missões;4306;Passo Fundo;43020;Região 20 - Rota da Produção;4311;NORTE
4305173;Cerro Grande do Sul;RS;Sul;430005;Camaquã;4301;Porto Alegre;43009;Região 09 - Carbonífera/Costa Doce;4313;METROPOLITANA
4305207;Cerro Largo;RS;Sul;430024;Cerro Largo;4305;Ijuí;43011;Região 11 - Sete Povos das Missões;4312;MISSIONEIRA
4305306;Chapada;RS;Sul;430028;Carazinho;4306;Passo Fundo;43020;Região 20 - Rota da Produção;4311;NORTE
4305355;Charqueadas;RS;Sul;430006;Charqueadas - Triunfo - São Jerônimo;4301;Porto Alegre;43009;Região 09 - Carbonífera/Costa Doce;4313;METROPOLITANA
4305371;Charrua;RS;Sul;430032;Tapejara - Sananduva;4306;Passo Fundo;43016;Região 16 - Alto Uruguai Gaúcho;4311;NORTE
4305405;Chiapetta;RS;Sul;430018;Ijuí;4305;Ijuí;43013;Região 13 - Diversidade;4312;MISSIONEIRA
4305439;Chuí;RS;Sul;430009;Pelotas;4302;Pelotas;43021;Região 21 - Sul;4309;SUL
4305447;Chuvisca;RS;Sul;430005;Camaquã;4301;Porto Alegre;43009;Região 09 - Carbonífera/Costa Doce;4313;METROPOLITANA
4305454;Cidreira;RS;Sul;430003;Tramandaí - Osório;4301;Porto Alegre;43005;Região 05 - Bons Ventos;4313;METROPOLITANA
4305504;Ciríaco;RS;Sul;430030;Marau;4306;Passo Fundo;43017;Região 17 - Planalto;4311;NORTE
4305587;Colinas;RS;Sul;430041;Lajeado;4308;Santa Cruz do Sul - Lajeado;43030;Região 30 - Vale da Luz;4308;VALES
4305603;Colorado;RS;Sul;430028;Carazinho;4306;Passo Fundo;43012;Região 12 - Portal das Missões;4312;MISSIONEIRA
4305702;Condor;RS;Sul;430018;Ijuí;4305;Ijuí;43013;Região 13 - Diversidade;4312;MISSIONEIRA
4305801;Constantina;RS;Sul;430028;Carazinho;4306;Passo Fundo;43020;Região 20 - Rota da Produção;4311;NORTE
4305835;Coqueiro Baixo;RS;Sul;430041;Lajeado;4308;Santa Cruz do Sul - Lajeado;43029;Região 29 - Vales e Montanhas;4308;VALES
4305850;Coqueiros do Sul;RS;Sul;430028;Carazinho;4306;Passo Fundo;43017;Região 17 - Planalto;4311;NORTE
4305871;Coronel Barros;RS;Sul;430018;Ijuí;4305;Ijuí;43013;Região 13 - Diversidade;4312;MISSIONEIRA
4305900;Coronel Bicaco;RS;Sul;430018;Ijuí;4305;Ijuí;43020;Região 20 - Rota da Produção;4311;NORTE
4305934;Coronel Pilar;RS;Sul;430037;Bento Gonçalves;4307;Caxias do Sul;43025;Região 25 - Vinhedos e Basalto;4310;SERRA
4305959;Cotiporã;RS;Sul;430037;Bento Gonçalves;4307;Caxias do Sul;43025;Região 25 - Vinhedos e Basalto;4310;SERRA
4305975;Coxilha;RS;Sul;430025;Passo Fundo;4306;Passo Fundo;43017;Região 17 - Planalto;4311;NORTE
4306007;Crissiumal;RS;Sul;430021;Três Passos;4305;Ijuí;43013;Região 13 - Diversidade;4312;MISSIONEIRA
4306056;Cristal;RS;Sul;430005;Camaquã;4301;Porto Alegre;43009;Região 09 - Carbonífera/Costa Doce;4313;METROPOLITANA
4306072;Cristal do Sul;RS;Sul;430029;Frederico Westphalen;4306;Passo Fundo;43015;Região 15 - Caminho das Águas;4311;NORTE
4306106;Cruz Alta;RS;Sul;430027;Cruz Alta;4306;Passo Fundo;43012;Região 12 - Portal das Missões;4312;MISSIONEIRA
4306130;Cruzaltense;RS;Sul;430026;Erechim;4306;Passo Fundo;43016;Região 16 - Alto Uruguai Gaúcho;4311;NORTE
4306205;Cruzeiro do Sul;RS;Sul;430041;Lajeado;4308;Santa Cruz do Sul - Lajeado;43029;Região 29 - Vales e Montanhas;4308;VALES
4306304;David Canabarro;RS;Sul;430030;Marau;4306;Passo Fundo;43017;Região 17 - Planalto;4311;NORTE
4306320;Derrubadas;RS;Sul;430021;Três Passos;4305;Ijuí;43015;Região 15 - Caminho das Águas;4311;NORTE
4306353;Dezesseis de Novembro;RS;Sul;430022;São Luiz Gonzaga;4305;Ijuí;43011;Região 11 - Sete Povos das Missões;4312;MISSIONEIRA
4306379;Dilermando de Aguiar;RS;Sul;430011;Santa Maria;4303;Santa Maria;43001;Região 01 - Verdes Campos;4314;CENTRO-OESTE
4306403;Dois Irmãos;RS;Sul;430002;Novo Hamburgo - São Leopoldo;4301;Porto Alegre;43007;Região 07 - Vale dos Sinos;4313;METROPOLITANA
4306429;Dois Irmãos das Missões;RS;Sul;430034;Palmeira das Missões;4306;Passo Fundo;43020;Região 20 - Rota da Produção;4311;NORTE
4306452;Dois Lajeados;RS;Sul;430038;Nova Prata - Guaporé;4307;Caxias do Sul;43029;Região 29 - Vales e Montanhas;4308;VALES
4306502;Dom Feliciano;RS;Sul;430005;Camaquã;4301;Porto Alegre;43009;Região 09 - Carbonífera/Costa Doce;4313;METROPOLITANA
4306551;Dom Pedro de Alcântara;RS;Sul;430008;Torres;4301;Porto Alegre;43004;Região 04 - Belas Praias;4313;METROPOLITANA
4306601;Dom Pedrito;RS;Sul;430010;Bagé;4302;Pelotas;43022;Região 22 - Pampa;4309;SUL
4306700;Dona Francisca;RS;Sul;430011;Santa Maria;4303;Santa Maria;43001;Região 01 - Verdes Campos;4314;CENTRO-OESTE
4306734;Doutor Maurício Cardoso;RS;Sul;430023;Três de Maio;4305;Ijuí;43014;Região 14 - Fronteira Noroeste;4312;MISSIONEIRA
4306759;Doutor Ricardo;RS;Sul;430043;Encantado;4308;Santa Cruz do Sul - Lajeado;43029;Região 29 - Vales e Montanhas;4308;VALES
4306767;Eldorado do Sul;RS;Sul;430001;Porto Alegre;4301;Porto Alegre;43009;Região 09 - Carbonífera/Costa Doce;4313;METROPOLITANA
4306809;Encantado;RS;Sul;430043;Encantado;4308;Santa Cruz do Sul - Lajeado;43029;Região 29 - Vales e Montanhas;4308;VALES
4306908;Encruzilhada do Sul;RS;Sul;430040;Santa Cruz do Sul;4308;Santa Cruz do Sul - Lajeado;43027;Região 27 - Jacuí Centro;4308;VALES
4306924;Engenho Velho;RS;Sul;430028;Carazinho;4306;Passo Fundo;43020;Região 20 - Rota da Produção;4311;NORTE
4306932;Entre-Ijuís;RS;Sul;430020;Santo Ângelo;4305;Ijuí;43011;Região 11 - Sete Povos das Missões;4312;MISSIONEIRA
4306957;Entre Rios do Sul;RS;Sul;430026;Erechim;4306;Passo Fundo;43016;Região 16 - Alto Uruguai Gaúcho;4311;NORTE
4306973;Erebango;RS;Sul;430026;Erechim;4306;Passo Fundo;43016;Região 16 - Alto Uruguai Gaúcho;4311;NORTE
4307005;Erechim;RS;Sul;430026;Erechim;4306;Passo Fundo;43016;Região 16 - Alto Uruguai Gaúcho;4311;NORTE
4307054;Ernestina;RS;Sul;430025;Passo Fundo;4306;Passo Fundo;43017;Região 17 - Planalto;4311;NORTE
4307104;Herval;RS;Sul;430009;Pelotas;4302;Pelotas;43021;Região 21 - Sul;4309;SUL
4307203;Erval Grande;RS;Sul;430026;Erechim;4306;Passo Fundo;43016;Região 16 - Alto Uruguai Gaúcho;4311;NORTE
4307302;Erval Seco;RS;Sul;430029;Frederico Westphalen;4306;Passo Fundo;43015;Região 15 - Caminho das Águas;4311;NORTE
4307401;Esmeralda;RS;Sul;430039;Vacaria;4307;Caxias do Sul;43024;Região 24 - Campos de Cima da Serra;4310;SERRA
4307450;Esperança do Sul;RS;Sul;430021;Três Passos;4305;Ijuí;43015;Região 15 - Caminho das Águas;4311;NORTE
4307500;Espumoso;RS;Sul;430025;Passo Fundo;4306;Passo Fundo;43019;Região 19 - Botucaraí;4311;NORTE
4307559;Estação;RS;Sul;430026;Erechim;4306;Passo Fundo;43016;Região 16 - Alto Uruguai Gaúcho;4311;NORTE
4307609;Estância Velha;RS;Sul;430002;Novo Hamburgo - São Leopoldo;4301;Porto Alegre;43007;Região 07 - Vale dos Sinos;4313;METROPOLITANA
4307708;Esteio;RS;Sul;430001;Porto Alegre;4301;Porto Alegre;43008;Região 08 - Vale do Caí e Metropolitana;4313;METROPOLITANA
4307807;Estrela;RS;Sul;430041;Lajeado;4308;Santa Cruz do Sul - Lajeado;43030;Região 30 - Vale da Luz;4308;VALES
4307815;Estrela Velha;RS;Sul;430042;Sobradinho;4308;Santa Cruz do Sul - Lajeado;43027;Região 27 - Jacuí Centro;4308;VALES
4307831;Eugênio de Castro;RS;Sul;430020;Santo Ângelo;4305;Ijuí;43011;Região 11 - Sete Povos das Missões;4312;MISSIONEIRA
4307864;Fagundes Varela;RS;Sul;430037;Bento Gonçalves;4307;Caxias do Sul;43025;Região 25 - Vinhedos e Basalto;4310;SERRA
4307906;Farroupilha;RS;Sul;430036;Caxias do Sul;4307;Caxias do Sul;43026;Região 26 - Uva Vale;4310;SERRA
4308003;Faxinal do Soturno;RS;Sul;430011;Santa Maria;4303;Santa Maria;43001;Região 01 - Verdes Campos;4314;CENTRO-OESTE
4308052;Faxinalzinho;RS;Sul;430026;Erechim;4306;Passo Fundo;43016;Região 16 - Alto Uruguai Gaúcho;4311;NORTE
4308078;Fazenda Vilanova;RS;Sul;430041;Lajeado;4308;Santa Cruz do Sul - Lajeado;43030;Região 30 - Vale da Luz;4308;VALES
4308102;Feliz;RS;Sul;430036;Caxias do Sul;4307;Caxias do Sul;43026;Região 26 - Uva Vale;4310;SERRA
4308201;Flores da Cunha;RS;Sul;430036;Caxias do Sul;4307;Caxias do Sul;43026;Região 26 - Uva Vale;4310;SERRA
4308250;Floriano Peixoto;RS;Sul;430026;Erechim;4306;Passo Fundo;43016;Região 16 - Alto Uruguai Gaúcho;4311;NORTE
4308300;Fontoura Xavier;RS;Sul;430031;Soledade;4306;Passo Fundo;43019;Região 19 - Botucaraí;4311;NORTE
4308409;Formigueiro;RS;Sul;430011;Santa Maria;4303;Santa Maria;43001;Região 01 - Verdes Campos;4314;CENTRO-OESTE
4308433;Forquetinha;RS;Sul;430041;Lajeado;4308;Santa Cruz do Sul - Lajeado;43029;Região 29 - Vales e Montanhas;4308;VALES
4308458;Fortaleza dos Valos;RS;Sul;430027;Cruz Alta;4306;Passo Fundo;43012;Região 12 - Portal das Missões;4312;MISSIONEIRA
4308508;Frederico Westphalen;RS;Sul;430029;Frederico Westphalen;4306;Passo Fundo;43015;Região 15 - Caminho das Águas;4311;NORTE
4308607;Garibaldi;RS;Sul;430037;Bento Gonçalves;4307;Caxias do Sul;43025;Região 25 - Vinhedos e Basalto;4310;SERRA
4308656;Garruchos;RS;Sul;430022;São Luiz Gonzaga;4305;Ijuí;43011;Região 11 - Sete Povos das Missões;4312;MISSIONEIRA
4308706;Gaurama;RS;Sul;430026;Erechim;4306;Passo Fundo;43016;Região 16 - Alto Uruguai Gaúcho;4311;NORTE
4308805;General Câmara;RS;Sul;430006;Charqueadas - Triunfo - São Jerônimo;4301;Porto Alegre;43009;Região 09 - Carbonífera/Costa Doce;4313;METROPOLITANA
4308854;Gentil;RS;Sul;430030;Marau;4306;Passo Fundo;43017;Região 17 - Planalto;4311;NORTE
4308904;Getúlio Vargas;RS;Sul;430026;Erechim;4306;Passo Fundo;43016;Região 16 - Alto Uruguai Gaúcho;4311;NORTE
4309001;Giruá;RS;Sul;430020;Santo Ângelo;4305;Ijuí;43014;Região 14 - Fronteira Noroeste;4312;MISSIONEIRA
4309050;Glorinha;RS;Sul;430001;Porto Alegre;4301;Porto Alegre;43010;Região 10 - Capital e Vale do Gravataí;4313;METROPOLITANA
4309100;Gramado;RS;Sul;430036;Caxias do Sul;4307;Caxias do Sul;43023;Região 23 - Caxias e Hortênsias;4310;SERRA
4309126;Gramado dos Loureiros;RS;Sul;430035;Nonoai;4306;Passo Fundo;43020;Região 20 - Rota da Produção;4311;NORTE
4309159;Gramado Xavier;RS;Sul;430040;Santa Cruz do Sul;4308;Santa Cruz do Sul - Lajeado;43028;Região 28 - Vinte e Oito;4308;VALES
4309209;Gravataí;RS;Sul;430001;Porto Alegre;4301;Porto Alegre;43010;Região 10 - Capital e Vale do Gravataí;4313;METROPOLITANA
4309258;Guabiju;RS;Sul;430038;Nova Prata - Guaporé;4307;Caxias do Sul;43025;Região 25 - Vinhedos e Basalto;4310;SERRA
4309308;Guaíba;RS;Sul;430001;Porto Alegre;4301;Porto Alegre;43009;Região 09 - Carbonífera/Costa Doce;4313;METROPOLITANA
4309407;Guaporé;RS;Sul;430038;Nova Prata - Guaporé;4307;Caxias do Sul;43025;Região 25 - Vinhedos e Basalto;4310;SERRA
4309506;Guarani das Missões;RS;Sul;430020;Santo Ângelo;4305;Ijuí;43011;Região 11 - Sete Povos das Missões;4312;MISSIONEIRA
4309555;Harmonia;RS;Sul;430002;Novo Hamburgo - São Leopoldo;4301;Porto Alegre;43008;Região 08 - Vale do Caí e Metropolitana;4313;METROPOLITANA
4309571;Herveiras;RS;Sul;430040;Santa Cruz do Sul;4308;Santa Cruz do Sul - Lajeado;43028;Região 28 - Vinte e Oito;4308;VALES
4309605;Horizontina;RS;Sul;430023;Três de Maio;4305;Ijuí;43014;Região 14 - Fronteira Noroeste;4312;MISSIONEIRA
4309654;Hulha Negra;RS;Sul;430010;Bagé;4302;Pelotas;43022;Região 22 - Pampa;4309;SUL
4309704;Humaitá;RS;Sul;430021;Três Passos;4305;Ijuí;43013;Região 13 - Diversidade;4312;MISSIONEIRA
4309753;Ibarama;RS;Sul;430042;Sobradinho;4308;Santa Cruz do Sul - Lajeado;43027;Região 27 - Jacuí Centro;4308;VALES
4309803;Ibiaçá;RS;Sul;430032;Tapejara - Sananduva;4306;Passo Fundo;43018;Região 18 - Araucárias;4311;NORTE
4309902;Ibiraiaras;RS;Sul;430033;Lagoa Vermelha;4306;Passo Fundo;43018;Região 18 - Araucárias;4311;NORTE
4309951;Ibirapuitã;RS;Sul;430031;Soledade;4306;Passo Fundo;43019;Região 19 - Botucaraí;4311;NORTE
4310009;Ibirubá;RS;Sul;430027;Cruz Alta;4306;Passo Fundo;43012;Região 12 - Portal das Missões;4312;MISSIONEIRA
4310108;Igrejinha;RS;Sul;430004;Taquara - Parobé - Igrejinha;4301;Porto Alegre;43006;Região 06 - Vale do Paranhana e Costa Serra;4313;METROPOLITANA
4310207;Ijuí;RS;Sul;430018;Ijuí;4305;Ijuí;43013;Região 13 - Diversidade;4312;MISSIONEIRA
4310306;Ilópolis;RS;Sul;430043;Encantado;4308;Santa Cruz do Sul - Lajeado;43029;Região 29 - Vales e Montanhas;4308;VALES
4310330;Imbé;RS;Sul;430003;Tramandaí - Osório;4301;Porto Alegre;43005;Região 05 - Bons Ventos;4313;METROPOLITANA
4310363;Imigrante;RS;Sul;430041;Lajeado;4308;Santa Cruz do Sul - Lajeado;43030;Região 30 - Vale da Luz;4308;VALES
4310405;Independência;RS;Sul;430023;Três de Maio;4305;Ijuí;43014;Região 14 - Fronteira Noroeste;4312;MISSIONEIRA
4310413;Inhacorá;RS;Sul;430018;Ijuí;4305;Ijuí;43013;Região 13 - Diversidade;4312;MISSIONEIRA
4310439;Ipê;RS;Sul;430036;Caxias do Sul;4307;Caxias do Sul;43026;Região 26 - Uva Vale;4310;SERRA
4310462;Ipiranga do Sul;RS;Sul;430026;Erechim;4306;Passo Fundo;43016;Região 16 - Alto Uruguai Gaúcho;4311;NORTE
4310504;Iraí;RS;Sul;430029;Frederico Westphalen;4306;Passo Fundo;43015;Região 15 - Caminho das Águas;4311;NORTE
4310538;Itaara;RS;Sul;430011;Santa Maria;4303;Santa Maria;43001;Região 01 - Verdes Campos;4314;CENTRO-OESTE
4310553;Itacurubi;RS;Sul;430014;Santiago;4303;Santa Maria;43002;Região 02 - Entre Rios;4314;CENTRO-OESTE
4310579;Itapuca;RS;Sul;430031;Soledade;4306;Passo Fundo;43019;Região 19 - Botucaraí;4311;NORTE
4310603;Itaqui;RS;Sul;430017;São Borja;4304;Uruguaiana;43003;Região 03 - Fronteira Oeste;4314;CENTRO-OESTE
4310652;Itati;RS;Sul;430003;Tramandaí - Osório;4301;Porto Alegre;43004;Região 04 - Belas Praias;4313;METROPOLITANA
4310702;Itatiba do Sul;RS;Sul;430026;Erechim;4306;Passo Fundo;43016;Região 16 - Alto Uruguai Gaúcho;4311;NORTE
4310751;Ivorá;RS;Sul;430011;Santa Maria;4303;Santa Maria;43001;Região 01 - Verdes Campos;4314;CENTRO-OESTE
4310801;Ivoti;RS;Sul;430002;Novo Hamburgo - São Leopoldo;4301;Porto Alegre;43007;Região 07 - Vale dos Sinos;4313;METROPOLITANA
4310850;Jaboticaba;RS;Sul;430029;Frederico Westphalen;4306;Passo Fundo;43020;Região 20 - Rota da Produção;4311;NORTE
4310876;Jacuizinho;RS;Sul;430027;Cruz Alta;4306;Passo Fundo;43012;Região 12 - Portal das Missões;4312;MISSIONEIRA
4310900;Jacutinga;RS;Sul;430026;Erechim;4306;Passo Fundo;43016;Região 16 - Alto Uruguai Gaúcho;4311;NORTE
4311007;Jaguarão;RS;Sul;430009;Pelotas;4302;Pelotas;43021;Região 21 - Sul;4309;SUL
4311106;Jaguari;RS;Sul;430011;Santa Maria;4303;Santa Maria;43002;Região 02 - Entre Rios;4314;CENTRO-OESTE
4311122;Jaquirana;RS;Sul;430039;Vacaria;4307;Caxias do Sul;43024;Região 24 - Campos de Cima da Serra;4310;SERRA
4311130;Jari;RS;Sul;430011;Santa Maria;4303;Santa Maria;43002;Região 02 - Entre Rios;4314;CENTRO-OESTE
4311155;Jóia;RS;Sul;430018;Ijuí;4305;Ijuí;43013;Região 13 - Diversidade;4312;MISSIONEIRA
4311205;Júlio de Castilhos;RS;Sul;430011;Santa Maria;4303;Santa Maria;43001;Região 01 - Verdes Campos;4314;CENTRO-OESTE
4311239;Lagoa Bonita do Sul;RS;Sul;430042;Sobradinho;4308;Santa Cruz do Sul - Lajeado;43027;Região 27 - Jacuí Centro;4308;VALES
4311254;Lagoão;RS;Sul;430042;Sobradinho;4308;Santa Cruz do Sul - Lajeado;43019;Região 19 - Botucaraí;4311;NORTE
4311270;Lagoa dos Três Cantos;RS;Sul;430025;Passo Fundo;4306;Passo Fundo;43017;Região 17 - Planalto;4311;NORTE
4311304;Lagoa Vermelha;RS;Sul;430033;Lagoa Vermelha;4306;Passo Fundo;43018;Região 18 - Araucárias;4311;NORTE
4311403;Lajeado;RS;Sul;430041;Lajeado;4308;Santa Cruz do Sul - Lajeado;43029;Região 29 - Vales e Montanhas;4308;VALES
4311429;Lajeado do Bugre;RS;Sul;430034;Palmeira das Missões;4306;Passo Fundo;43020;Região 20 - Rota da Produção;4311;NORTE
4311502;Lavras do Sul;RS;Sul;430012;São Gabriel - Caçapava do Sul;4303;Santa Maria;43022;Região 22 - Pampa;4309;SUL
4311601;Liberato Salzano;RS;Sul;430029;Frederico Westphalen;4306;Passo Fundo;43015;Região 15 - Caminho das Águas;4311;NORTE
4311627;Lindolfo Collor;RS;Sul;430002;Novo Hamburgo - São Leopoldo;4301;Porto Alegre;43007;Região 07 - Vale dos Sinos;4313;METROPOLITANA
4311643;Linha Nova;RS;Sul;430002;Novo Hamburgo - São Leopoldo;4301;Porto Alegre;43023;Região 23 - Caxias e Hortênsias;4310;SERRA
4311700;Machadinho;RS;Sul;430033;Lagoa Vermelha;4306;Passo Fundo;43018;Região 18 - Araucárias;4311;NORTE
4311718;Maçambará;RS;Sul;430017;São Borja;4304;Uruguaiana;43003;Região 03 - Fronteira Oeste;4314;CENTRO-OESTE
4311734;Mampituba;RS;Sul;430008;Torres;4301;Porto Alegre;43004;Região 04 - Belas Praias;4313;METROPOLITANA
4311759;Manoel Viana;RS;Sul;430015;Uruguaiana;4304;Uruguaiana;43003;Região 03 - Fronteira Oeste;4314;CENTRO-OESTE
4311775;Maquiné;RS;Sul;430003;Tramandaí - Osório;4301;Porto Alegre;43004;Região 04 - Belas Praias;4313;METROPOLITANA
4311791;Maratá;RS;Sul;430007;Montenegro;4301;Porto Alegre;43008;Região 08 - Vale do Caí e Metropolitana;4313;METROPOLITANA
4311809;Marau;RS;Sul;430030;Marau;4306;Passo Fundo;43017;Região 17 - Planalto;4311;NORTE
4311908;Marcelino Ramos;RS;Sul;430026;Erechim;4306;Passo Fundo;43016;Região 16 - Alto Uruguai Gaúcho;4311;NORTE
4311981;Mariana Pimentel;RS;Sul;430001;Porto Alegre;4301;Porto Alegre;43009;Região 09 - Carbonífera/Costa Doce;4313;METROPOLITANA
4312005;Mariano Moro;RS;Sul;430026;Erechim;4306;Passo Fundo;43016;Região 16 - Alto Uruguai Gaúcho;4311;NORTE
4312054;Marques de Souza;RS;Sul;430041;Lajeado;4308;Santa Cruz do Sul - Lajeado;43029;Região 29 - Vales e Montanhas;4308;VALES
4312104;Mata;RS;Sul;430011;Santa Maria;4303;Santa Maria;43002;Região 02 - Entre Rios;4314;CENTRO-OESTE
4312138;Mato Castelhano;RS;Sul;430025;Passo Fundo;4306;Passo Fundo;43017;Região 17 - Planalto;4311;NORTE
4312153;Mato Leitão;RS;Sul;430040;Santa Cruz do Sul;4308;Santa Cruz do Sul - Lajeado;43028;Região 28 - Vinte e Oito;4308;VALES
4312179;Mato Queimado;RS;Sul;430024;Cerro Largo;4305;Ijuí;43011;Região 11 - Sete Povos das Missões;4312;MISSIONEIRA
4312203;Maximiliano de Almeida;RS;Sul;430032;Tapejara - Sananduva;4306;Passo Fundo;43018;Região 18 - Araucárias;4311;NORTE
4312252;Minas do Leão;RS;Sul;430006;Charqueadas - Triunfo - São Jerônimo;4301;Porto Alegre;43009;Região 09 - Carbonífera/Costa Doce;4313;METROPOLITANA
4312302;Miraguaí;RS;Sul;430021;Três Passos;4305;Ijuí;43020;Região 20 - Rota da Produção;4311;NORTE
4312351;Montauri;RS;Sul;430038;Nova Prata - Guaporé;4307;Caxias do Sul;43017;Região 17 - Planalto;4311;NORTE
4312377;Monte Alegre dos Campos;RS;Sul;430039;Vacaria;4307;Caxias do Sul;43024;Região 24 - Campos de Cima da Serra;4310;SERRA
4312385;Monte Belo do Sul;RS;Sul;430037;Bento Gonçalves;4307;Caxias do Sul;43025;Região 25 - Vinhedos e Basalto;4310;SERRA
4312401;Montenegro;RS;Sul;430007;Montenegro;4301;Porto Alegre;43008;Região 08 - Vale do Caí e Metropolitana;4313;METROPOLITANA
4312427;Mormaço;RS;Sul;430031;Soledade;4306;Passo Fundo;43019;Região 19 - Botucaraí;4311;NORTE
4312443;Morrinhos do Sul;RS;Sul;430008;Torres;4301;Porto Alegre;43004;Região 04 - Belas Praias;4313;METROPOLITANA
4312450;Morro Redondo;RS;Sul;430009;Pelotas;4302;Pelotas;43021;Região 21 - Sul;4309;SUL
4312476;Morro Reuter;RS;Sul;430002;Novo Hamburgo - São Leopoldo;4301;Porto Alegre;43007;Região 07 - Vale dos Sinos;4313;METROPOLITANA
4312500;Mostardas;RS;Sul;430001;Porto Alegre;4301;Porto Alegre;43005;Região 05 - Bons Ventos;4313;METROPOLITANA
4312609;Muçum;RS;Sul;430043;Encantado;4308;Santa Cruz do Sul - Lajeado;43029;Região 29 - Vales e Montanhas;4308;VALES
4312617;Muitos Capões;RS;Sul;430039;Vacaria;4307;Caxias do Sul;43024;Região 24 - Campos de Cima da Serra;4310;SERRA
4312625;Muliterno;RS;Sul;430030;Marau;4306;Passo Fundo;43017;Região 17 - Planalto;4311;NORTE
4312658;Não-Me-Toque;RS;Sul;430028;Carazinho;4306;Passo Fundo;43017;Região 17 - Planalto;4311;NORTE
4312674;Nicolau Vergueiro;RS;Sul;430025;Passo Fundo;4306;Passo Fundo;43017;Região 17 - Planalto;4311;NORTE
4312708;Nonoai;RS;Sul;430035;Nonoai;4306;Passo Fundo;43016;Região 16 - Alto Uruguai Gaúcho;4311;NORTE
4312757;Nova Alvorada;RS;Sul;430030;Marau;4306;Passo Fundo;43017;Região 17 - Planalto;4311;NORTE
4312807;Nova Araçá;RS;Sul;430038;Nova Prata - Guaporé;4307;Caxias do Sul;43025;Região 25 - Vinhedos e Basalto;4310;SERRA
4312906;Nova Bassano;RS;Sul;430038;Nova Prata - Guaporé;4307;Caxias do Sul;43025;Região 25 - Vinhedos e Basalto;4310;SERRA
4312955;Nova Boa Vista;RS;Sul;430028;Carazinho;4306;Passo Fundo;43020;Região 20 - Rota da Produção;4311;NORTE
4313003;Nova Bréscia;RS;Sul;430043;Encantado;4308;Santa Cruz do Sul - Lajeado;43029;Região 29 - Vales e Montanhas;4308;VALES
4313011;Nova Candelária;RS;Sul;430023;Três de Maio;4305;Ijuí;43014;Região 14 - Fronteira Noroeste;4312;MISSIONEIRA
4313037;Nova Esperança do Sul;RS;Sul;430014;Santiago;4303;Santa Maria;43002;Região 02 - Entre Rios;4314;CENTRO-OESTE
4313060;Nova Hartz;RS;Sul;430002;Novo Hamburgo - São Leopoldo;4301;Porto Alegre;43007;Região 07 - Vale dos Sinos;4313;METROPOLITANA
4313086;Nova Pádua;RS;Sul;430036;Caxias do Sul;4307;Caxias do Sul;43026;Região 26 - Uva Vale;4310;SERRA
4313102;Nova Palma;RS;Sul;430011;Santa Maria;4303;Santa Maria;43001;Região 01 - Verdes Campos;4314;CENTRO-OESTE
4313201;Nova Petrópolis;RS;Sul;430036;Caxias do Sul;4307;Caxias do Sul;43023;Região 23 - Caxias e Hortênsias;4310;SERRA
4313300;Nova Prata;RS;Sul;430038;Nova Prata - Guaporé;4307;Caxias do Sul;43025;Região 25 - Vinhedos e Basalto;4310;SERRA
4313334;Nova Ramada;RS;Sul;430018;Ijuí;4305;Ijuí;43013;Região 13 - Diversidade;4312;MISSIONEIRA
4313359;Nova Roma do Sul;RS;Sul;430036;Caxias do Sul;4307;Caxias do Sul;43026;Região 26 - Uva Vale;4310;SERRA
4313375;Nova Santa Rita;RS;Sul;430001;Porto Alegre;4301;Porto Alegre;43008;Região 08 - Vale do Caí e Metropolitana;4313;METROPOLITANA
4313391;Novo Cabrais;RS;Sul;430013;Cachoeira do Sul;4303;Santa Maria;43027;Região 27 - Jacuí Centro;4308;VALES
4313409;Novo Hamburgo;RS;Sul;430002;Novo Hamburgo - São Leopoldo;4301;Porto Alegre;43007;Região 07 - Vale dos Sinos;4313;METROPOLITANA
4313425;Novo Machado;RS;Sul;430019;Santa Rosa;4305;Ijuí;43014;Região 14 - Fronteira Noroeste;4312;MISSIONEIRA
4313441;Novo Tiradentes;RS;Sul;430029;Frederico Westphalen;4306;Passo Fundo;43015;Região 15 - Caminho das Águas;4311;NORTE
4313466;Novo Xingu;RS;Sul;430028;Carazinho;4306;Passo Fundo;43020;Região 20 - Rota da Produção;4311;NORTE
4313490;Novo Barreiro;RS;Sul;430034;Palmeira das Missões;4306;Passo Fundo;43020;Região 20 - Rota da Produção;4311;NORTE
4313508;Osório;RS;Sul;430003;Tramandaí - Osório;4301;Porto Alegre;43005;Região 05 - Bons Ventos;4313;METROPOLITANA
4313607;Paim Filho;RS;Sul;430032;Tapejara - Sananduva;4306;Passo Fundo;43018;Região 18 - Araucárias;4311;NORTE
4313656;Palmares do Sul;RS;Sul;430001;Porto Alegre;4301;Porto Alegre;43005;Região 05 - Bons Ventos;4313;METROPOLITANA
4313706;Palmeira das Missões;RS;Sul;430034;Palmeira das Missões;4306;Passo Fundo;43020;Região 20 - Rota da Produção;4311;NORTE
4313805;Palmitinho;RS;Sul;430029;Frederico Westphalen;4306;Passo Fundo;43015;Região 15 - Caminho das Águas;4311;NORTE
4313904;Panambi;RS;Sul;430018;Ijuí;4305;Ijuí;43013;Região 13 - Diversidade;4312;MISSIONEIRA
4313953;Pantano Grande;RS;Sul;430040;Santa Cruz do Sul;4308;Santa Cruz do Sul - Lajeado;43028;Região 28 - Vinte e Oito;4308;VALES
4314001;Paraí;RS;Sul;430038;Nova Prata - Guaporé;4307;Caxias do Sul;43025;Região 25 - Vinhedos e Basalto;4310;SERRA
4314027;Paraíso do Sul;RS;Sul;430013;Cachoeira do Sul;4303;Santa Maria;43001;Região 01 - Verdes Campos;4314;CENTRO-OESTE
4314035;Pareci Novo;RS;Sul;430007;Montenegro;4301;Porto Alegre;43008;Região 08 - Vale do Caí e Metropolitana;4313;METROPOLITANA
4314050;Parobé;RS;Sul;430004;Taquara - Parobé - Igrejinha;4301;Porto Alegre;43006;Região 06 - Vale do Paranhana e Costa Serra;4313;METROPOLITANA
4314068;Passa Sete;RS;Sul;430042;Sobradinho;4308;Santa Cruz do Sul - Lajeado;43027;Região 27 - Jacuí Centro;4308;VALES
4314076;Passo do Sobrado;RS;Sul;430040;Santa Cruz do Sul;4308;Santa Cruz do Sul - Lajeado;43028;Região 28 - Vinte e Oito;4308;VALES
4314100;Passo Fundo;RS;Sul;430025;Passo Fundo;4306;Passo Fundo;43017;Região 17 - Planalto;4311;NORTE
4314134;Paulo Bento;RS;Sul;430026;Erechim;4306;Passo Fundo;43016;Região 16 - Alto Uruguai Gaúcho;4311;NORTE
4314159;Paverama;RS;Sul;430041;Lajeado;4308;Santa Cruz do Sul - Lajeado;43030;Região 30 - Vale da Luz;4308;VALES
4314175;Pedras Altas;RS;Sul;430010;Bagé;4302;Pelotas;43021;Região 21 - Sul;4309;SUL
4314209;Pedro Osório;RS;Sul;430009;Pelotas;4302;Pelotas;43021;Região 21 - Sul;4309;SUL
4314308;Pejuçara;RS;Sul;430018;Ijuí;4305;Ijuí;43013;Região 13 - Diversidade;4312;MISSIONEIRA
4314407;Pelotas;RS;Sul;430009;Pelotas;4302;Pelotas;43021;Região 21 - Sul;4309;SUL
4314423;Picada Café;RS;Sul;430036;Caxias do Sul;4307;Caxias do Sul;43023;Região 23 - Caxias e Hortênsias;4310;SERRA
4314456;Pinhal;RS;Sul;430029;Frederico Westphalen;4306;Passo Fundo;43015;Região 15 - Caminho das Águas;4311;NORTE
4314464;Pinhal da Serra;RS;Sul;430039;Vacaria;4307;Caxias do Sul;43024;Região 24 - Campos de Cima da Serra;4310;SERRA
4314472;Pinhal Grande;RS;Sul;430011;Santa Maria;4303;Santa Maria;43001;Região 01 - Verdes Campos;4314;CENTRO-OESTE
4314498;Pinheirinho do Vale;RS;Sul;430029;Frederico Westphalen;4306;Passo Fundo;43015;Região 15 - Caminho das Águas;4311;NORTE
4314506;Pinheiro Machado;RS;Sul;430010;Bagé;4302;Pelotas;43021;Região 21 - Sul;4309;SUL
4314548;Pinto Bandeira;RS;Sul;430037;Bento Gonçalves;4307;Caxias do Sul;43025;Região 25 - Vinhedos e Basalto;4310;SERRA
4314555;Pirapó;RS;Sul;430022;São Luiz Gonzaga;4305;Ijuí;43011;Região 11 - Sete Povos das Missões;4312;MISSIONEIRA
4314605;Piratini;RS;Sul;430009;Pelotas;4302;Pelotas;43021;Região 21 - Sul;4309;SUL
4314704;Planalto;RS;Sul;430035;Nonoai;4306;Passo Fundo;43015;Região 15 - Caminho das Águas;4311;NORTE
4314753;Poço das Antas;RS;Sul;430041;Lajeado;4308;Santa Cruz do Sul - Lajeado;43030;Região 30 - Vale da Luz;4308;VALES
4314779;Pontão;RS;Sul;430025;Passo Fundo;4306;Passo Fundo;43017;Região 17 - Planalto;4311;NORTE
4314787;Ponte Preta;RS;Sul;430026;Erechim;4306;Passo Fundo;43016;Região 16 - Alto Uruguai Gaúcho;4311;NORTE
4314803;Portão;RS;Sul;430002;Novo Hamburgo - São Leopoldo;4301;Porto Alegre;43007;Região 07 - Vale dos Sinos;4313;METROPOLITANA
4314902;Porto Alegre;RS;Sul;430001;Porto Alegre;4301;Porto Alegre;43010;Região 10 - Capital e Vale do Gravataí;4313;METROPOLITANA
4315008;Porto Lucena;RS;Sul;430019;Santa Rosa;4305;Ijuí;43014;Região 14 - Fronteira Noroeste;4312;MISSIONEIRA
4315057;Porto Mauá;RS;Sul;430019;Santa Rosa;4305;Ijuí;43014;Região 14 - Fronteira Noroeste;4312;MISSIONEIRA
4315073;Porto Vera Cruz;RS;Sul;430019;Santa Rosa;4305;Ijuí;43014;Região 14 - Fronteira Noroeste;4312;MISSIONEIRA
4315107;Porto Xavier;RS;Sul;430024;Cerro Largo;4305;Ijuí;43011;Região 11 - Sete Povos das Missões;4312;MISSIONEIRA
4315131;Pouso Novo;RS;Sul;430041;Lajeado;4308;Santa Cruz do Sul - Lajeado;43029;Região 29 - Vales e Montanhas;4308;VALES
4315149;Presidente Lucena;RS;Sul;430002;Novo Hamburgo - São Leopoldo;4301;Porto Alegre;43007;Região 07 - Vale dos Sinos;4313;METROPOLITANA
4315156;Progresso;RS;Sul;430041;Lajeado;4308;Santa Cruz do Sul - Lajeado;43029;Região 29 - Vales e Montanhas;4308;VALES
4315172;Protásio Alves;RS;Sul;430038;Nova Prata - Guaporé;4307;Caxias do Sul;43025;Região 25 - Vinhedos e Basalto;4310;SERRA
4315206;Putinga;RS;Sul;430043;Encantado;4308;Santa Cruz do Sul - Lajeado;43029;Região 29 - Vales e Montanhas;4308;VALES
4315305;Quaraí;RS;Sul;430016;Santana do Livramento;4304;Uruguaiana;43003;Região 03 - Fronteira Oeste;4314;CENTRO-OESTE
4315313;Quatro Irmãos;RS;Sul;430026;Erechim;4306;Passo Fundo;43016;Região 16 - Alto Uruguai Gaúcho;4311;NORTE
4315321;Quevedos;RS;Sul;430011;Santa Maria;4303;Santa Maria;43001;Região 01 - Verdes Campos;4314;CENTRO-OESTE
4315354;Quinze de Novembro;RS;Sul;430027;Cruz Alta;4306;Passo Fundo;43012;Região 12 - Portal das Missões;4312;MISSIONEIRA
4315404;Redentora;RS;Sul;430021;Três Passos;4305;Ijuí;43020;Região 20 - Rota da Produção;4311;NORTE
4315453;Relvado;RS;Sul;430043;Encantado;4308;Santa Cruz do Sul - Lajeado;43029;Região 29 - Vales e Montanhas;4308;VALES
4315503;Restinga Sêca;RS;Sul;430011;Santa Maria;4303;Santa Maria;43001;Região 01 - Verdes Campos;4314;CENTRO-OESTE
4315552;Rio dos Índios;RS;Sul;430035;Nonoai;4306;Passo Fundo;43016;Região 16 - Alto Uruguai Gaúcho;4311;NORTE
4315602;Rio Grande;RS;Sul;430009;Pelotas;4302;Pelotas;43021;Região 21 - Sul;4309;SUL
4315701;Rio Pardo;RS;Sul;430040;Santa Cruz do Sul;4308;Santa Cruz do Sul - Lajeado;43028;Região 28 - Vinte e Oito;4308;VALES
4315750;Riozinho;RS;Sul;430004;Taquara - Parobé - Igrejinha;4301;Porto Alegre;43006;Região 06 - Vale do Paranhana e Costa Serra;4313;METROPOLITANA
4315800;Roca Sales;RS;Sul;430043;Encantado;4308;Santa Cruz do Sul - Lajeado;43029;Região 29 - Vales e Montanhas;4308;VALES
4315909;Rodeio Bonito;RS;Sul;430029;Frederico Westphalen;4306;Passo Fundo;43015;Região 15 - Caminho das Águas;4311;NORTE
4315958;Rolador;RS;Sul;430022;São Luiz Gonzaga;4305;Ijuí;43011;Região 11 - Sete Povos das Missões;4312;MISSIONEIRA
4316006;Rolante;RS;Sul;430004;Taquara - Parobé - Igrejinha;4301;Porto Alegre;43006;Região 06 - Vale do Paranhana e Costa Serra;4313;METROPOLITANA
4316105;Ronda Alta;RS;Sul;430025;Passo Fundo;4306;Passo Fundo;43020;Região 20 - Rota da Produção;4311;NORTE
4316204;Rondinha;RS;Sul;430028;Carazinho;4306;Passo Fundo;43020;Região 20 - Rota da Produção;4311;NORTE
4316303;Roque Gonzales;RS;Sul;430024;Cerro Largo;4305;Ijuí;43011;Região 11 - Sete Povos das Missões;4312;MISSIONEIRA
4316402;Rosário do Sul;RS;Sul;430016;Santana do Livramento;4304;Uruguaiana;43003;Região 03 - Fronteira Oeste;4314;CENTRO-OESTE
4316428;Sagrada Família;RS;Sul;430034;Palmeira das Missões;4306;Passo Fundo;43020;Região 20 - Rota da Produção;4311;NORTE
4316436;Saldanha Marinho;RS;Sul;430028;Carazinho;4306;Passo Fundo;43012;Região 12 - Portal das Missões;4312;MISSIONEIRA
4316451;Salto do Jacuí;RS;Sul;430027;Cruz Alta;4306;Passo Fundo;43012;Região 12 - Portal das Missões;4312;MISSIONEIRA
4316477;Salvador das Missões;RS;Sul;430024;Cerro Largo;4305;Ijuí;43011;Região 11 - Sete Povos das Missões;4312;MISSIONEIRA
4316501;Salvador do Sul;RS;Sul;430007;Montenegro;4301;Porto Alegre;43008;Região 08 - Vale do Caí e Metropolitana;4313;METROPOLITANA
4316600;Sananduva;RS;Sul;430032;Tapejara - Sananduva;4306;Passo Fundo;43018;Região 18 - Araucárias;4311;NORTE
4316709;Santa Bárbara do Sul;RS;Sul;430027;Cruz Alta;4306;Passo Fundo;43012;Região 12 - Portal das Missões;4312;MISSIONEIRA
4316733;Santa Cecília do Sul;RS;Sul;430032;Tapejara - Sananduva;4306;Passo Fundo;43018;Região 18 - Araucárias;4311;NORTE
4316758;Santa Clara do Sul;RS;Sul;430041;Lajeado;4308;Santa Cruz do Sul - Lajeado;43029;Região 29 - Vales e Montanhas;4308;VALES
4316808;Santa Cruz do Sul;RS;Sul;430040;Santa Cruz do Sul;4308;Santa Cruz do Sul - Lajeado;43028;Região 28 - Vinte e Oito;4308;VALES
4316907;Santa Maria;RS;Sul;430011;Santa Maria;4303;Santa Maria;43001;Região 01 - Verdes Campos;4314;CENTRO-OESTE
4316956;Santa Maria do Herval;RS;Sul;430002;Novo Hamburgo - São Leopoldo;4301;Porto Alegre;43007;Região 07 - Vale dos Sinos;4313;METROPOLITANA
4316972;Santa Margarida do Sul;RS;Sul;430012;São Gabriel - Caçapava do Sul;4303;Santa Maria;43003;Região 03 - Fronteira Oeste;4314;CENTRO-OESTE
4317004;Santana da Boa Vista;RS;Sul;430012;São Gabriel - Caçapava do Sul;4303;Santa Maria;43021;Região 21 - Sul;4309;SUL
4317103;Sant'Ana do Livramento;RS;Sul;430016;Santana do Livramento;4304;Uruguaiana;43003;Região 03 - Fronteira Oeste;4314;CENTRO-OESTE
4317202;Santa Rosa;RS;Sul;430019;Santa Rosa;4305;Ijuí;43014;Região 14 - Fronteira Noroeste;4312;MISSIONEIRA
4317251;Santa Tereza;RS;Sul;430037;Bento Gonçalves;4307;Caxias do Sul;43025;Região 25 - Vinhedos e Basalto;4310;SERRA
4317301;Santa Vitória do Palmar;RS;Sul;430009;Pelotas;4302;Pelotas;43021;Região 21 - Sul;4309;SUL
4317400;Santiago;RS;Sul;430014;Santiago;4303;Santa Maria;43002;Região 02 - Entre Rios;4314;CENTRO-OESTE
4317509;Santo Ângelo;RS;Sul;430020;Santo Ângelo;4305;Ijuí;43011;Região 11 - Sete Povos das Missões;4312;MISSIONEIRA
4317558;Santo Antônio do Palma;RS;Sul;430030;Marau;4306;Passo Fundo;43017;Região 17 - Planalto;4311;NORTE
4317608;Santo Antônio da Patrulha;RS;Sul;430001;Porto Alegre;4301;Porto Alegre;43005;Região 05 - Bons Ventos;4313;METROPOLITANA
4317707;Santo Antônio das Missões;RS;Sul;430022;São Luiz Gonzaga;4305;Ijuí;43011;Região 11 - Sete Povos das Missões;4312;MISSIONEIRA
4317756;Santo Antônio do Planalto;RS;Sul;430028;Carazinho;4306;Passo Fundo;43017;Região 17 - Planalto;4311;NORTE
4317806;Santo Augusto;RS;Sul;430018;Ijuí;4305;Ijuí;43013;Região 13 - Diversidade;4312;MISSIONEIRA
4317905;Santo Cristo;RS;Sul;430019;Santa Rosa;4305;Ijuí;43014;Região 14 - Fronteira Noroeste;4312;MISSIONEIRA
4317954;Santo Expedito do Sul;RS;Sul;430032;Tapejara - Sananduva;4306;Passo Fundo;43018;Região 18 - Araucárias;4311;NORTE
4318002;São Borja;RS;Sul;430017;São Borja;4304;Uruguaiana;43011;Região 11 - Sete Povos das Missões;4312;MISSIONEIRA
4318051;São Domingos do Sul;RS;Sul;430030;Marau;4306;Passo Fundo;43017;Região 17 - Planalto;4311;NORTE
4318101;São Francisco de Assis;RS;Sul;430011;Santa Maria;4303;Santa Maria;43002;Região 02 - Entre Rios;4314;CENTRO-OESTE
4318200;São Francisco de Paula;RS;Sul;430036;Caxias do Sul;4307;Caxias do Sul;43006;Região 06 - Vale do Paranhana e Costa Serra;4313;METROPOLITANA
4318309;São Gabriel;RS;Sul;430012;São Gabriel - Caçapava do Sul;4303;Santa Maria;43003;Região 03 - Fronteira Oeste;4314;CENTRO-OESTE
4318408;São Jerônimo;RS;Sul;430006;Charqueadas - Triunfo - São Jerônimo;4301;Porto Alegre;43009;Região 09 - Carbonífera/Costa Doce;4313;METROPOLITANA
4318424;São João da Urtiga;RS;Sul;430032;Tapejara - Sananduva;4306;Passo Fundo;43018;Região 18 - Araucárias;4311;NORTE
4318432;São João do Polêsine;RS;Sul;430011;Santa Maria;4303;Santa Maria;43001;Região 01 - Verdes Campos;4314;CENTRO-OESTE
4318440;São Jorge;RS;Sul;430038;Nova Prata - Guaporé;4307;Caxias do Sul;43025;Região 25 - Vinhedos e Basalto;4310;SERRA
4318457;São José das Missões;RS;Sul;430034;Palmeira das Missões;4306;Passo Fundo;43020;Região 20 - Rota da Produção;4311;NORTE
4318465;São José do Herval;RS;Sul;430031;Soledade;4306;Passo Fundo;43029;Região 29 - Vales e Montanhas;4308;VALES
4318481;São José do Hortêncio;RS;Sul;430002;Novo Hamburgo - São Leopoldo;4301;Porto Alegre;43007;Região 07 - Vale dos Sinos;4313;METROPOLITANA
4318499;São José do Inhacorá;RS;Sul;430023;Três de Maio;4305;Ijuí;43014;Região 14 - Fronteira Noroeste;4312;MISSIONEIRA
4318507;São José do Norte;RS;Sul;430009;Pelotas;4302;Pelotas;43021;Região 21 - Sul;4309;SUL
4318606;São José do Ouro;RS;Sul;430033;Lagoa Vermelha;4306;Passo Fundo;43018;Região 18 - Araucárias;4311;NORTE
4318614;São José do Sul;RS;Sul;430007;Montenegro;4301;Porto Alegre;43008;Região 08 - Vale do Caí e Metropolitana;4313;METROPOLITANA
4318622;São José dos Ausentes;RS;Sul;430039;Vacaria;4307;Caxias do Sul;43024;Região 24 - Campos de Cima da Serra;4310;SERRA
4318705;São Leopoldo;RS;Sul;430002;Novo Hamburgo - São Leopoldo;4301;Porto Alegre;43007;Região 07 - Vale dos Sinos;4313;METROPOLITANA
4318804;São Lourenço do Sul;RS;Sul;430009;Pelotas;4302;Pelotas;43021;Região 21 - Sul;4309;SUL
4318903;São Luiz Gonzaga;RS;Sul;430022;São Luiz Gonzaga;4305;Ijuí;43011;Região 11 - Sete Povos das Missões;4312;MISSIONEIRA
4319000;São Marcos;RS;Sul;430036;Caxias do Sul;4307;Caxias do Sul;43026;Região 26 - Uva Vale;4310;SERRA
4319109;São Martinho;RS;Sul;430021;Três Passos;4305;Ijuí;43013;Região 13 - Diversidade;4312;MISSIONEIRA
4319125;São Martinho da Serra;RS;Sul;430011;Santa Maria;4303;Santa Maria;43001;Região 01 - Verdes Campos;4314;CENTRO-OESTE
4319158;São Miguel das Missões;RS;Sul;430020;Santo Ângelo;4305;Ijuí;43011;Região 11 - Sete Povos das Missões;4312;MISSIONEIRA
4319208;São Nicolau;RS;Sul;430022;São Luiz Gonzaga;4305;Ijuí;43011;Região 11 - Sete Povos das Missões;4312;MISSIONEIRA
4319307;São Paulo das Missões;RS;Sul;430024;Cerro Largo;4305;Ijuí;43014;Região 14 - Fronteira Noroeste;4312;MISSIONEIRA
4319356;São Pedro da Serra;RS;Sul;430007;Montenegro;4301;Porto Alegre;43008;Região 08 - Vale do Caí e Metropolitana;4313;METROPOLITANA
4319364;São Pedro das Missões;RS;Sul;430034;Palmeira das Missões;4306;Passo Fundo;43020;Região 20 - Rota da Produção;4311;NORTE
4319372;São Pedro do Butiá;RS;Sul;430024;Cerro Largo;4305;Ijuí;43011;Região 11 - Sete Povos das Missões;4312;MISSIONEIRA
4319406;São Pedro do Sul;RS;Sul;430011;Santa Maria;4303;Santa Maria;43001;Região 01 - Verdes Campos;4314;CENTRO-OESTE
4319505;São Sebastião do Caí;RS;Sul;430002;Novo Hamburgo - São Leopoldo;4301;Porto Alegre;43008;Região 08 - Vale do Caí e Metropolitana;4313;METROPOLITANA
4319604;São Sepé;RS;Sul;430011;Santa Maria;4303;Santa Maria;43001;Região 01 - Verdes Campos;4314;CENTRO-OESTE
4319703;São Valentim;RS;Sul;430026;Erechim;4306;Passo Fundo;43016;Região 16 - Alto Uruguai Gaúcho;4311;NORTE
4319711;São Valentim do Sul;RS;Sul;430037;Bento Gonçalves;4307;Caxias do Sul;43029;Região 29 - Vales e Montanhas;4308;VALES
4319737;São Valério do Sul;RS;Sul;430018;Ijuí;4305;Ijuí;43013;Região 13 - Diversidade;4312;MISSIONEIRA
4319752;São Vendelino;RS;Sul;430002;Novo Hamburgo - São Leopoldo;4301;Porto Alegre;43026;Região 26 - Uva Vale;4310;SERRA
4319802;São Vicente do Sul;RS;Sul;430011;Santa Maria;4303;Santa Maria;43002;Região 02 - Entre Rios;4314;CENTRO-OESTE
4319901;Sapiranga;RS;Sul;430002;Novo Hamburgo - São Leopoldo;4301;Porto Alegre;43007;Região 07 - Vale dos Sinos;4313;METROPOLITANA
4320008;Sapucaia do Sul;RS;Sul;430001;Porto Alegre;4301;Porto Alegre;43008;Região 08 - Vale do Caí e Metropolitana;4313;METROPOLITANA
4320107;Sarandi;RS;Sul;430028;Carazinho;4306;Passo Fundo;43020;Região 20 - Rota da Produção;4311;NORTE
4320206;Seberi;RS;Sul;430029;Frederico Westphalen;4306;Passo Fundo;43015;Região 15 - Caminho das Águas;4311;NORTE
4320230;Sede Nova;RS;Sul;430021;Três Passos;4305;Ijuí;43013;Região 13 - Diversidade;4312;MISSIONEIRA
4320263;Segredo;RS;Sul;430042;Sobradinho;4308;Santa Cruz do Sul - Lajeado;43027;Região 27 - Jacuí Centro;4308;VALES
4320305;Selbach;RS;Sul;430027;Cruz Alta;4306;Passo Fundo;43012;Região 12 - Portal das Missões;4312;MISSIONEIRA
4320321;Senador Salgado Filho;RS;Sul;430019;Santa Rosa;4305;Ijuí;43014;Região 14 - Fronteira Noroeste;4312;MISSIONEIRA
4320354;Sentinela do Sul;RS;Sul;430005;Camaquã;4301;Porto Alegre;43009;Região 09 - Carbonífera/Costa Doce;4313;METROPOLITANA
4320404;Serafina Corrêa;RS;Sul;430038;Nova Prata - Guaporé;4307;Caxias do Sul;43017;Região 17 - Planalto;4311;NORTE
4320453;Sério;RS;Sul;430041;Lajeado;4308;Santa Cruz do Sul - Lajeado;43029;Região 29 - Vales e Montanhas;4308;VALES
4320503;Sertão;RS;Sul;430025;Passo Fundo;4306;Passo Fundo;43017;Região 17 - Planalto;4311;NORTE
4320552;Sertão Santana;RS;Sul;430001;Porto Alegre;4301;Porto Alegre;43009;Região 09 - Carbonífera/Costa Doce;4313;METROPOLITANA
4320578;Sete de Setembro;RS;Sul;430020;Santo Ângelo;4305;Ijuí;43011;Região 11 - Sete Povos das Missões;4312;MISSIONEIRA
4320602;Severiano de Almeida;RS;Sul;430026;Erechim;4306;Passo Fundo;43016;Região 16 - Alto Uruguai Gaúcho;4311;NORTE
4320651;Silveira Martins;RS;Sul;430011;Santa Maria;4303;Santa Maria;43001;Região 01 - Verdes Campos;4314;CENTRO-OESTE
4320677;Sinimbu;RS;Sul;430040;Santa Cruz do Sul;4308;Santa Cruz do Sul - Lajeado;43028;Região 28 - Vinte e Oito;4308;VALES
4320701;Sobradinho;RS;Sul;430042;Sobradinho;4308;Santa Cruz do Sul - Lajeado;43027;Região 27 - Jacuí Centro;4308;VALES
4320800;Soledade;RS;Sul;430031;Soledade;4306;Passo Fundo;43019;Região 19 - Botucaraí;4311;NORTE
4320859;Tabaí;RS;Sul;430041;Lajeado;4308;Santa Cruz do Sul - Lajeado;43008;Região 08 - Vale do Caí e Metropolitana;4313;METROPOLITANA
4320909;Tapejara;RS;Sul;430032;Tapejara - Sananduva;4306;Passo Fundo;43018;Região 18 - Araucárias;4311;NORTE
4321006;Tapera;RS;Sul;430025;Passo Fundo;4306;Passo Fundo;43019;Região 19 - Botucaraí;4311;NORTE
4321105;Tapes;RS;Sul;430005;Camaquã;4301;Porto Alegre;43009;Região 09 - Carbonífera/Costa Doce;4313;METROPOLITANA
4321204;Taquara;RS;Sul;430004;Taquara - Parobé - Igrejinha;4301;Porto Alegre;43006;Região 06 - Vale do Paranhana e Costa Serra;4313;METROPOLITANA
4321303;Taquari;RS;Sul;430041;Lajeado;4308;Santa Cruz do Sul - Lajeado;43030;Região 30 - Vale da Luz;4308;VALES
4321329;Taquaruçu do Sul;RS;Sul;430029;Frederico Westphalen;4306;Passo Fundo;43015;Região 15 - Caminho das Águas;4311;NORTE
4321352;Tavares;RS;Sul;430001;Porto Alegre;4301;Porto Alegre;43005;Região 05 - Bons Ventos;4313;METROPOLITANA
4321402;Tenente Portela;RS;Sul;430021;Três Passos;4305;Ijuí;43015;Região 15 - Caminho das Águas;4311;NORTE
4321436;Terra de Areia;RS;Sul;430003;Tramandaí - Osório;4301;Porto Alegre;43004;Região 04 - Belas Praias;4313;METROPOLITANA
4321451;Teutônia;RS;Sul;430041;Lajeado;4308;Santa Cruz do Sul - Lajeado;43030;Região 30 - Vale da Luz;4308;VALES
4321469;Tio Hugo;RS;Sul;430025;Passo Fundo;4306;Passo Fundo;43019;Região 19 - Botucaraí;4311;NORTE
4321477;Tiradentes do Sul;RS;Sul;430021;Três Passos;4305;Ijuí;43015;Região 15 - Caminho das Águas;4311;NORTE
4321493;Toropi;RS;Sul;430011;Santa Maria;4303;Santa Maria;43001;Região 01 - Verdes Campos;4314;CENTRO-OESTE
4321501;Torres;RS;Sul;430008;Torres;4301;Porto Alegre;43004;Região 04 - Belas Praias;4313;METROPOLITANA
4321600;Tramandaí;RS;Sul;430003;Tramandaí - Osório;4301;Porto Alegre;43005;Região 05 - Bons Ventos;4313;METROPOLITANA
4321626;Travesseiro;RS;Sul;430041;Lajeado;4308;Santa Cruz do Sul - Lajeado;43029;Região 29 - Vales e Montanhas;4308;VALES
4321634;Três Arroios;RS;Sul;430026;Erechim;4306;Passo Fundo;43016;Região 16 - Alto Uruguai Gaúcho;4311;NORTE
4321667;Três Cachoeiras;RS;Sul;430008;Torres;4301;Porto Alegre;43004;Região 04 - Belas Praias;4313;METROPOLITANA
4321709;Três Coroas;RS;Sul;430004;Taquara - Parobé - Igrejinha;4301;Porto Alegre;43006;Região 06 - Vale do Paranhana e Costa Serra;4313;METROPOLITANA
4321808;Três de Maio;RS;Sul;430023;Três de Maio;4305;Ijuí;43014;Região 14 - Fronteira Noroeste;4312;MISSIONEIRA
4321832;Três Forquilhas;RS;Sul;430008;Torres;4301;Porto Alegre;43004;Região 04 - Belas Praias;4313;METROPOLITANA
4321857;Três Palmeiras;RS;Sul;430025;Passo Fundo;4306;Passo Fundo;43020;Região 20 - Rota da Produção;4311;NORTE
4321907;Três Passos;RS;Sul;430021;Três Passos;4305;Ijuí;43015;Região 15 - Caminho das Águas;4311;NORTE
4321956;Trindade do Sul;RS;Sul;430035;Nonoai;4306;Passo Fundo;43020;Região 20 - Rota da Produção;4311;NORTE
4322004;Triunfo;RS;Sul;430006;Charqueadas - Triunfo - São Jerônimo;4301;Porto Alegre;43008;Região 08 - Vale do Caí e Metropolitana;4313;METROPOLITANA
4322103;Tucunduva;RS;Sul;430019;Santa Rosa;4305;Ijuí;43014;Região 14 - Fronteira Noroeste;4312;MISSIONEIRA
4322152;Tunas;RS;Sul;430042;Sobradinho;4308;Santa Cruz do Sul - Lajeado;43019;Região 19 - Botucaraí;4311;NORTE
4322186;Tupanci do Sul;RS;Sul;430033;Lagoa Vermelha;4306;Passo Fundo;43018;Região 18 - Araucárias;4311;NORTE
4322202;Tupanciretã;RS;Sul;430027;Cruz Alta;4306;Passo Fundo;43001;Região 01 - Verdes Campos;4314;CENTRO-OESTE
4322251;Tupandi;RS;Sul;430002;Novo Hamburgo - São Leopoldo;4301;Porto Alegre;43008;Região 08 - Vale do Caí e Metropolitana;4313;METROPOLITANA
4322301;Tuparendi;RS;Sul;430019;Santa Rosa;4305;Ijuí;43014;Região 14 - Fronteira Noroeste;4312;MISSIONEIRA
4322327;Turuçu;RS;Sul;430009;Pelotas;4302;Pelotas;43021;Região 21 - Sul;4309;SUL
4322343;Ubiretama;RS;Sul;430024;Cerro Largo;4305;Ijuí;43011;Região 11 - Sete Povos das Missões;4312;MISSIONEIRA
4322350;União da Serra;RS;Sul;430038;Nova Prata - Guaporé;4307;Caxias do Sul;43025;Região 25 - Vinhedos e Basalto;4310;SERRA
4322376;Unistalda;RS;Sul;430014;Santiago;4303;Santa Maria;43002;Região 02 - Entre Rios;4314;CENTRO-OESTE
4322400;Uruguaiana;RS;Sul;430015;Uruguaiana;4304;Uruguaiana;43003;Região 03 - Fronteira Oeste;4314;CENTRO-OESTE
4322509;Vacaria;RS;Sul;430039;Vacaria;4307;Caxias do Sul;43024;Região 24 - Campos de Cima da Serra;4310;SERRA
4322525;Vale Verde;RS;Sul;430040;Santa Cruz do Sul;4308;Santa Cruz do Sul - Lajeado;43028;Região 28 - Vinte e Oito;4308;VALES
4322533;Vale do Sol;RS;Sul;430040;Santa Cruz do Sul;4308;Santa Cruz do Sul - Lajeado;43028;Região 28 - Vinte e Oito;4308;VALES
4322541;Vale Real;RS;Sul;430036;Caxias do Sul;4307;Caxias do Sul;43026;Região 26 - Uva Vale;4310;SERRA
4322558;Vanini;RS;Sul;430030;Marau;4306;Passo Fundo;43017;Região 17 - Planalto;4311;NORTE
4322608;Venâncio Aires;RS;Sul;430040;Santa Cruz do Sul;4308;Santa Cruz do Sul - Lajeado;43028;Região 28 - Vinte e Oito;4308;VALES
4322707;Vera Cruz;RS;Sul;430040;Santa Cruz do Sul;4308;Santa Cruz do Sul - Lajeado;43028;Região 28 - Vinte e Oito;4308;VALES
4322806;Veranópolis;RS;Sul;430037;Bento Gonçalves;4307;Caxias do Sul;43025;Região 25 - Vinhedos e Basalto;4310;SERRA
4322855;Vespasiano Corrêa;RS;Sul;430043;Encantado;4308;Santa Cruz do Sul - Lajeado;43029;Região 29 - Vales e Montanhas;4308;VALES
4322905;Viadutos;RS;Sul;430026;Erechim;4306;Passo Fundo;43016;Região 16 - Alto Uruguai Gaúcho;4311;NORTE
4323002;Viamão;RS;Sul;430001;Porto Alegre;4301;Porto Alegre;43010;Região 10 - Capital e Vale do Gravataí;4313;METROPOLITANA
4323101;Vicente Dutra;RS;Sul;430029;Frederico Westphalen;4306;Passo Fundo;43015;Região 15 - Caminho das Águas;4311;NORTE
4323200;Victor Graeff;RS;Sul;430025;Passo Fundo;4306;Passo Fundo;43017;Região 17 - Planalto;4311;NORTE
4323309;Vila Flores;RS;Sul;430037;Bento Gonçalves;4307;Caxias do Sul;43025;Região 25 - Vinhedos e Basalto;4310;SERRA
4323358;Vila Lângaro;RS;Sul;430032;Tapejara - Sananduva;4306;Passo Fundo;43018;Região 18 - Araucárias;4311;NORTE
4323408;Vila Maria;RS;Sul;430030;Marau;4306;Passo Fundo;43017;Região 17 - Planalto;4311;NORTE
4323457;Vila Nova do Sul;RS;Sul;430012;São Gabriel - Caçapava do Sul;4303;Santa Maria;43001;Região 01 - Verdes Campos;4314;CENTRO-OESTE
4323507;Vista Alegre;RS;Sul;430029;Frederico Westphalen;4306;Passo Fundo;43015;Região 15 - Caminho das Águas;4311;NORTE
4323606;Vista Alegre do Prata;RS;Sul;430038;Nova Prata - Guaporé;4307;Caxias do Sul;43025;Região 25 - Vinhedos e Basalto;4310;SERRA
4323705;Vista Gaúcha;RS;Sul;430021;Três Passos;4305;Ijuí;43015;Região 15 - Caminho das Águas;4311;NORTE
4323754;Vitória das Missões;RS;Sul;430020;Santo Ângelo;4305;Ijuí;43011;Região 11 - Sete Povos das Missões;4312;MISSIONEIRA
4323770;Westfália;RS;Sul;430041;Lajeado;4308;Santa Cruz do Sul - Lajeado;43030;Região 30 - Vale da Luz;4308;VALES
4323804;Xangri-lá;RS;Sul;430003;Tramandaí - Osório;4301;Porto Alegre;43004;Região 04 - Belas Praias;4313;METROPOLITANA
5000203;Água Clara;MS;Centro-Oeste;500002;Três Lagoas;5001;Campo Grande;50013;Leste;5012;COSTA LESTE
5000252;Alcinópolis;MS;Centro-Oeste;500004;Coxim;5001;Campo Grande;50015;Norte;5010;CENTRO
5000609;Amambai;MS;Centro-Oeste;500009;Amambai;5002;Dourados;50017;Sul Fronteira;5011;CONE SUL
5000708;Anastácio;MS;Centro-Oeste;500012;Aquidauana - Anastácio;5003;Corumbá;50009;Baixo Pantanal;5010;CENTRO
5000807;Anaurilândia;MS;Centro-Oeste;500007;Nova Andradina;5002;Dourados;50016;Sudeste;5011;CONE SUL
5000856;Angélica;MS;Centro-Oeste;500007;Nova Andradina;5002;Dourados;50016;Sudeste;5011;CONE SUL
5000906;Antônio João;MS;Centro-Oeste;500008;Ponta Porã;5002;Dourados;50017;Sul Fronteira;5011;CONE SUL
5001003;Aparecida do Taboado;MS;Centro-Oeste;500003;Paranaíba - Chapadão do Sul - Cassilândia;5001;Campo Grande;50014;Nordeste;5012;COSTA LESTE
5001102;Aquidauana;MS;Centro-Oeste;500012;Aquidauana - Anastácio;5003;Corumbá;50009;Baixo Pantanal;5010;CENTRO
5001243;Aral Moreira;MS;Centro-Oeste;500008;Ponta Porã;5002;Dourados;50017;Sul Fronteira;5011;CONE SUL
5001508;Bandeirantes;MS;Centro-Oeste;500001;Campo Grande;5001;Campo Grande;50011;Centro;5010;CENTRO
5001904;Bataguassu;MS;Centro-Oeste;500002;Três Lagoas;5001;Campo Grande;50013;Leste;5012;COSTA LESTE
5002001;Batayporã;MS;Centro-Oeste;500007;Nova Andradina;5002;Dourados;50016;Sudeste;5011;CONE SUL
5002100;Bela Vista;MS;Centro-Oeste;500011;Jardim;5003;Corumbá;50009;Baixo Pantanal;5010;CENTRO
5002159;Bodoquena;MS;Centro-Oeste;500012;Aquidauana - Anastácio;5003;Corumbá;50009;Baixo Pantanal;5010;CENTRO
5002209;Bonito;MS;Centro-Oeste;500011;Jardim;5003;Corumbá;50009;Baixo Pantanal;5010;CENTRO
5002308;Brasilândia;MS;Centro-Oeste;500002;Três Lagoas;5001;Campo Grande;50013;Leste;5012;COSTA LESTE
5002407;Caarapó;MS;Centro-Oeste;500005;Dourados;5002;Dourados;50012;Centro Sul;5011;CONE SUL
5002605;Camapuã;MS;Centro-Oeste;500001;Campo Grande;5001;Campo Grande;50011;Centro;5010;CENTRO
5002704;Campo Grande;MS;Centro-Oeste;500001;Campo Grande;5001;Campo Grande;50011;Centro;5010;CENTRO
5002803;Caracol;MS;Centro-Oeste;500011;Jardim;5003;Corumbá;50009;Baixo Pantanal;5010;CENTRO
5002902;Cassilândia;MS;Centro-Oeste;500003;Paranaíba - Chapadão do Sul - Cassilândia;5001;Campo Grande;50014;Nordeste;5012;COSTA LESTE
5002951;Chapadão do Sul;MS;Centro-Oeste;500003;Paranaíba - Chapadão do Sul - Cassilândia;5001;Campo Grande;50014;Nordeste;5012;COSTA LESTE
5003108;Corguinho;MS;Centro-Oeste;500001;Campo Grande;5001;Campo Grande;50011;Centro;5010;CENTRO
5003157;Coronel Sapucaia;MS;Centro-Oeste;500009;Amambai;5002;Dourados;50017;Sul Fronteira;5011;CONE SUL
5003207;Corumbá;MS;Centro-Oeste;500010;Corumbá;5003;Corumbá;50010;Pantanal;5009;PANTANAL
5003256;Costa Rica;MS;Centro-Oeste;500004;Coxim;5001;Campo Grande;50014;Nordeste;5012;COSTA LESTE
5003306;Coxim;MS;Centro-Oeste;500004;Coxim;5001;Campo Grande;50015;Norte;5010;CENTRO
5003454;Deodápolis;MS;Centro-Oeste;500005;Dourados;5002;Dourados;50012;Centro Sul;5011;CONE SUL
5003488;Dois Irmãos do Buriti;MS;Centro-Oeste;500001;Campo Grande;5001;Campo Grande;50009;Baixo Pantanal;5010;CENTRO
5003504;Douradina;MS;Centro-Oeste;500005;Dourados;5002;Dourados;50012;Centro Sul;5011;CONE SUL
5003702;Dourados;MS;Centro-Oeste;500005;Dourados;5002;Dourados;50012;Centro Sul;5011;CONE SUL
5003751;Eldorado;MS;Centro-Oeste;500006;Naviraí - Mundo Novo;5002;Dourados;50017;Sul Fronteira;5011;CONE SUL
5003801;Fátima do Sul;MS;Centro-Oeste;500005;Dourados;5002;Dourados;50012;Centro Sul;5011;CONE SUL
5003900;Figueirão;MS;Centro-Oeste;500004;Coxim;5001;Campo Grande;50015;Norte;5010;CENTRO
5004007;Glória de Dourados;MS;Centro-Oeste;500005;Dourados;5002;Dourados;50012;Centro Sul;5011;CONE SUL
5004106;Guia Lopes da Laguna;MS;Centro-Oeste;500011;Jardim;5003;Corumbá;50009;Baixo Pantanal;5010;CENTRO
5004304;Iguatemi;MS;Centro-Oeste;500006;Naviraí - Mundo Novo;5002;Dourados;50017;Sul Fronteira;5011;CONE SUL
5004403;Inocência;MS;Centro-Oeste;500003;Paranaíba - Chapadão do Sul - Cassilândia;5001;Campo Grande;50014;Nordeste;5012;COSTA LESTE
5004502;Itaporã;MS;Centro-Oeste;500005;Dourados;5002;Dourados;50012;Centro Sul;5011;CONE SUL
5004601;Itaquiraí;MS;Centro-Oeste;500006;Naviraí - Mundo Novo;5002;Dourados;50017;Sul Fronteira;5011;CONE SUL
5004700;Ivinhema;MS;Centro-Oeste;500007;Nova Andradina;5002;Dourados;50016;Sudeste;5011;CONE SUL
5004809;Japorã;MS;Centro-Oeste;500006;Naviraí - Mundo Novo;5002;Dourados;50017;Sul Fronteira;5011;CONE SUL
5004908;Jaraguari;MS;Centro-Oeste;500001;Campo Grande;5001;Campo Grande;50011;Centro;5010;CENTRO
5005004;Jardim;MS;Centro-Oeste;500011;Jardim;5003;Corumbá;50009;Baixo Pantanal;5010;CENTRO
5005103;Jateí;MS;Centro-Oeste;500005;Dourados;5002;Dourados;50012;Centro Sul;5011;CONE SUL
5005152;Juti;MS;Centro-Oeste;500005;Dourados;5002;Dourados;50017;Sul Fronteira;5011;CONE SUL
5005202;Ladário;MS;Centro-Oeste;500010;Corumbá;5003;Corumbá;50010;Pantanal;5009;PANTANAL
5005251;Laguna Carapã;MS;Centro-Oeste;500005;Dourados;5002;Dourados;50012;Centro Sul;5011;CONE SUL
5005400;Maracaju;MS;Centro-Oeste;500005;Dourados;5002;Dourados;50009;Baixo Pantanal;5010;CENTRO
5005608;Miranda;MS;Centro-Oeste;500012;Aquidauana - Anastácio;5003;Corumbá;50010;Pantanal;5009;PANTANAL
5005681;Mundo Novo;MS;Centro-Oeste;500006;Naviraí - Mundo Novo;5002;Dourados;50017;Sul Fronteira;5011;CONE SUL
5005707;Naviraí;MS;Centro-Oeste;500006;Naviraí - Mundo Novo;5002;Dourados;50017;Sul Fronteira;5011;CONE SUL
5005806;Nioaque;MS;Centro-Oeste;500011;Jardim;5003;Corumbá;50009;Baixo Pantanal;5010;CENTRO
5006002;Nova Alvorada do Sul;MS;Centro-Oeste;500001;Campo Grande;5001;Campo Grande;50012;Centro Sul;5011;CONE SUL
5006200;Nova Andradina;MS;Centro-Oeste;500007;Nova Andradina;5002;Dourados;50016;Sudeste;5011;CONE SUL
5006259;Novo Horizonte do Sul;MS;Centro-Oeste;500007;Nova Andradina;5002;Dourados;50016;Sudeste;5011;CONE SUL
5006275;Paraíso das Águas;MS;Centro-Oeste;500003;Paranaíba - Chapadão do Sul - Cassilândia;5001;Campo Grande;50014;Nordeste;5012;COSTA LESTE
5006309;Paranaíba;MS;Centro-Oeste;500003;Paranaíba - Chapadão do Sul - Cassilândia;5001;Campo Grande;50014;Nordeste;5012;COSTA LESTE
5006358;Paranhos;MS;Centro-Oeste;500009;Amambai;5002;Dourados;50017;Sul Fronteira;5011;CONE SUL
5006408;Pedro Gomes;MS;Centro-Oeste;500004;Coxim;5001;Campo Grande;50015;Norte;5010;CENTRO
5006606;Ponta Porã;MS;Centro-Oeste;500008;Ponta Porã;5002;Dourados;50017;Sul Fronteira;5011;CONE SUL
5006903;Porto Murtinho;MS;Centro-Oeste;500011;Jardim;5003;Corumbá;50009;Baixo Pantanal;5010;CENTRO
5007109;Ribas do Rio Pardo;MS;Centro-Oeste;500001;Campo Grande;5001;Campo Grande;50011;Centro;5010;CENTRO
5007208;Rio Brilhante;MS;Centro-Oeste;500005;Dourados;5002;Dourados;50012;Centro Sul;5011;CONE SUL
5007307;Rio Negro;MS;Centro-Oeste;500001;Campo Grande;5001;Campo Grande;50015;Norte;5010;CENTRO
5007406;Rio Verde de Mato Grosso;MS;Centro-Oeste;500004;Coxim;5001;Campo Grande;50015;Norte;5010;CENTRO
5007505;Rochedo;MS;Centro-Oeste;500001;Campo Grande;5001;Campo Grande;50011;Centro;5010;CENTRO
5007554;Santa Rita do Pardo;MS;Centro-Oeste;500002;Três Lagoas;5001;Campo Grande;50013;Leste;5012;COSTA LESTE
5007695;São Gabriel do Oeste;MS;Centro-Oeste;500001;Campo Grande;5001;Campo Grande;50015;Norte;5010;CENTRO
5007703;Sete Quedas;MS;Centro-Oeste;500009;Amambai;5002;Dourados;50017;Sul Fronteira;5011;CONE SUL
5007802;Selvíria;MS;Centro-Oeste;500002;Três Lagoas;5001;Campo Grande;50013;Leste;5012;COSTA LESTE
5007901;Sidrolândia;MS;Centro-Oeste;500001;Campo Grande;5001;Campo Grande;50011;Centro;5010;CENTRO
5007935;Sonora;MS;Centro-Oeste;500004;Coxim;5001;Campo Grande;50015;Norte;5010;CENTRO
5007950;Tacuru;MS;Centro-Oeste;500009;Amambai;5002;Dourados;50017;Sul Fronteira;5011;CONE SUL
5007976;Taquarussu;MS;Centro-Oeste;500007;Nova Andradina;5002;Dourados;50016;Sudeste;5011;CONE SUL
5008008;Terenos;MS;Centro-Oeste;500001;Campo Grande;5001;Campo Grande;50011;Centro;5010;CENTRO
5008305;Três Lagoas;MS;Centro-Oeste;500002;Três Lagoas;5001;Campo Grande;50013;Leste;5012;COSTA LESTE
5008404;Vicentina;MS;Centro-Oeste;500005;Dourados;5002;Dourados;50012;Centro Sul;5011;CONE SUL
5100102;Acorizal;MT;Centro-Oeste;510001;Cuiabá;5101;Cuiabá;51002;Baixada Cuiabana;5105;MACRORREGIAO CENTRO-NORTE
5100201;Água Boa;MT;Centro-Oeste;510015;Água Boa;5104;Barra do Garças;51006;Médio Araguaia;5104;MACRORREGIAO LESTE
5100250;Alta Floresta;MT;Centro-Oeste;510010;Alta Floresta;5103;Sinop;51001;Alto Tapajós;5103;MACRORREGIAO NORTE
5100300;Alto Araguaia;MT;Centro-Oeste;510016;Rondonópolis;5105;Rondonópolis;51013;Sul Matogrossense;5101;MACRORREGIAO SUL
5100359;Alto Boa Vista;MT;Centro-Oeste;510014;Confresa - Vila Rica;5104;Barra do Garças;51009;Norte Araguaia Karajá;5104;MACRORREGIAO LESTE
5100409;Alto Garças;MT;Centro-Oeste;510016;Rondonópolis;5105;Rondonópolis;51013;Sul Matogrossense;5101;MACRORREGIAO SUL
5100508;Alto Paraguai;MT;Centro-Oeste;510003;Diamantino;5101;Cuiabá;51004;Centro Norte;5106;MACRORREGIAO CENTRO-NOROESTE
5100607;Alto Taquari;MT;Centro-Oeste;510016;Rondonópolis;5105;Rondonópolis;51013;Sul Matogrossense;5101;MACRORREGIAO SUL
5100805;Apiacás;MT;Centro-Oeste;510010;Alta Floresta;5103;Sinop;51001;Alto Tapajós;5103;MACRORREGIAO NORTE
5101001;Araguaiana;MT;Centro-Oeste;510013;Barra do Garças;5104;Barra do Garças;51005;Garças Araguaia;5104;MACRORREGIAO LESTE
5101209;Araguainha;MT;Centro-Oeste;510016;Rondonópolis;5105;Rondonópolis;51013;Sul Matogrossense;5101;MACRORREGIAO SUL
5101258;Araputanga;MT;Centro-Oeste;510006;Mirassol D'oeste;5102;Cáceres;51011;Oeste Matogrossense;5102;MACRORREGIAO OESTE
5101308;Arenápolis;MT;Centro-Oeste;510003;Diamantino;5101;Cuiabá;51007;Médio Norte Matogrossense;5106;MACRORREGIAO CENTRO-NOROESTE
5101407;Aripuanã;MT;Centro-Oeste;510009;Juína;5103;Sinop;51008;Noroeste Matogrossense;5106;MACRORREGIAO CENTRO-NOROESTE
5101605;Barão de Melgaço;MT;Centro-Oeste;510001;Cuiabá;5101;Cuiabá;51002;Baixada Cuiabana;5105;MACRORREGIAO CENTRO-NORTE
5101704;Barra do Bugres;MT;Centro-Oeste;510002;Tangará da Serra;5101;Cuiabá;51007;Médio Norte Matogrossense;5106;MACRORREGIAO CENTRO-NOROESTE
5101803;Barra do Garças;MT;Centro-Oeste;510013;Barra do Garças;5104;Barra do Garças;51005;Garças Araguaia;5104;MACRORREGIAO LESTE
5101837;Boa Esperança do Norte;MT;Centro-Oeste;510008;Sorriso;5103;Sinop;51014;Teles Pires;5103;MACRORREGIAO NORTE
5101852;Bom Jesus do Araguaia;MT;Centro-Oeste;510014;Confresa - Vila Rica;5104;Barra do Garças;51006;Médio Araguaia;5104;MACRORREGIAO LESTE
5101902;Brasnorte;MT;Centro-Oeste;510002;Tangará da Serra;5101;Cuiabá;51008;Noroeste Matogrossense;5106;MACRORREGIAO CENTRO-NOROESTE
5102504;Cáceres;MT;Centro-Oeste;510004;Cáceres;5102;Cáceres;51011;Oeste Matogrossense;5102;MACRORREGIAO OESTE
5102603;Campinápolis;MT;Centro-Oeste;510015;Água Boa;5104;Barra do Garças;51005;Garças Araguaia;5104;MACRORREGIAO LESTE
5102637;Campo Novo do Parecis;MT;Centro-Oeste;510002;Tangará da Serra;5101;Cuiabá;51007;Médio Norte Matogrossense;5106;MACRORREGIAO CENTRO-NOROESTE
5102678;Campo Verde;MT;Centro-Oeste;510001;Cuiabá;5101;Cuiabá;51013;Sul Matogrossense;5101;MACRORREGIAO SUL
5102686;Campos de Júlio;MT;Centro-Oeste;510005;Pontes e Lacerda - Comodoro;5102;Cáceres;51012;Sudoeste Matogrossense;5102;MACRORREGIAO OESTE
5102694;Canabrava do Norte;MT;Centro-Oeste;510014;Confresa - Vila Rica;5104;Barra do Garças;51003;Araguaia Xingu;5104;MACRORREGIAO LESTE
5102702;Canarana;MT;Centro-Oeste;510015;Água Boa;5104;Barra do Garças;51006;Médio Araguaia;5104;MACRORREGIAO LESTE
5102793;Carlinda;MT;Centro-Oeste;510010;Alta Floresta;5103;Sinop;51001;Alto Tapajós;5103;MACRORREGIAO NORTE
5102850;Castanheira;MT;Centro-Oeste;510009;Juína;5103;Sinop;51008;Noroeste Matogrossense;5106;MACRORREGIAO CENTRO-NOROESTE
5103007;Chapada dos Guimarães;MT;Centro-Oeste;510001;Cuiabá;5101;Cuiabá;51002;Baixada Cuiabana;5105;MACRORREGIAO CENTRO-NORTE
5103056;Cláudia;MT;Centro-Oeste;510007;Sinop;5103;Sinop;51014;Teles Pires;5103;MACRORREGIAO NORTE
5103106;Cocalinho;MT;Centro-Oeste;510015;Água Boa;5104;Barra do Garças;51006;Médio Araguaia;5104;MACRORREGIAO LESTE
5103205;Colíder;MT;Centro-Oeste;510007;Sinop;5103;Sinop;51010;Norte Matogrossense;5103;MACRORREGIAO NORTE
5103254;Colniza;MT;Centro-Oeste;510009;Juína;5103;Sinop;51008;Noroeste Matogrossense;5106;MACRORREGIAO CENTRO-NOROESTE
5103304;Comodoro;MT;Centro-Oeste;510005;Pontes e Lacerda - Comodoro;5102;Cáceres;51012;Sudoeste Matogrossense;5102;MACRORREGIAO OESTE
5103353;Confresa;MT;Centro-Oeste;510014;Confresa - Vila Rica;5104;Barra do Garças;51003;Araguaia Xingu;5104;MACRORREGIAO LESTE
5103361;Conquista D'Oeste;MT;Centro-Oeste;510005;Pontes e Lacerda - Comodoro;5102;Cáceres;51012;Sudoeste Matogrossense;5102;MACRORREGIAO OESTE
5103379;Cotriguaçu;MT;Centro-Oeste;510009;Juína;5103;Sinop;51008;Noroeste Matogrossense;5106;MACRORREGIAO CENTRO-NOROESTE
5103403;Cuiabá;MT;Centro-Oeste;510001;Cuiabá;5101;Cuiabá;51002;Baixada Cuiabana;5105;MACRORREGIAO CENTRO-NORTE
5103437;Curvelândia;MT;Centro-Oeste;510004;Cáceres;5102;Cáceres;51011;Oeste Matogrossense;5102;MACRORREGIAO OESTE
5103452;Denise;MT;Centro-Oeste;510002;Tangará da Serra;5101;Cuiabá;51007;Médio Norte Matogrossense;5106;MACRORREGIAO CENTRO-NOROESTE
5103502;Diamantino;MT;Centro-Oeste;510003;Diamantino;5101;Cuiabá;51004;Centro Norte;5106;MACRORREGIAO CENTRO-NOROESTE
5103601;Dom Aquino;MT;Centro-Oeste;510018;Jaciara;5105;Rondonópolis;51013;Sul Matogrossense;5101;MACRORREGIAO SUL
5103700;Feliz Natal;MT;Centro-Oeste;510007;Sinop;5103;Sinop;51014;Teles Pires;5103;MACRORREGIAO NORTE
5103809;Figueirópolis D'Oeste;MT;Centro-Oeste;510006;Mirassol D'oeste;5102;Cáceres;51012;Sudoeste Matogrossense;5102;MACRORREGIAO OESTE
5103858;Gaúcha do Norte;MT;Centro-Oeste;510015;Água Boa;5104;Barra do Garças;51006;Médio Araguaia;5104;MACRORREGIAO LESTE
5103908;General Carneiro;MT;Centro-Oeste;510013;Barra do Garças;5104;Barra do Garças;51005;Garças Araguaia;5104;MACRORREGIAO LESTE
5103957;Glória D'Oeste;MT;Centro-Oeste;510006;Mirassol D'oeste;5102;Cáceres;51011;Oeste Matogrossense;5102;MACRORREGIAO OESTE
5104104;Guarantã do Norte;MT;Centro-Oeste;510011;Peixoto de Azevedo - Guarantã do Norte;5103;Sinop;51015;Vale do Peixoto;5103;MACRORREGIAO NORTE
5104203;Guiratinga;MT;Centro-Oeste;510016;Rondonópolis;5105;Rondonópolis;51013;Sul Matogrossense;5101;MACRORREGIAO SUL
5104500;Indiavaí;MT;Centro-Oeste;510006;Mirassol D'oeste;5102;Cáceres;51011;Oeste Matogrossense;5102;MACRORREGIAO OESTE
5104526;Ipiranga do Norte;MT;Centro-Oeste;510008;Sorriso;5103;Sinop;51014;Teles Pires;5103;MACRORREGIAO NORTE
5104542;Itanhangá;MT;Centro-Oeste;510008;Sorriso;5103;Sinop;51014;Teles Pires;5103;MACRORREGIAO NORTE
5104559;Itaúba;MT;Centro-Oeste;510007;Sinop;5103;Sinop;51010;Norte Matogrossense;5103;MACRORREGIAO NORTE
5104609;Itiquira;MT;Centro-Oeste;510016;Rondonópolis;5105;Rondonópolis;51013;Sul Matogrossense;5101;MACRORREGIAO SUL
5104807;Jaciara;MT;Centro-Oeste;510018;Jaciara;5105;Rondonópolis;51013;Sul Matogrossense;5101;MACRORREGIAO SUL
5104906;Jangada;MT;Centro-Oeste;510001;Cuiabá;5101;Cuiabá;51002;Baixada Cuiabana;5105;MACRORREGIAO CENTRO-NORTE
5105002;Jauru;MT;Centro-Oeste;510006;Mirassol D'oeste;5102;Cáceres;51012;Sudoeste Matogrossense;5102;MACRORREGIAO OESTE
5105101;Juara;MT;Centro-Oeste;510012;Juara;5103;Sinop;51016;Vale dos Arinos;5103;MACRORREGIAO NORTE
5105150;Juína;MT;Centro-Oeste;510009;Juína;5103;Sinop;51008;Noroeste Matogrossense;5106;MACRORREGIAO CENTRO-NOROESTE
5105176;Juruena;MT;Centro-Oeste;510009;Juína;5103;Sinop;51008;Noroeste Matogrossense;5106;MACRORREGIAO CENTRO-NOROESTE
5105200;Juscimeira;MT;Centro-Oeste;510018;Jaciara;5105;Rondonópolis;51013;Sul Matogrossense;5101;MACRORREGIAO SUL
5105234;Lambari D'Oeste;MT;Centro-Oeste;510004;Cáceres;5102;Cáceres;51011;Oeste Matogrossense;5102;MACRORREGIAO OESTE
5105259;Lucas do Rio Verde;MT;Centro-Oeste;510008;Sorriso;5103;Sinop;51014;Teles Pires;5103;MACRORREGIAO NORTE
5105309;Luciara;MT;Centro-Oeste;510014;Confresa - Vila Rica;5104;Barra do Garças;51009;Norte Araguaia Karajá;5104;MACRORREGIAO LESTE
5105507;Vila Bela da Santíssima Trindade;MT;Centro-Oeste;510005;Pontes e Lacerda - Comodoro;5102;Cáceres;51012;Sudoeste Matogrossense;5102;MACRORREGIAO OESTE
5105580;Marcelândia;MT;Centro-Oeste;510007;Sinop;5103;Sinop;51010;Norte Matogrossense;5103;MACRORREGIAO NORTE
5105606;Matupá;MT;Centro-Oeste;510011;Peixoto de Azevedo - Guarantã do Norte;5103;Sinop;51015;Vale do Peixoto;5103;MACRORREGIAO NORTE
5105622;Mirassol d'Oeste;MT;Centro-Oeste;510006;Mirassol D'oeste;5102;Cáceres;51011;Oeste Matogrossense;5102;MACRORREGIAO OESTE
5105903;Nobres;MT;Centro-Oeste;510001;Cuiabá;5101;Cuiabá;51004;Centro Norte;5106;MACRORREGIAO CENTRO-NOROESTE
5106000;Nortelândia;MT;Centro-Oeste;510003;Diamantino;5101;Cuiabá;51004;Centro Norte;5106;MACRORREGIAO CENTRO-NOROESTE
5106109;Nossa Senhora do Livramento;MT;Centro-Oeste;510001;Cuiabá;5101;Cuiabá;51002;Baixada Cuiabana;5105;MACRORREGIAO CENTRO-NORTE
5106158;Nova Bandeirantes;MT;Centro-Oeste;510010;Alta Floresta;5103;Sinop;51001;Alto Tapajós;5103;MACRORREGIAO NORTE
5106174;Nova Nazaré;MT;Centro-Oeste;510015;Água Boa;5104;Barra do Garças;51006;Médio Araguaia;5104;MACRORREGIAO LESTE
5106182;Nova Lacerda;MT;Centro-Oeste;510005;Pontes e Lacerda - Comodoro;5102;Cáceres;51012;Sudoeste Matogrossense;5102;MACRORREGIAO OESTE
5106190;Nova Santa Helena;MT;Centro-Oeste;510007;Sinop;5103;Sinop;51010;Norte Matogrossense;5103;MACRORREGIAO NORTE
5106208;Nova Brasilândia;MT;Centro-Oeste;510001;Cuiabá;5101;Cuiabá;51002;Baixada Cuiabana;5105;MACRORREGIAO CENTRO-NORTE
5106216;Nova Canaã do Norte;MT;Centro-Oeste;510007;Sinop;5103;Sinop;51010;Norte Matogrossense;5103;MACRORREGIAO NORTE
5106224;Nova Mutum;MT;Centro-Oeste;510008;Sorriso;5103;Sinop;51014;Teles Pires;5103;MACRORREGIAO NORTE
5106232;Nova Olímpia;MT;Centro-Oeste;510002;Tangará da Serra;5101;Cuiabá;51007;Médio Norte Matogrossense;5106;MACRORREGIAO CENTRO-NOROESTE
5106240;Nova Ubiratã;MT;Centro-Oeste;510008;Sorriso;5103;Sinop;51014;Teles Pires;5103;MACRORREGIAO NORTE
5106257;Nova Xavantina;MT;Centro-Oeste;510013;Barra do Garças;5104;Barra do Garças;51005;Garças Araguaia;5104;MACRORREGIAO LESTE
5106265;Novo Mundo;MT;Centro-Oeste;510011;Peixoto de Azevedo - Guarantã do Norte;5103;Sinop;51015;Vale do Peixoto;5103;MACRORREGIAO NORTE
5106273;Novo Horizonte do Norte;MT;Centro-Oeste;510012;Juara;5103;Sinop;51016;Vale dos Arinos;5103;MACRORREGIAO NORTE
5106281;Novo São Joaquim;MT;Centro-Oeste;510013;Barra do Garças;5104;Barra do Garças;51005;Garças Araguaia;5104;MACRORREGIAO LESTE
5106299;Paranaíta;MT;Centro-Oeste;510010;Alta Floresta;5103;Sinop;51001;Alto Tapajós;5103;MACRORREGIAO NORTE
5106307;Paranatinga;MT;Centro-Oeste;510017;Primavera do Leste;5105;Rondonópolis;51013;Sul Matogrossense;5101;MACRORREGIAO SUL
5106315;Novo Santo Antônio;MT;Centro-Oeste;510014;Confresa - Vila Rica;5104;Barra do Garças;51009;Norte Araguaia Karajá;5104;MACRORREGIAO LESTE
5106372;Pedra Preta;MT;Centro-Oeste;510016;Rondonópolis;5105;Rondonópolis;51013;Sul Matogrossense;5101;MACRORREGIAO SUL
5106422;Peixoto de Azevedo;MT;Centro-Oeste;510011;Peixoto de Azevedo - Guarantã do Norte;5103;Sinop;51015;Vale do Peixoto;5103;MACRORREGIAO NORTE
5106455;Planalto da Serra;MT;Centro-Oeste;510001;Cuiabá;5101;Cuiabá;51002;Baixada Cuiabana;5105;MACRORREGIAO CENTRO-NORTE
5106505;Poconé;MT;Centro-Oeste;510001;Cuiabá;5101;Cuiabá;51002;Baixada Cuiabana;5105;MACRORREGIAO CENTRO-NORTE
5106653;Pontal do Araguaia;MT;Centro-Oeste;510013;Barra do Garças;5104;Barra do Garças;51005;Garças Araguaia;5104;MACRORREGIAO LESTE
5106703;Ponte Branca;MT;Centro-Oeste;510013;Barra do Garças;5104;Barra do Garças;51005;Garças Araguaia;5104;MACRORREGIAO LESTE
5106752;Pontes e Lacerda;MT;Centro-Oeste;510005;Pontes e Lacerda - Comodoro;5102;Cáceres;51012;Sudoeste Matogrossense;5102;MACRORREGIAO OESTE
5106778;Porto Alegre do Norte;MT;Centro-Oeste;510014;Confresa - Vila Rica;5104;Barra do Garças;51003;Araguaia Xingu;5104;MACRORREGIAO LESTE
5106802;Porto dos Gaúchos;MT;Centro-Oeste;510012;Juara;5103;Sinop;51016;Vale dos Arinos;5103;MACRORREGIAO NORTE
5106828;Porto Esperidião;MT;Centro-Oeste;510006;Mirassol D'oeste;5102;Cáceres;51011;Oeste Matogrossense;5102;MACRORREGIAO OESTE
5106851;Porto Estrela;MT;Centro-Oeste;510002;Tangará da Serra;5101;Cuiabá;51007;Médio Norte Matogrossense;5106;MACRORREGIAO CENTRO-NOROESTE
5107008;Poxoréu;MT;Centro-Oeste;510017;Primavera do Leste;5105;Rondonópolis;51013;Sul Matogrossense;5101;MACRORREGIAO SUL
5107040;Primavera do Leste;MT;Centro-Oeste;510017;Primavera do Leste;5105;Rondonópolis;51013;Sul Matogrossense;5101;MACRORREGIAO SUL
5107065;Querência;MT;Centro-Oeste;510015;Água Boa;5104;Barra do Garças;51006;Médio Araguaia;5104;MACRORREGIAO LESTE
5107107;São José dos Quatro Marcos;MT;Centro-Oeste;510006;Mirassol D'oeste;5102;Cáceres;51011;Oeste Matogrossense;5102;MACRORREGIAO OESTE
5107156;Reserva do Cabaçal;MT;Centro-Oeste;510006;Mirassol D'oeste;5102;Cáceres;51011;Oeste Matogrossense;5102;MACRORREGIAO OESTE
5107180;Ribeirão Cascalheira;MT;Centro-Oeste;510015;Água Boa;5104;Barra do Garças;51006;Médio Araguaia;5104;MACRORREGIAO LESTE
5107198;Ribeirãozinho;MT;Centro-Oeste;510013;Barra do Garças;5104;Barra do Garças;51005;Garças Araguaia;5104;MACRORREGIAO LESTE
5107206;Rio Branco;MT;Centro-Oeste;510004;Cáceres;5102;Cáceres;51011;Oeste Matogrossense;5102;MACRORREGIAO OESTE
5107248;Santa Carmem;MT;Centro-Oeste;510007;Sinop;5103;Sinop;51014;Teles Pires;5103;MACRORREGIAO NORTE
5107263;Santo Afonso;MT;Centro-Oeste;510003;Diamantino;5101;Cuiabá;51007;Médio Norte Matogrossense;5106;MACRORREGIAO CENTRO-NOROESTE
5107297;São José do Povo;MT;Centro-Oeste;510016;Rondonópolis;5105;Rondonópolis;51013;Sul Matogrossense;5101;MACRORREGIAO SUL
5107305;São José do Rio Claro;MT;Centro-Oeste;510003;Diamantino;5101;Cuiabá;51004;Centro Norte;5106;MACRORREGIAO CENTRO-NOROESTE
5107354;São José do Xingu;MT;Centro-Oeste;510014;Confresa - Vila Rica;5104;Barra do Garças;51003;Araguaia Xingu;5104;MACRORREGIAO LESTE
5107404;São Pedro da Cipa;MT;Centro-Oeste;510018;Jaciara;5105;Rondonópolis;51013;Sul Matogrossense;5101;MACRORREGIAO SUL
5107578;Rondolândia;MT;Centro-Oeste;510009;Juína;5103;Sinop;51012;Sudoeste Matogrossense;5102;MACRORREGIAO OESTE
5107602;Rondonópolis;MT;Centro-Oeste;510016;Rondonópolis;5105;Rondonópolis;51013;Sul Matogrossense;5101;MACRORREGIAO SUL
5107701;Rosário Oeste;MT;Centro-Oeste;510001;Cuiabá;5101;Cuiabá;51004;Centro Norte;5106;MACRORREGIAO CENTRO-NOROESTE
5107743;Santa Cruz do Xingu;MT;Centro-Oeste;510014;Confresa - Vila Rica;5104;Barra do Garças;51003;Araguaia Xingu;5104;MACRORREGIAO LESTE
5107750;Salto do Céu;MT;Centro-Oeste;510004;Cáceres;5102;Cáceres;51011;Oeste Matogrossense;5102;MACRORREGIAO OESTE
5107768;Santa Rita do Trivelato;MT;Centro-Oeste;510008;Sorriso;5103;Sinop;51014;Teles Pires;5103;MACRORREGIAO NORTE
5107776;Santa Terezinha;MT;Centro-Oeste;510014;Confresa - Vila Rica;5104;Barra do Garças;51003;Araguaia Xingu;5104;MACRORREGIAO LESTE
5107792;Santo Antônio do Leste;MT;Centro-Oeste;510017;Primavera do Leste;5105;Rondonópolis;51013;Sul Matogrossense;5101;MACRORREGIAO SUL
5107800;Santo Antônio de Leverger;MT;Centro-Oeste;510001;Cuiabá;5101;Cuiabá;51002;Baixada Cuiabana;5105;MACRORREGIAO CENTRO-NORTE
5107859;São Félix do Araguaia;MT;Centro-Oeste;510014;Confresa - Vila Rica;5104;Barra do Garças;51009;Norte Araguaia Karajá;5104;MACRORREGIAO LESTE
5107875;Sapezal;MT;Centro-Oeste;510002;Tangará da Serra;5101;Cuiabá;51007;Médio Norte Matogrossense;5106;MACRORREGIAO CENTRO-NOROESTE
5107883;Serra Nova Dourada;MT;Centro-Oeste;510014;Confresa - Vila Rica;5104;Barra do Garças;51009;Norte Araguaia Karajá;5104;MACRORREGIAO LESTE
5107909;Sinop;MT;Centro-Oeste;510007;Sinop;5103;Sinop;51014;Teles Pires;5103;MACRORREGIAO NORTE
5107925;Sorriso;MT;Centro-Oeste;510008;Sorriso;5103;Sinop;51014;Teles Pires;5103;MACRORREGIAO NORTE
5107941;Tabaporã;MT;Centro-Oeste;510012;Juara;5103;Sinop;51016;Vale dos Arinos;5103;MACRORREGIAO NORTE
5107958;Tangará da Serra;MT;Centro-Oeste;510002;Tangará da Serra;5101;Cuiabá;51007;Médio Norte Matogrossense;5106;MACRORREGIAO CENTRO-NOROESTE
5108006;Tapurah;MT;Centro-Oeste;510008;Sorriso;5103;Sinop;51014;Teles Pires;5103;MACRORREGIAO NORTE
5108055;Terra Nova do Norte;MT;Centro-Oeste;510007;Sinop;5103;Sinop;51015;Vale do Peixoto;5103;MACRORREGIAO NORTE
5108105;Tesouro;MT;Centro-Oeste;510016;Rondonópolis;5105;Rondonópolis;51013;Sul Matogrossense;5101;MACRORREGIAO SUL
5108204;Torixoréu;MT;Centro-Oeste;510013;Barra do Garças;5104;Barra do Garças;51005;Garças Araguaia;5104;MACRORREGIAO LESTE
5108303;União do Sul;MT;Centro-Oeste;510007;Sinop;5103;Sinop;51014;Teles Pires;5103;MACRORREGIAO NORTE
5108352;Vale de São Domingos;MT;Centro-Oeste;510005;Pontes e Lacerda - Comodoro;5102;Cáceres;51012;Sudoeste Matogrossense;5102;MACRORREGIAO OESTE
5108402;Várzea Grande;MT;Centro-Oeste;510001;Cuiabá;5101;Cuiabá;51002;Baixada Cuiabana;5105;MACRORREGIAO CENTRO-NORTE
5108501;Vera;MT;Centro-Oeste;510008;Sorriso;5103;Sinop;51014;Teles Pires;5103;MACRORREGIAO NORTE
5108600;Vila Rica;MT;Centro-Oeste;510014;Confresa - Vila Rica;5104;Barra do Garças;51003;Araguaia Xingu;5104;MACRORREGIAO LESTE
5108808;Nova Guarita;MT;Centro-Oeste;510007;Sinop;5103;Sinop;51010;Norte Matogrossense;5103;MACRORREGIAO NORTE
5108857;Nova Marilândia;MT;Centro-Oeste;510003;Diamantino;5101;Cuiabá;51007;Médio Norte Matogrossense;5106;MACRORREGIAO CENTRO-NOROESTE
5108907;Nova Maringá;MT;Centro-Oeste;510003;Diamantino;5101;Cuiabá;51004;Centro Norte;5106;MACRORREGIAO CENTRO-NOROESTE
5108956;Nova Monte Verde;MT;Centro-Oeste;510010;Alta Floresta;5103;Sinop;51001;Alto Tapajós;5103;MACRORREGIAO NORTE
5200050;Abadia de Goiás;GO;Centro-Oeste;520001;Goiânia;5201;Goiânia;52001;Central;5208;MACRORREGIAO CENTRO-OESTE
5200100;Abadiânia;GO;Centro-Oeste;520002;Anápolis;5201;Goiânia;52011;Pirineus;5209;MACRORREGIAO CENTRO-NORTE
5200134;Acreúna;GO;Centro-Oeste;520015;Palmeiras de Goiás;5204;São Luís de Montes Belos - Iporá;52015;Sudoeste I;5206;MACRORREGIAO SUDOESTE
5200159;Adelândia;GO;Centro-Oeste;520003;Inhumas - Itaberaí - Anicuns;5201;Goiânia;52010;Oeste II;5208;MACRORREGIAO CENTRO-OESTE
5200175;Água Fria de Goiás;GO;Centro-Oeste;520022;Flores de Goiás;5206;Luziânia - Águas Lindas de Goiás;52003;Entorno Norte;5207;MACRORREGIAO NORDESTE
5200209;Água Limpa;GO;Centro-Oeste;520008;Caldas Novas-Morrinhos;5202;Itumbiara;52017;Sul;5210;MACRORREGIAO CENTRO SUDESTE
5200258;Águas Lindas de Goiás;GO;Centro-Oeste;520020;Águas Lindas de Goiás;5206;Luziânia - Águas Lindas de Goiás;52004;Entorno Sul;5207;MACRORREGIAO NORDESTE
5200308;Alexânia;GO;Centro-Oeste;520002;Anápolis;5201;Goiânia;52011;Pirineus;5209;MACRORREGIAO CENTRO-NORTE
5200506;Aloândia;GO;Centro-Oeste;520007;Itumbiara;5202;Itumbiara;52017;Sul;5210;MACRORREGIAO CENTRO SUDESTE
5200555;Alto Horizonte;GO;Centro-Oeste;520017;Uruaçu - Niquelândia;5205;Porangatu - Uruaçu;52014;Serra da Mesa;5209;MACRORREGIAO CENTRO-NORTE
5200605;Alto Paraíso de Goiás;GO;Centro-Oeste;520022;Flores de Goiás;5206;Luziânia - Águas Lindas de Goiás;52003;Entorno Norte;5207;MACRORREGIAO NORDESTE
5200803;Alvorada do Norte;GO;Centro-Oeste;520021;Posse-Campos Belos;5206;Luziânia - Águas Lindas de Goiás;52007;Nordeste II;5207;MACRORREGIAO NORDESTE
5200829;Amaralina;GO;Centro-Oeste;520017;Uruaçu - Niquelândia;5205;Porangatu - Uruaçu;52014;Serra da Mesa;5209;MACRORREGIAO CENTRO-NORTE
5200852;Americano do Brasil;GO;Centro-Oeste;520003;Inhumas - Itaberaí - Anicuns;5201;Goiânia;52012;Rio Vermelho;5208;MACRORREGIAO CENTRO-OESTE
5200902;Amorinópolis;GO;Centro-Oeste;520014;Iporá;5204;São Luís de Montes Belos - Iporá;52009;Oeste I;5208;MACRORREGIAO CENTRO-OESTE
5201108;Anápolis;GO;Centro-Oeste;520002;Anápolis;5201;Goiânia;52011;Pirineus;5209;MACRORREGIAO CENTRO-NORTE
5201207;Anhanguera;GO;Centro-Oeste;520004;Catalão;5201;Goiânia;52005;Estrada de Ferro;5210;MACRORREGIAO CENTRO SUDESTE
5201306;Anicuns;GO;Centro-Oeste;520003;Inhumas - Itaberaí - Anicuns;5201;Goiânia;52001;Central;5208;MACRORREGIAO CENTRO-OESTE
5201405;Aparecida de Goiânia;GO;Centro-Oeste;520001;Goiânia;5201;Goiânia;52002;Centro Sul;5210;MACRORREGIAO CENTRO SUDESTE
5201454;Aparecida do Rio Doce;GO;Centro-Oeste;520010;Rio Verde;5203;Rio Verde;52015;Sudoeste I;5206;MACRORREGIAO SUDOESTE
5201504;Aporé;GO;Centro-Oeste;520011;Jataí-Mineiros;5203;Rio Verde;52016;Sudoeste II;5206;MACRORREGIAO SUDOESTE
5201603;Araçu;GO;Centro-Oeste;520003;Inhumas - Itaberaí - Anicuns;5201;Goiânia;52001;Central;5208;MACRORREGIAO CENTRO-OESTE
5201702;Aragarças;GO;Centro-Oeste;520014;Iporá;5204;São Luís de Montes Belos - Iporá;52009;Oeste I;5208;MACRORREGIAO CENTRO-OESTE
5201801;Aragoiânia;GO;Centro-Oeste;520001;Goiânia;5201;Goiânia;52002;Centro Sul;5210;MACRORREGIAO CENTRO SUDESTE
5202155;Araguapaz;GO;Centro-Oeste;520005;Goiás - Itapuranga;5201;Goiânia;52012;Rio Vermelho;5208;MACRORREGIAO CENTRO-OESTE
5202353;Arenópolis;GO;Centro-Oeste;520014;Iporá;5204;São Luís de Montes Belos - Iporá;52009;Oeste I;5208;MACRORREGIAO CENTRO-OESTE
5202502;Aruanã;GO;Centro-Oeste;520005;Goiás - Itapuranga;5201;Goiânia;52012;Rio Vermelho;5208;MACRORREGIAO CENTRO-OESTE
5202601;Aurilândia;GO;Centro-Oeste;520013;São Luís de Montes Belos;5204;São Luís de Montes Belos - Iporá;52010;Oeste II;5208;MACRORREGIAO CENTRO-OESTE
5202809;Avelinópolis;GO;Centro-Oeste;520003;Inhumas - Itaberaí - Anicuns;5201;Goiânia;52001;Central;5208;MACRORREGIAO CENTRO-OESTE
5203104;Baliza;GO;Centro-Oeste;520014;Iporá;5204;São Luís de Montes Belos - Iporá;52009;Oeste I;5208;MACRORREGIAO CENTRO-OESTE
5203203;Barro Alto;GO;Centro-Oeste;520018;Ceres - Rialma - Goianésia;5205;Porangatu - Uruaçu;52018;São Patrício II;5209;MACRORREGIAO CENTRO-NORTE
5203302;Bela Vista de Goiás;GO;Centro-Oeste;520001;Goiânia;5201;Goiânia;52002;Centro Sul;5210;MACRORREGIAO CENTRO SUDESTE
5203401;Bom Jardim de Goiás;GO;Centro-Oeste;520014;Iporá;5204;São Luís de Montes Belos - Iporá;52009;Oeste I;5208;MACRORREGIAO CENTRO-OESTE
5203500;Bom Jesus de Goiás;GO;Centro-Oeste;520007;Itumbiara;5202;Itumbiara;52017;Sul;5210;MACRORREGIAO CENTRO SUDESTE
5203559;Bonfinópolis;GO;Centro-Oeste;520001;Goiânia;5201;Goiânia;52002;Centro Sul;5210;MACRORREGIAO CENTRO SUDESTE
5203575;Bonópolis;GO;Centro-Oeste;520016;Porangatu;5205;Porangatu - Uruaçu;52008;Norte;5209;MACRORREGIAO CENTRO-NORTE
5203609;Brazabrantes;GO;Centro-Oeste;520001;Goiânia;5201;Goiânia;52001;Central;5208;MACRORREGIAO CENTRO-OESTE
5203807;Britânia;GO;Centro-Oeste;520005;Goiás - Itapuranga;5201;Goiânia;52012;Rio Vermelho;5208;MACRORREGIAO CENTRO-OESTE
5203906;Buriti Alegre;GO;Centro-Oeste;520007;Itumbiara;5202;Itumbiara;52017;Sul;5210;MACRORREGIAO CENTRO SUDESTE
5203939;Buriti de Goiás;GO;Centro-Oeste;520013;São Luís de Montes Belos;5204;São Luís de Montes Belos - Iporá;52010;Oeste II;5208;MACRORREGIAO CENTRO-OESTE
5203962;Buritinópolis;GO;Centro-Oeste;520021;Posse-Campos Belos;5206;Luziânia - Águas Lindas de Goiás;52007;Nordeste II;5207;MACRORREGIAO NORDESTE
5204003;Cabeceiras;GO;Centro-Oeste;520020;Águas Lindas de Goiás;5206;Luziânia - Águas Lindas de Goiás;52003;Entorno Norte;5207;MACRORREGIAO NORDESTE
5204102;Cachoeira Alta;GO;Centro-Oeste;520010;Rio Verde;5203;Rio Verde;52015;Sudoeste I;5206;MACRORREGIAO SUDOESTE
5204201;Cachoeira de Goiás;GO;Centro-Oeste;520013;São Luís de Montes Belos;5204;São Luís de Montes Belos - Iporá;52010;Oeste II;5208;MACRORREGIAO CENTRO-OESTE
5204250;Cachoeira Dourada;GO;Centro-Oeste;520007;Itumbiara;5202;Itumbiara;52017;Sul;5210;MACRORREGIAO CENTRO SUDESTE
5204300;Caçu;GO;Centro-Oeste;520010;Rio Verde;5203;Rio Verde;52015;Sudoeste I;5206;MACRORREGIAO SUDOESTE
5204409;Caiapônia;GO;Centro-Oeste;520011;Jataí-Mineiros;5203;Rio Verde;52016;Sudoeste II;5206;MACRORREGIAO SUDOESTE
5204508;Caldas Novas;GO;Centro-Oeste;520008;Caldas Novas-Morrinhos;5202;Itumbiara;52005;Estrada de Ferro;5210;MACRORREGIAO CENTRO SUDESTE
5204557;Caldazinha;GO;Centro-Oeste;520001;Goiânia;5201;Goiânia;52002;Centro Sul;5210;MACRORREGIAO CENTRO SUDESTE
5204607;Campestre de Goiás;GO;Centro-Oeste;520015;Palmeiras de Goiás;5204;São Luís de Montes Belos - Iporá;52001;Central;5208;MACRORREGIAO CENTRO-OESTE
5204656;Campinaçu;GO;Centro-Oeste;520016;Porangatu;5205;Porangatu - Uruaçu;52008;Norte;5209;MACRORREGIAO CENTRO-NORTE
5204706;Campinorte;GO;Centro-Oeste;520017;Uruaçu - Niquelândia;5205;Porangatu - Uruaçu;52014;Serra da Mesa;5209;MACRORREGIAO CENTRO-NORTE
5204805;Campo Alegre de Goiás;GO;Centro-Oeste;520004;Catalão;5201;Goiânia;52005;Estrada de Ferro;5210;MACRORREGIAO CENTRO SUDESTE
5204854;Campo Limpo de Goiás;GO;Centro-Oeste;520002;Anápolis;5201;Goiânia;52011;Pirineus;5209;MACRORREGIAO CENTRO-NORTE
5204904;Campos Belos;GO;Centro-Oeste;520021;Posse-Campos Belos;5206;Luziânia - Águas Lindas de Goiás;52006;Nordeste I;5207;MACRORREGIAO NORDESTE
5204953;Campos Verdes;GO;Centro-Oeste;520018;Ceres - Rialma - Goianésia;5205;Porangatu - Uruaçu;52013;São Patrício I;5209;MACRORREGIAO CENTRO-NORTE
5205000;Carmo do Rio Verde;GO;Centro-Oeste;520018;Ceres - Rialma - Goianésia;5205;Porangatu - Uruaçu;52013;São Patrício I;5209;MACRORREGIAO CENTRO-NORTE
5205059;Castelândia;GO;Centro-Oeste;520010;Rio Verde;5203;Rio Verde;52015;Sudoeste I;5206;MACRORREGIAO SUDOESTE
5205109;Catalão;GO;Centro-Oeste;520004;Catalão;5201;Goiânia;52005;Estrada de Ferro;5210;MACRORREGIAO CENTRO SUDESTE
5205208;Caturaí;GO;Centro-Oeste;520001;Goiânia;5201;Goiânia;52001;Central;5208;MACRORREGIAO CENTRO-OESTE
5205307;Cavalcante;GO;Centro-Oeste;520022;Flores de Goiás;5206;Luziânia - Águas Lindas de Goiás;52006;Nordeste I;5207;MACRORREGIAO NORDESTE
5205406;Ceres;GO;Centro-Oeste;520018;Ceres - Rialma - Goianésia;5205;Porangatu - Uruaçu;52013;São Patrício I;5209;MACRORREGIAO CENTRO-NORTE
5205455;Cezarina;GO;Centro-Oeste;520015;Palmeiras de Goiás;5204;São Luís de Montes Belos - Iporá;52002;Centro Sul;5210;MACRORREGIAO CENTRO SUDESTE
5205471;Chapadão do Céu;GO;Centro-Oeste;520011;Jataí-Mineiros;5203;Rio Verde;52016;Sudoeste II;5206;MACRORREGIAO SUDOESTE
5205497;Cidade Ocidental;GO;Centro-Oeste;520019;Luziânia;5206;Luziânia - Águas Lindas de Goiás;52004;Entorno Sul;5207;MACRORREGIAO NORDESTE
5205513;Cocalzinho de Goiás;GO;Centro-Oeste;520020;Águas Lindas de Goiás;5206;Luziânia - Águas Lindas de Goiás;52011;Pirineus;5209;MACRORREGIAO CENTRO-NORTE
5205521;Colinas do Sul;GO;Centro-Oeste;520017;Uruaçu - Niquelândia;5205;Porangatu - Uruaçu;52014;Serra da Mesa;5209;MACRORREGIAO CENTRO-NORTE
5205703;Córrego do Ouro;GO;Centro-Oeste;520013;São Luís de Montes Belos;5204;São Luís de Montes Belos - Iporá;52010;Oeste II;5208;MACRORREGIAO CENTRO-OESTE
5205802;Corumbá de Goiás;GO;Centro-Oeste;520002;Anápolis;5201;Goiânia;52011;Pirineus;5209;MACRORREGIAO CENTRO-NORTE
5205901;Corumbaíba;GO;Centro-Oeste;520008;Caldas Novas-Morrinhos;5202;Itumbiara;52005;Estrada de Ferro;5210;MACRORREGIAO CENTRO SUDESTE
5206206;Cristalina;GO;Centro-Oeste;520019;Luziânia;5206;Luziânia - Águas Lindas de Goiás;52004;Entorno Sul;5207;MACRORREGIAO NORDESTE
5206305;Cristianópolis;GO;Centro-Oeste;520009;Piracanjuba;5202;Itumbiara;52002;Centro Sul;5210;MACRORREGIAO CENTRO SUDESTE
5206404;Crixás;GO;Centro-Oeste;520018;Ceres - Rialma - Goianésia;5205;Porangatu - Uruaçu;52013;São Patrício I;5209;MACRORREGIAO CENTRO-NORTE
5206503;Cromínia;GO;Centro-Oeste;520009;Piracanjuba;5202;Itumbiara;52002;Centro Sul;5210;MACRORREGIAO CENTRO SUDESTE
5206602;Cumari;GO;Centro-Oeste;520004;Catalão;5201;Goiânia;52005;Estrada de Ferro;5210;MACRORREGIAO CENTRO SUDESTE
5206701;Damianópolis;GO;Centro-Oeste;520021;Posse-Campos Belos;5206;Luziânia - Águas Lindas de Goiás;52007;Nordeste II;5207;MACRORREGIAO NORDESTE
5206800;Damolândia;GO;Centro-Oeste;520003;Inhumas - Itaberaí - Anicuns;5201;Goiânia;52001;Central;5208;MACRORREGIAO CENTRO-OESTE
5206909;Davinópolis;GO;Centro-Oeste;520004;Catalão;5201;Goiânia;52005;Estrada de Ferro;5210;MACRORREGIAO CENTRO SUDESTE
5207105;Diorama;GO;Centro-Oeste;520014;Iporá;5204;São Luís de Montes Belos - Iporá;52009;Oeste I;5208;MACRORREGIAO CENTRO-OESTE
5207253;Doverlândia;GO;Centro-Oeste;520011;Jataí-Mineiros;5203;Rio Verde;52016;Sudoeste II;5206;MACRORREGIAO SUDOESTE
5207352;Edealina;GO;Centro-Oeste;520009;Piracanjuba;5202;Itumbiara;52002;Centro Sul;5210;MACRORREGIAO CENTRO SUDESTE
5207402;Edéia;GO;Centro-Oeste;520015;Palmeiras de Goiás;5204;São Luís de Montes Belos - Iporá;52002;Centro Sul;5210;MACRORREGIAO CENTRO SUDESTE
5207501;Estrela do Norte;GO;Centro-Oeste;520016;Porangatu;5205;Porangatu - Uruaçu;52008;Norte;5209;MACRORREGIAO CENTRO-NORTE
5207535;Faina;GO;Centro-Oeste;520005;Goiás - Itapuranga;5201;Goiânia;52012;Rio Vermelho;5208;MACRORREGIAO CENTRO-OESTE
5207600;Fazenda Nova;GO;Centro-Oeste;520013;São Luís de Montes Belos;5204;São Luís de Montes Belos - Iporá;52009;Oeste I;5208;MACRORREGIAO CENTRO-OESTE
5207808;Firminópolis;GO;Centro-Oeste;520015;Palmeiras de Goiás;5204;São Luís de Montes Belos - Iporá;52010;Oeste II;5208;MACRORREGIAO CENTRO-OESTE
5207907;Flores de Goiás;GO;Centro-Oeste;520022;Flores de Goiás;5206;Luziânia - Águas Lindas de Goiás;52003;Entorno Norte;5207;MACRORREGIAO NORDESTE
5208004;Formosa;GO;Centro-Oeste;520020;Águas Lindas de Goiás;5206;Luziânia - Águas Lindas de Goiás;52003;Entorno Norte;5207;MACRORREGIAO NORDESTE
5208103;Formoso;GO;Centro-Oeste;520016;Porangatu;5205;Porangatu - Uruaçu;52008;Norte;5209;MACRORREGIAO CENTRO-NORTE
5208152;Gameleira de Goiás;GO;Centro-Oeste;520002;Anápolis;5201;Goiânia;52011;Pirineus;5209;MACRORREGIAO CENTRO-NORTE
5208301;Divinópolis de Goiás;GO;Centro-Oeste;520021;Posse-Campos Belos;5206;Luziânia - Águas Lindas de Goiás;52006;Nordeste I;5207;MACRORREGIAO NORDESTE
5208400;Goianápolis;GO;Centro-Oeste;520002;Anápolis;5201;Goiânia;52011;Pirineus;5209;MACRORREGIAO CENTRO-NORTE
5208509;Goiandira;GO;Centro-Oeste;520004;Catalão;5201;Goiânia;52005;Estrada de Ferro;5210;MACRORREGIAO CENTRO SUDESTE
5208608;Goianésia;GO;Centro-Oeste;520018;Ceres - Rialma - Goianésia;5205;Porangatu - Uruaçu;52018;São Patrício II;5209;MACRORREGIAO CENTRO-NORTE
5208707;Goiânia;GO;Centro-Oeste;520001;Goiânia;5201;Goiânia;52001;Central;5208;MACRORREGIAO CENTRO-OESTE
5208806;Goianira;GO;Centro-Oeste;520001;Goiânia;5201;Goiânia;52001;Central;5208;MACRORREGIAO CENTRO-OESTE
5208905;Goiás;GO;Centro-Oeste;520005;Goiás - Itapuranga;5201;Goiânia;52012;Rio Vermelho;5208;MACRORREGIAO CENTRO-OESTE
5209101;Goiatuba;GO;Centro-Oeste;520007;Itumbiara;5202;Itumbiara;52017;Sul;5210;MACRORREGIAO CENTRO SUDESTE
5209150;Gouvelândia;GO;Centro-Oeste;520012;Quirinópolis;5203;Rio Verde;52017;Sul;5210;MACRORREGIAO CENTRO SUDESTE
5209200;Guapó;GO;Centro-Oeste;520001;Goiânia;5201;Goiânia;52001;Central;5208;MACRORREGIAO CENTRO-OESTE
5209291;Guaraíta;GO;Centro-Oeste;520005;Goiás - Itapuranga;5201;Goiânia;52012;Rio Vermelho;5208;MACRORREGIAO CENTRO-OESTE
5209408;Guarani de Goiás;GO;Centro-Oeste;520021;Posse-Campos Belos;5206;Luziânia - Águas Lindas de Goiás;52007;Nordeste II;5207;MACRORREGIAO NORDESTE
5209457;Guarinos;GO;Centro-Oeste;520018;Ceres - Rialma - Goianésia;5205;Porangatu - Uruaçu;52013;São Patrício I;5209;MACRORREGIAO CENTRO-NORTE
5209606;Heitoraí;GO;Centro-Oeste;520003;Inhumas - Itaberaí - Anicuns;5201;Goiânia;52012;Rio Vermelho;5208;MACRORREGIAO CENTRO-OESTE
5209705;Hidrolândia;GO;Centro-Oeste;520001;Goiânia;5201;Goiânia;52002;Centro Sul;5210;MACRORREGIAO CENTRO SUDESTE
5209804;Hidrolina;GO;Centro-Oeste;520017;Uruaçu - Niquelândia;5205;Porangatu - Uruaçu;52014;Serra da Mesa;5209;MACRORREGIAO CENTRO-NORTE
5209903;Iaciara;GO;Centro-Oeste;520021;Posse-Campos Belos;5206;Luziânia - Águas Lindas de Goiás;52007;Nordeste II;5207;MACRORREGIAO NORDESTE
5209937;Inaciolândia;GO;Centro-Oeste;520012;Quirinópolis;5203;Rio Verde;52017;Sul;5210;MACRORREGIAO CENTRO SUDESTE
5209952;Indiara;GO;Centro-Oeste;520015;Palmeiras de Goiás;5204;São Luís de Montes Belos - Iporá;52002;Centro Sul;5210;MACRORREGIAO CENTRO SUDESTE
5210000;Inhumas;GO;Centro-Oeste;520003;Inhumas - Itaberaí - Anicuns;5201;Goiânia;52001;Central;5208;MACRORREGIAO CENTRO-OESTE
5210109;Ipameri;GO;Centro-Oeste;520004;Catalão;5201;Goiânia;52005;Estrada de Ferro;5210;MACRORREGIAO CENTRO SUDESTE
5210158;Ipiranga de Goiás;GO;Centro-Oeste;520018;Ceres - Rialma - Goianésia;5205;Porangatu - Uruaçu;52013;São Patrício I;5209;MACRORREGIAO CENTRO-NORTE
5210208;Iporá;GO;Centro-Oeste;520014;Iporá;5204;São Luís de Montes Belos - Iporá;52009;Oeste I;5208;MACRORREGIAO CENTRO-OESTE
5210307;Israelândia;GO;Centro-Oeste;520014;Iporá;5204;São Luís de Montes Belos - Iporá;52009;Oeste I;5208;MACRORREGIAO CENTRO-OESTE
5210406;Itaberaí;GO;Centro-Oeste;520003;Inhumas - Itaberaí - Anicuns;5201;Goiânia;52012;Rio Vermelho;5208;MACRORREGIAO CENTRO-OESTE
5210562;Itaguari;GO;Centro-Oeste;520003;Inhumas - Itaberaí - Anicuns;5201;Goiânia;52001;Central;5208;MACRORREGIAO CENTRO-OESTE
5210604;Itaguaru;GO;Centro-Oeste;520003;Inhumas - Itaberaí - Anicuns;5201;Goiânia;52018;São Patrício II;5209;MACRORREGIAO CENTRO-NORTE
5210802;Itajá;GO;Centro-Oeste;520010;Rio Verde;5203;Rio Verde;52015;Sudoeste I;5206;MACRORREGIAO SUDOESTE
5210901;Itapaci;GO;Centro-Oeste;520018;Ceres - Rialma - Goianésia;5205;Porangatu - Uruaçu;52013;São Patrício I;5209;MACRORREGIAO CENTRO-NORTE
5211008;Itapirapuã;GO;Centro-Oeste;520005;Goiás - Itapuranga;5201;Goiânia;52012;Rio Vermelho;5208;MACRORREGIAO CENTRO-OESTE
5211206;Itapuranga;GO;Centro-Oeste;520005;Goiás - Itapuranga;5201;Goiânia;52012;Rio Vermelho;5208;MACRORREGIAO CENTRO-OESTE
5211305;Itarumã;GO;Centro-Oeste;520010;Rio Verde;5203;Rio Verde;52015;Sudoeste I;5206;MACRORREGIAO SUDOESTE
5211404;Itauçu;GO;Centro-Oeste;520003;Inhumas - Itaberaí - Anicuns;5201;Goiânia;52001;Central;5208;MACRORREGIAO CENTRO-OESTE
5211503;Itumbiara;GO;Centro-Oeste;520007;Itumbiara;5202;Itumbiara;52017;Sul;5210;MACRORREGIAO CENTRO SUDESTE
5211602;Ivolândia;GO;Centro-Oeste;520013;São Luís de Montes Belos;5204;São Luís de Montes Belos - Iporá;52009;Oeste I;5208;MACRORREGIAO CENTRO-OESTE
5211701;Jandaia;GO;Centro-Oeste;520015;Palmeiras de Goiás;5204;São Luís de Montes Belos - Iporá;52002;Centro Sul;5210;MACRORREGIAO CENTRO SUDESTE
5211800;Jaraguá;GO;Centro-Oeste;520002;Anápolis;5201;Goiânia;52018;São Patrício II;5209;MACRORREGIAO CENTRO-NORTE
5211909;Jataí;GO;Centro-Oeste;520011;Jataí-Mineiros;5203;Rio Verde;52016;Sudoeste II;5206;MACRORREGIAO SUDOESTE
5212006;Jaupaci;GO;Centro-Oeste;520014;Iporá;5204;São Luís de Montes Belos - Iporá;52009;Oeste I;5208;MACRORREGIAO CENTRO-OESTE
5212055;Jesúpolis;GO;Centro-Oeste;520002;Anápolis;5201;Goiânia;52001;Central;5208;MACRORREGIAO CENTRO-OESTE
5212105;Joviânia;GO;Centro-Oeste;520007;Itumbiara;5202;Itumbiara;52017;Sul;5210;MACRORREGIAO CENTRO SUDESTE
5212204;Jussara;GO;Centro-Oeste;520005;Goiás - Itapuranga;5201;Goiânia;52012;Rio Vermelho;5208;MACRORREGIAO CENTRO-OESTE
5212253;Lagoa Santa;GO;Centro-Oeste;520010;Rio Verde;5203;Rio Verde;52015;Sudoeste I;5206;MACRORREGIAO SUDOESTE
5212303;Leopoldo de Bulhões;GO;Centro-Oeste;520002;Anápolis;5201;Goiânia;52002;Centro Sul;5210;MACRORREGIAO CENTRO SUDESTE
5212501;Luziânia;GO;Centro-Oeste;520019;Luziânia;5206;Luziânia - Águas Lindas de Goiás;52004;Entorno Sul;5207;MACRORREGIAO NORDESTE
5212600;Mairipotaba;GO;Centro-Oeste;520009;Piracanjuba;5202;Itumbiara;52002;Centro Sul;5210;MACRORREGIAO CENTRO SUDESTE
5212709;Mambaí;GO;Centro-Oeste;520021;Posse-Campos Belos;5206;Luziânia - Águas Lindas de Goiás;52007;Nordeste II;5207;MACRORREGIAO NORDESTE
5212808;Mara Rosa;GO;Centro-Oeste;520017;Uruaçu - Niquelândia;5205;Porangatu - Uruaçu;52014;Serra da Mesa;5209;MACRORREGIAO CENTRO-NORTE
5212907;Marzagão;GO;Centro-Oeste;520008;Caldas Novas-Morrinhos;5202;Itumbiara;52005;Estrada de Ferro;5210;MACRORREGIAO CENTRO SUDESTE
5212956;Matrinchã;GO;Centro-Oeste;520005;Goiás - Itapuranga;5201;Goiânia;52012;Rio Vermelho;5208;MACRORREGIAO CENTRO-OESTE
5213004;Maurilândia;GO;Centro-Oeste;520010;Rio Verde;5203;Rio Verde;52015;Sudoeste I;5206;MACRORREGIAO SUDOESTE
5213053;Mimoso de Goiás;GO;Centro-Oeste;520020;Águas Lindas de Goiás;5206;Luziânia - Águas Lindas de Goiás;52018;São Patrício II;5209;MACRORREGIAO CENTRO-NORTE
5213087;Minaçu;GO;Centro-Oeste;520016;Porangatu;5205;Porangatu - Uruaçu;52008;Norte;5209;MACRORREGIAO CENTRO-NORTE
5213103;Mineiros;GO;Centro-Oeste;520011;Jataí-Mineiros;5203;Rio Verde;52016;Sudoeste II;5206;MACRORREGIAO SUDOESTE
5213400;Moiporá;GO;Centro-Oeste;520013;São Luís de Montes Belos;5204;São Luís de Montes Belos - Iporá;52009;Oeste I;5208;MACRORREGIAO CENTRO-OESTE
5213509;Monte Alegre de Goiás;GO;Centro-Oeste;520021;Posse-Campos Belos;5206;Luziânia - Águas Lindas de Goiás;52006;Nordeste I;5207;MACRORREGIAO NORDESTE
5213707;Montes Claros de Goiás;GO;Centro-Oeste;520014;Iporá;5204;São Luís de Montes Belos - Iporá;52009;Oeste I;5208;MACRORREGIAO CENTRO-OESTE
5213756;Montividiu;GO;Centro-Oeste;520010;Rio Verde;5203;Rio Verde;52015;Sudoeste I;5206;MACRORREGIAO SUDOESTE
5213772;Montividiu do Norte;GO;Centro-Oeste;520016;Porangatu;5205;Porangatu - Uruaçu;52008;Norte;5209;MACRORREGIAO CENTRO-NORTE
5213806;Morrinhos;GO;Centro-Oeste;520008;Caldas Novas-Morrinhos;5202;Itumbiara;52017;Sul;5210;MACRORREGIAO CENTRO SUDESTE
5213855;Morro Agudo de Goiás;GO;Centro-Oeste;520018;Ceres - Rialma - Goianésia;5205;Porangatu - Uruaçu;52013;São Patrício I;5209;MACRORREGIAO CENTRO-NORTE
5213905;Mossâmedes;GO;Centro-Oeste;520005;Goiás - Itapuranga;5201;Goiânia;52012;Rio Vermelho;5208;MACRORREGIAO CENTRO-OESTE
5214002;Mozarlândia;GO;Centro-Oeste;520005;Goiás - Itapuranga;5201;Goiânia;52012;Rio Vermelho;5208;MACRORREGIAO CENTRO-OESTE
5214051;Mundo Novo;GO;Centro-Oeste;520016;Porangatu;5205;Porangatu - Uruaçu;52008;Norte;5209;MACRORREGIAO CENTRO-NORTE
5214101;Mutunópolis;GO;Centro-Oeste;520016;Porangatu;5205;Porangatu - Uruaçu;52008;Norte;5209;MACRORREGIAO CENTRO-NORTE
5214408;Nazário;GO;Centro-Oeste;520015;Palmeiras de Goiás;5204;São Luís de Montes Belos - Iporá;52001;Central;5208;MACRORREGIAO CENTRO-OESTE
5214507;Nerópolis;GO;Centro-Oeste;520001;Goiânia;5201;Goiânia;52001;Central;5208;MACRORREGIAO CENTRO-OESTE
5214606;Niquelândia;GO;Centro-Oeste;520017;Uruaçu - Niquelândia;5205;Porangatu - Uruaçu;52014;Serra da Mesa;5209;MACRORREGIAO CENTRO-NORTE
5214705;Nova América;GO;Centro-Oeste;520018;Ceres - Rialma - Goianésia;5205;Porangatu - Uruaçu;52013;São Patrício I;5209;MACRORREGIAO CENTRO-NORTE
5214804;Nova Aurora;GO;Centro-Oeste;520004;Catalão;5201;Goiânia;52005;Estrada de Ferro;5210;MACRORREGIAO CENTRO SUDESTE
5214838;Nova Crixás;GO;Centro-Oeste;520005;Goiás - Itapuranga;5201;Goiânia;52012;Rio Vermelho;5208;MACRORREGIAO CENTRO-OESTE
5214861;Nova Glória;GO;Centro-Oeste;520018;Ceres - Rialma - Goianésia;5205;Porangatu - Uruaçu;52013;São Patrício I;5209;MACRORREGIAO CENTRO-NORTE
5214879;Nova Iguaçu de Goiás;GO;Centro-Oeste;520017;Uruaçu - Niquelândia;5205;Porangatu - Uruaçu;52014;Serra da Mesa;5209;MACRORREGIAO CENTRO-NORTE
5214903;Nova Roma;GO;Centro-Oeste;520021;Posse-Campos Belos;5206;Luziânia - Águas Lindas de Goiás;52007;Nordeste II;5207;MACRORREGIAO NORDESTE
5215009;Nova Veneza;GO;Centro-Oeste;520001;Goiânia;5201;Goiânia;52001;Central;5208;MACRORREGIAO CENTRO-OESTE
5215207;Novo Brasil;GO;Centro-Oeste;520005;Goiás - Itapuranga;5201;Goiânia;52009;Oeste I;5208;MACRORREGIAO CENTRO-OESTE
5215231;Novo Gama;GO;Centro-Oeste;520019;Luziânia;5206;Luziânia - Águas Lindas de Goiás;52004;Entorno Sul;5207;MACRORREGIAO NORDESTE
5215256;Novo Planalto;GO;Centro-Oeste;520016;Porangatu;5205;Porangatu - Uruaçu;52008;Norte;5209;MACRORREGIAO CENTRO-NORTE
5215306;Orizona;GO;Centro-Oeste;520006;Pires do Rio;5201;Goiânia;52002;Centro Sul;5210;MACRORREGIAO CENTRO SUDESTE
5215405;Ouro Verde de Goiás;GO;Centro-Oeste;520002;Anápolis;5201;Goiânia;52001;Central;5208;MACRORREGIAO CENTRO-OESTE
5215504;Ouvidor;GO;Centro-Oeste;520004;Catalão;5201;Goiânia;52005;Estrada de Ferro;5210;MACRORREGIAO CENTRO SUDESTE
5215603;Padre Bernardo;GO;Centro-Oeste;520020;Águas Lindas de Goiás;5206;Luziânia - Águas Lindas de Goiás;52018;São Patrício II;5209;MACRORREGIAO CENTRO-NORTE
5215652;Palestina de Goiás;GO;Centro-Oeste;520014;Iporá;5204;São Luís de Montes Belos - Iporá;52009;Oeste I;5208;MACRORREGIAO CENTRO-OESTE
5215702;Palmeiras de Goiás;GO;Centro-Oeste;520015;Palmeiras de Goiás;5204;São Luís de Montes Belos - Iporá;52010;Oeste II;5208;MACRORREGIAO CENTRO-OESTE
5215801;Palmelo;GO;Centro-Oeste;520006;Pires do Rio;5201;Goiânia;52005;Estrada de Ferro;5210;MACRORREGIAO CENTRO SUDESTE
5215900;Palminópolis;GO;Centro-Oeste;520015;Palmeiras de Goiás;5204;São Luís de Montes Belos - Iporá;52010;Oeste II;5208;MACRORREGIAO CENTRO-OESTE
5216007;Panamá;GO;Centro-Oeste;520007;Itumbiara;5202;Itumbiara;52017;Sul;5210;MACRORREGIAO CENTRO SUDESTE
5216304;Paranaiguara;GO;Centro-Oeste;520012;Quirinópolis;5203;Rio Verde;52015;Sudoeste I;5206;MACRORREGIAO SUDOESTE
5216403;Paraúna;GO;Centro-Oeste;520015;Palmeiras de Goiás;5204;São Luís de Montes Belos - Iporá;52010;Oeste II;5208;MACRORREGIAO CENTRO-OESTE
5216452;Perolândia;GO;Centro-Oeste;520011;Jataí-Mineiros;5203;Rio Verde;52016;Sudoeste II;5206;MACRORREGIAO SUDOESTE
5216809;Petrolina de Goiás;GO;Centro-Oeste;520002;Anápolis;5201;Goiânia;52001;Central;5208;MACRORREGIAO CENTRO-OESTE
5216908;Pilar de Goiás;GO;Centro-Oeste;520018;Ceres - Rialma - Goianésia;5205;Porangatu - Uruaçu;52013;São Patrício I;5209;MACRORREGIAO CENTRO-NORTE
5217104;Piracanjuba;GO;Centro-Oeste;520009;Piracanjuba;5202;Itumbiara;52002;Centro Sul;5210;MACRORREGIAO CENTRO SUDESTE
5217203;Piranhas;GO;Centro-Oeste;520014;Iporá;5204;São Luís de Montes Belos - Iporá;52009;Oeste I;5208;MACRORREGIAO CENTRO-OESTE
5217302;Pirenópolis;GO;Centro-Oeste;520002;Anápolis;5201;Goiânia;52011;Pirineus;5209;MACRORREGIAO CENTRO-NORTE
5217401;Pires do Rio;GO;Centro-Oeste;520006;Pires do Rio;5201;Goiânia;52005;Estrada de Ferro;5210;MACRORREGIAO CENTRO SUDESTE
5217609;Planaltina;GO;Centro-Oeste;520020;Águas Lindas de Goiás;5206;Luziânia - Águas Lindas de Goiás;52003;Entorno Norte;5207;MACRORREGIAO NORDESTE
5217708;Pontalina;GO;Centro-Oeste;520009;Piracanjuba;5202;Itumbiara;52002;Centro Sul;5210;MACRORREGIAO CENTRO SUDESTE
5218003;Porangatu;GO;Centro-Oeste;520016;Porangatu;5205;Porangatu - Uruaçu;52008;Norte;5209;MACRORREGIAO CENTRO-NORTE
5218052;Porteirão;GO;Centro-Oeste;520010;Rio Verde;5203;Rio Verde;52015;Sudoeste I;5206;MACRORREGIAO SUDOESTE
5218102;Portelândia;GO;Centro-Oeste;520011;Jataí-Mineiros;5203;Rio Verde;52016;Sudoeste II;5206;MACRORREGIAO SUDOESTE
5218300;Posse;GO;Centro-Oeste;520021;Posse-Campos Belos;5206;Luziânia - Águas Lindas de Goiás;52007;Nordeste II;5207;MACRORREGIAO NORDESTE
5218391;Professor Jamil;GO;Centro-Oeste;520009;Piracanjuba;5202;Itumbiara;52002;Centro Sul;5210;MACRORREGIAO CENTRO SUDESTE
5218508;Quirinópolis;GO;Centro-Oeste;520012;Quirinópolis;5203;Rio Verde;52015;Sudoeste I;5206;MACRORREGIAO SUDOESTE
5218607;Rialma;GO;Centro-Oeste;520018;Ceres - Rialma - Goianésia;5205;Porangatu - Uruaçu;52013;São Patrício I;5209;MACRORREGIAO CENTRO-NORTE
5218706;Rianápolis;GO;Centro-Oeste;520018;Ceres - Rialma - Goianésia;5205;Porangatu - Uruaçu;52013;São Patrício I;5209;MACRORREGIAO CENTRO-NORTE
5218789;Rio Quente;GO;Centro-Oeste;520008;Caldas Novas-Morrinhos;5202;Itumbiara;52005;Estrada de Ferro;5210;MACRORREGIAO CENTRO SUDESTE
5218805;Rio Verde;GO;Centro-Oeste;520010;Rio Verde;5203;Rio Verde;52015;Sudoeste I;5206;MACRORREGIAO SUDOESTE
5218904;Rubiataba;GO;Centro-Oeste;520018;Ceres - Rialma - Goianésia;5205;Porangatu - Uruaçu;52013;São Patrício I;5209;MACRORREGIAO CENTRO-NORTE
5219001;Sanclerlândia;GO;Centro-Oeste;520013;São Luís de Montes Belos;5204;São Luís de Montes Belos - Iporá;52010;Oeste II;5208;MACRORREGIAO CENTRO-OESTE
5219100;Santa Bárbara de Goiás;GO;Centro-Oeste;520015;Palmeiras de Goiás;5204;São Luís de Montes Belos - Iporá;52001;Central;5208;MACRORREGIAO CENTRO-OESTE
5219209;Santa Cruz de Goiás;GO;Centro-Oeste;520006;Pires do Rio;5201;Goiânia;52005;Estrada de Ferro;5210;MACRORREGIAO CENTRO SUDESTE
5219258;Santa Fé de Goiás;GO;Centro-Oeste;520005;Goiás - Itapuranga;5201;Goiânia;52012;Rio Vermelho;5208;MACRORREGIAO CENTRO-OESTE
5219308;Santa Helena de Goiás;GO;Centro-Oeste;520010;Rio Verde;5203;Rio Verde;52015;Sudoeste I;5206;MACRORREGIAO SUDOESTE
5219357;Santa Isabel;GO;Centro-Oeste;520018;Ceres - Rialma - Goianésia;5205;Porangatu - Uruaçu;52013;São Patrício I;5209;MACRORREGIAO CENTRO-NORTE
5219407;Santa Rita do Araguaia;GO;Centro-Oeste;520011;Jataí-Mineiros;5203;Rio Verde;52016;Sudoeste II;5206;MACRORREGIAO SUDOESTE
5219456;Santa Rita do Novo Destino;GO;Centro-Oeste;520018;Ceres - Rialma - Goianésia;5205;Porangatu - Uruaçu;52018;São Patrício II;5209;MACRORREGIAO CENTRO-NORTE
5219506;Santa Rosa de Goiás;GO;Centro-Oeste;520002;Anápolis;5201;Goiânia;52001;Central;5208;MACRORREGIAO CENTRO-OESTE
5219605;Santa Tereza de Goiás;GO;Centro-Oeste;520016;Porangatu;5205;Porangatu - Uruaçu;52008;Norte;5209;MACRORREGIAO CENTRO-NORTE
5219704;Santa Terezinha de Goiás;GO;Centro-Oeste;520018;Ceres - Rialma - Goianésia;5205;Porangatu - Uruaçu;52013;São Patrício I;5209;MACRORREGIAO CENTRO-NORTE
5219712;Santo Antônio da Barra;GO;Centro-Oeste;520010;Rio Verde;5203;Rio Verde;52015;Sudoeste I;5206;MACRORREGIAO SUDOESTE
5219738;Santo Antônio de Goiás;GO;Centro-Oeste;520001;Goiânia;5201;Goiânia;52001;Central;5208;MACRORREGIAO CENTRO-OESTE
5219753;Santo Antônio do Descoberto;GO;Centro-Oeste;520019;Luziânia;5206;Luziânia - Águas Lindas de Goiás;52004;Entorno Sul;5207;MACRORREGIAO NORDESTE
5219803;São Domingos;GO;Centro-Oeste;520021;Posse-Campos Belos;5206;Luziânia - Águas Lindas de Goiás;52007;Nordeste II;5207;MACRORREGIAO NORDESTE
5219902;São Francisco de Goiás;GO;Centro-Oeste;520002;Anápolis;5201;Goiânia;52001;Central;5208;MACRORREGIAO CENTRO-OESTE
5220009;São João d'Aliança;GO;Centro-Oeste;520022;Flores de Goiás;5206;Luziânia - Águas Lindas de Goiás;52003;Entorno Norte;5207;MACRORREGIAO NORDESTE
5220058;São João da Paraúna;GO;Centro-Oeste;520015;Palmeiras de Goiás;5204;São Luís de Montes Belos - Iporá;52010;Oeste II;5208;MACRORREGIAO CENTRO-OESTE
5220108;São Luís de Montes Belos;GO;Centro-Oeste;520013;São Luís de Montes Belos;5204;São Luís de Montes Belos - Iporá;52010;Oeste II;5208;MACRORREGIAO CENTRO-OESTE
5220157;São Luiz do Norte;GO;Centro-Oeste;520017;Uruaçu - Niquelândia;5205;Porangatu - Uruaçu;52013;São Patrício I;5209;MACRORREGIAO CENTRO-NORTE
5220207;São Miguel do Araguaia;GO;Centro-Oeste;520016;Porangatu;5205;Porangatu - Uruaçu;52008;Norte;5209;MACRORREGIAO CENTRO-NORTE
5220264;São Miguel do Passa Quatro;GO;Centro-Oeste;520002;Anápolis;5201;Goiânia;52002;Centro Sul;5210;MACRORREGIAO CENTRO SUDESTE
5220280;São Patrício;GO;Centro-Oeste;520018;Ceres - Rialma - Goianésia;5205;Porangatu - Uruaçu;52013;São Patrício I;5209;MACRORREGIAO CENTRO-NORTE
5220405;São Simão;GO;Centro-Oeste;520012;Quirinópolis;5203;Rio Verde;52015;Sudoeste I;5206;MACRORREGIAO SUDOESTE
5220454;Senador Canedo;GO;Centro-Oeste;520001;Goiânia;5201;Goiânia;52002;Centro Sul;5210;MACRORREGIAO CENTRO SUDESTE
5220504;Serranópolis;GO;Centro-Oeste;520011;Jataí-Mineiros;5203;Rio Verde;52016;Sudoeste II;5206;MACRORREGIAO SUDOESTE
5220603;Silvânia;GO;Centro-Oeste;520002;Anápolis;5201;Goiânia;52002;Centro Sul;5210;MACRORREGIAO CENTRO SUDESTE
5220686;Simolândia;GO;Centro-Oeste;520021;Posse-Campos Belos;5206;Luziânia - Águas Lindas de Goiás;52007;Nordeste II;5207;MACRORREGIAO NORDESTE
5220702;Sítio d'Abadia;GO;Centro-Oeste;520021;Posse-Campos Belos;5206;Luziânia - Águas Lindas de Goiás;52007;Nordeste II;5207;MACRORREGIAO NORDESTE
5221007;Taquaral de Goiás;GO;Centro-Oeste;520003;Inhumas - Itaberaí - Anicuns;5201;Goiânia;52001;Central;5208;MACRORREGIAO CENTRO-OESTE
5221080;Teresina de Goiás;GO;Centro-Oeste;520022;Flores de Goiás;5206;Luziânia - Águas Lindas de Goiás;52006;Nordeste I;5207;MACRORREGIAO NORDESTE
5221197;Terezópolis de Goiás;GO;Centro-Oeste;520001;Goiânia;5201;Goiânia;52011;Pirineus;5209;MACRORREGIAO CENTRO-NORTE
5221304;Três Ranchos;GO;Centro-Oeste;520004;Catalão;5201;Goiânia;52005;Estrada de Ferro;5210;MACRORREGIAO CENTRO SUDESTE
5221403;Trindade;GO;Centro-Oeste;520001;Goiânia;5201;Goiânia;52001;Central;5208;MACRORREGIAO CENTRO-OESTE
5221452;Trombas;GO;Centro-Oeste;520016;Porangatu;5205;Porangatu - Uruaçu;52008;Norte;5209;MACRORREGIAO CENTRO-NORTE
5221502;Turvânia;GO;Centro-Oeste;520015;Palmeiras de Goiás;5204;São Luís de Montes Belos - Iporá;52010;Oeste II;5208;MACRORREGIAO CENTRO-OESTE
5221551;Turvelândia;GO;Centro-Oeste;520010;Rio Verde;5203;Rio Verde;52015;Sudoeste I;5206;MACRORREGIAO SUDOESTE
5221577;Uirapuru;GO;Centro-Oeste;520018;Ceres - Rialma - Goianésia;5205;Porangatu - Uruaçu;52013;São Patrício I;5209;MACRORREGIAO CENTRO-NORTE
5221601;Uruaçu;GO;Centro-Oeste;520017;Uruaçu - Niquelândia;5205;Porangatu - Uruaçu;52014;Serra da Mesa;5209;MACRORREGIAO CENTRO-NORTE
5221700;Uruana;GO;Centro-Oeste;520018;Ceres - Rialma - Goianésia;5205;Porangatu - Uruaçu;52013;São Patrício I;5209;MACRORREGIAO CENTRO-NORTE
5221809;Urutaí;GO;Centro-Oeste;520006;Pires do Rio;5201;Goiânia;52005;Estrada de Ferro;5210;MACRORREGIAO CENTRO SUDESTE
5221858;Valparaíso de Goiás;GO;Centro-Oeste;520019;Luziânia;5206;Luziânia - Águas Lindas de Goiás;52004;Entorno Sul;5207;MACRORREGIAO NORDESTE
5221908;Varjão;GO;Centro-Oeste;520001;Goiânia;5201;Goiânia;52002;Centro Sul;5210;MACRORREGIAO CENTRO SUDESTE
5222005;Vianópolis;GO;Centro-Oeste;520002;Anápolis;5201;Goiânia;52002;Centro Sul;5210;MACRORREGIAO CENTRO SUDESTE
5222054;Vicentinópolis;GO;Centro-Oeste;520009;Piracanjuba;5202;Itumbiara;52002;Centro Sul;5210;MACRORREGIAO CENTRO SUDESTE
5222203;Vila Boa;GO;Centro-Oeste;520022;Flores de Goiás;5206;Luziânia - Águas Lindas de Goiás;52003;Entorno Norte;5207;MACRORREGIAO NORDESTE
5222302;Vila Propício;GO;Centro-Oeste;520018;Ceres - Rialma - Goianésia;5205;Porangatu - Uruaçu;52018;São Patrício II;5209;MACRORREGIAO CENTRO-NORTE
5300108;Brasília;DF;Centro-Oeste;530001;Distrito Federal;5301;Distrito Federal;53001;Distrito Federal;5302;DISTRITO FEDERAL
